Entity,Code,Day,cum_excess_per_million_proj_all_ages
Albania,ALB,2020-01-31,-86.22703
Albania,ALB,2020-02-29,-66.553856
Albania,ALB,2020-03-31,-57.554417
Albania,ALB,2020-04-30,-33.137375
Albania,ALB,2020-05-31,8.022785
Albania,ALB,2020-06-30,65.57725
Albania,ALB,2020-07-31,210.26569
Albania,ALB,2020-08-31,482.82965
Albania,ALB,2020-09-30,644.61005
Albania,ALB,2020-10-31,906.9188
Albania,ALB,2020-11-30,1640.6161
Albania,ALB,2020-12-31,2027.4518
Albania,ALB,2021-01-31,2236.5845
Albania,ALB,2021-02-28,2872.726
Albania,ALB,2021-03-31,3392.709
Albania,ALB,2021-04-30,3634.2747
Albania,ALB,2021-05-31,3702.0923
Albania,ALB,2021-06-30,3776.5657
Albania,ALB,2021-07-31,3802.2776
Albania,ALB,2021-08-31,3938.894
Albania,ALB,2021-09-30,4286.5303
Albania,ALB,2021-10-31,4606.2124
Albania,ALB,2021-11-30,4872.439
Albania,ALB,2021-12-31,5133.621
Albania,ALB,2022-01-31,5464.5186
Albania,ALB,2022-02-28,5753.5435
Albania,ALB,2022-03-31,5783.4136
Albania,ALB,2022-04-30,5778.523
Albania,ALB,2022-05-31,5780.669
Albania,ALB,2022-06-30,5804.6284
Albania,ALB,2022-07-31,5892.1978
Albania,ALB,2022-08-31,5970.1274
Albania,ALB,2022-09-30,5977.832
Albania,ALB,2022-10-31,5988.4224
Albania,ALB,2022-11-30,5968.896
Albania,ALB,2022-12-31,5970.3384
Albania,ALB,2023-01-31,5903.773
Albania,ALB,2023-02-28,5886.509
Albania,ALB,2023-03-31,5820.6646
Albania,ALB,2023-04-30,5802.1997
Albania,ALB,2023-05-31,5810.92
Albania,ALB,2023-06-30,5805.8716
Albania,ALB,2023-07-31,5898.5474
Albania,ALB,2023-08-31,5911.999
Albania,ALB,2023-09-30,5952.4233
Albania,ALB,2023-10-31,5960.4375
Albania,ALB,2023-11-30,5938.5835
Albania,ALB,2023-12-31,5870.339
Algeria,DZA,2020-01-31,2.280686
Algeria,DZA,2020-02-29,2.3174994
Algeria,DZA,2020-03-31,5.0009317
Algeria,DZA,2020-04-30,13.345827
Algeria,DZA,2020-05-31,7.514051
Algeria,DZA,2020-06-30,104.57821
Algeria,DZA,2020-07-31,534.33386
Algeria,DZA,2020-08-31,735.249
Algeria,DZA,2020-09-30,806.3418
Algeria,DZA,2020-10-31,898.00916
Algeria,DZA,2020-11-30,1160.4294
Algeria,DZA,2020-12-31,1273.3618
Algeria,DZA,2021-01-31,1258.5504
Algeria,DZA,2021-02-28,1226.7246
Algeria,DZA,2021-03-31,1229.5994
Algeria,DZA,2021-04-30,1242.1621
Algeria,DZA,2021-05-31,1272.8562
Algeria,DZA,2021-06-30,1341.6235
Algeria,DZA,2021-07-31,1749.8135
Algeria,DZA,2021-08-31,2441.5044
Algeria,DZA,2021-09-30,2578.1902
Algeria,DZA,2021-10-31,2623.0654
Algeria,DZA,2021-11-30,2678.772
Algeria,DZA,2021-12-31,2801.8086
Algeria,DZA,2022-01-31,2931.9316
Algeria,DZA,2022-02-28,3041.133
Algeria,DZA,2022-03-31,3022.081
Algeria,DZA,2022-04-30,2990.8918
Algeria,DZA,2022-05-31,2982.3066
Algeria,DZA,2022-06-30,2963.6555
Algeria,DZA,2022-07-31,2961.0833
Algeria,DZA,2022-08-31,2969.6572
Algeria,DZA,2022-09-30,2957.52
Algeria,DZA,2022-10-31,2939.303
Algeria,DZA,2022-11-30,2945.1267
Algeria,DZA,2022-12-31,2952.565
Algeria,DZA,2023-01-31,2888.9775
Algeria,DZA,2023-02-28,2852.0288
Algeria,DZA,2023-03-31,2823.9604
Algeria,DZA,2023-04-30,2801.9658
Algeria,DZA,2023-05-31,2777.0986
Algeria,DZA,2023-06-30,2744.5354
Algeria,DZA,2023-07-31,2818.3823
Algeria,DZA,2023-08-31,2806.8796
Algeria,DZA,2023-09-30,2790.509
Algeria,DZA,2023-10-31,2769.0078
Algeria,DZA,2023-11-30,2750.1926
Algeria,DZA,2023-12-31,2765.3525
Andorra,AND,2020-01-31,-7.719703
Andorra,AND,2020-02-29,108.07613
Andorra,AND,2020-03-31,205.85927
Andorra,AND,2020-04-30,663.8962
Andorra,AND,2020-05-31,849.1695
Andorra,AND,2020-06-30,851.74274
Andorra,AND,2020-07-31,872.3287
Andorra,AND,2020-08-31,792.55817
Andorra,AND,2020-09-30,815.71735
Andorra,AND,2020-10-31,1119.3597
Andorra,AND,2020-11-30,1026.7231
Andorra,AND,2020-12-31,1152.8119
Andorra,AND,2021-01-31,1347.1293
Andorra,AND,2021-02-28,1441.9976
Andorra,AND,2021-03-31,1354.7188
Andorra,AND,2021-04-30,1583.6675
Andorra,AND,2021-05-31,1708.8936
Andorra,AND,2021-06-30,1616.5552
Andorra,AND,2021-07-31,1630.4691
Andorra,AND,2021-08-31,1659.5621
Andorra,AND,2021-09-30,1663.3568
Andorra,AND,2021-10-31,1651.9727
Andorra,AND,2021-11-30,1643.1183
Andorra,AND,2021-12-31,1773.4039
Antigua and Barbuda,ATG,2020-01-31,33.451294
Antigua and Barbuda,ATG,2020-02-29,-58.270042
Antigua and Barbuda,ATG,2020-03-31,-57.190987
Antigua and Barbuda,ATG,2020-04-30,-60.4282
Antigua and Barbuda,ATG,2020-05-31,-50.716515
Antigua and Barbuda,ATG,2020-06-30,-148.91228
Antigua and Barbuda,ATG,2020-07-31,-160.78209
Antigua and Barbuda,ATG,2020-08-31,-323.72232
Antigua and Barbuda,ATG,2020-09-30,-404.65292
Antigua and Barbuda,ATG,2020-10-31,-474.7928
Antigua and Barbuda,ATG,2020-11-30,-514.71857
Antigua and Barbuda,ATG,2020-12-31,-623.7051
Antigua and Barbuda,ATG,2021-01-31,-540.60425
Antigua and Barbuda,ATG,2021-02-28,-424.76047
Antigua and Barbuda,ATG,2021-03-31,-495.5539
Antigua and Barbuda,ATG,2021-04-30,-506.28015
Antigua and Barbuda,ATG,2021-05-31,-579.2188
Antigua and Barbuda,ATG,2021-06-30,-727.24146
Antigua and Barbuda,ATG,2021-07-31,-660.7385
Antigua and Barbuda,ATG,2021-08-31,-808.7611
Antigua and Barbuda,ATG,2021-09-30,-274.59256
Antigua and Barbuda,ATG,2021-10-31,-619.9787
Antigua and Barbuda,ATG,2021-11-30,-517.0064
Antigua and Barbuda,ATG,2021-12-31,-654.30273
Argentina,ARG,2020-01-31,-15.021306
Argentina,ARG,2020-02-29,-3.3173525
Argentina,ARG,2020-03-31,-2.6978397
Argentina,ARG,2020-04-30,-26.13463
Argentina,ARG,2020-05-31,-81.634636
Argentina,ARG,2020-06-30,-189.7014
Argentina,ARG,2020-07-31,-171.22957
Argentina,ARG,2020-08-31,-53.62373
Argentina,ARG,2020-09-30,195.67665
Argentina,ARG,2020-10-31,478.67007
Argentina,ARG,2020-11-30,684.8183
Argentina,ARG,2020-12-31,801.76245
Argentina,ARG,2021-01-31,978.80176
Argentina,ARG,2021-02-28,1102.9581
Argentina,ARG,2021-03-31,1236.0991
Argentina,ARG,2021-04-30,1547.2697
Argentina,ARG,2021-05-31,2037.8699
Argentina,ARG,2021-06-30,2435.853
Argentina,ARG,2021-07-31,2646.5173
Argentina,ARG,2021-08-31,2762.2676
Argentina,ARG,2021-09-30,2765.532
Argentina,ARG,2021-10-31,2784.3538
Argentina,ARG,2021-11-30,2820.7832
Argentina,ARG,2021-12-31,2887.6165
Argentina,ARG,2022-01-31,3354.0105
Argentina,ARG,2022-02-28,3576.5466
Argentina,ARG,2022-03-31,3681.3252
Argentina,ARG,2022-04-30,3769.9006
Argentina,ARG,2022-05-31,3826.2197
Argentina,ARG,2022-06-30,3875.081
Argentina,ARG,2022-07-31,3907.2607
Argentina,ARG,2022-08-31,3925.061
Argentina,ARG,2022-09-30,3936.2695
Argentina,ARG,2022-10-31,3972.7117
Argentina,ARG,2022-11-30,4023.309
Argentina,ARG,2022-12-31,4112.5483
Argentina,ARG,2023-01-31,4160.6187
Argentina,ARG,2023-02-28,4180.89
Argentina,ARG,2023-03-31,4227.6787
Argentina,ARG,2023-04-30,4278.0635
Argentina,ARG,2023-05-31,4290.5005
Argentina,ARG,2023-06-30,4281.825
Argentina,ARG,2023-07-31,4261.196
Argentina,ARG,2023-08-31,4246.7183
Argentina,ARG,2023-09-30,4255.179
Argentina,ARG,2023-10-31,4261.3335
Argentina,ARG,2023-11-30,4287.984
Argentina,ARG,2023-12-31,4347.6143
Armenia,ARM,2020-01-31,-6.7364683
Armenia,ARM,2020-02-29,62.945347
Armenia,ARM,2020-03-31,55.85245
Armenia,ARM,2020-04-30,83.40441
Armenia,ARM,2020-05-31,79.94707
Armenia,ARM,2020-06-30,412.31686
Armenia,ARM,2020-07-31,665.0605
Armenia,ARM,2020-08-31,723.693
Armenia,ARM,2020-09-30,856.3201
Armenia,ARM,2020-10-31,1447.4572
Armenia,ARM,2020-11-30,2832.147
Armenia,ARM,2020-12-31,3572.8416
Armenia,ARM,2021-01-31,3761.5225
Armenia,ARM,2021-02-28,3842.7488
Armenia,ARM,2021-03-31,4048.8777
Armenia,ARM,2021-04-30,4525.2354
Armenia,ARM,2021-05-31,4728.5693
Armenia,ARM,2021-06-30,4872.1396
Armenia,ARM,2021-07-31,4974.004
Armenia,ARM,2021-08-31,5098.2256
Armenia,ARM,2021-09-30,5433.7
Armenia,ARM,2021-10-31,5983.939
Armenia,ARM,2021-11-30,6861.4473
Armenia,ARM,2021-12-31,7123.4707
Armenia,ARM,2022-01-31,7216.7603
Armenia,ARM,2022-02-28,7610.5786
Armenia,ARM,2022-03-31,7778.032
Armenia,ARM,2022-04-30,7781.1973
Armenia,ARM,2022-05-31,7810.6167
Armenia,ARM,2022-06-30,7823.924
Armenia,ARM,2022-07-31,7807.236
Armenia,ARM,2022-08-31,7864.4204
Armenia,ARM,2022-09-30,8033.3125
Armenia,ARM,2022-10-31,8070.3564
Armenia,ARM,2022-11-30,8061.1494
Armenia,ARM,2022-12-31,8041.9443
Armenia,ARM,2023-01-31,8067.4624
Armenia,ARM,2023-02-28,8052.7754
Armenia,ARM,2023-03-31,8072.142
Armenia,ARM,2023-04-30,8077.1816
Armenia,ARM,2023-05-31,8082.221
Armenia,ARM,2023-06-30,8074.374
Armenia,ARM,2023-07-31,8047.3037
Armenia,ARM,2023-08-31,8168.327
Armenia,ARM,2023-09-30,8232.331
Armenia,ARM,2023-10-31,8309.077
Armenia,ARM,2023-11-30,8308.573
Armenia,ARM,2023-12-31,8289.0625
Aruba,ABW,2020-01-31,106.00673
Aruba,ABW,2020-02-29,91.935036
Aruba,ABW,2020-03-31,242.97118
Aruba,ABW,2020-04-30,249.53796
Aruba,ABW,2020-05-31,107.88296
Aruba,ABW,2020-06-30,183.87007
Aruba,ABW,2020-07-31,113.51162
Aruba,ABW,2020-08-31,185.7463
Aruba,ABW,2020-09-30,473.74692
Aruba,ABW,2020-10-31,621.03064
Aruba,ABW,2020-11-30,605.0827
Aruba,ABW,2020-12-31,570.3725
Aruba,ABW,2021-01-31,674.84485
Aruba,ABW,2021-02-28,959.23706
Aruba,ABW,2021-03-31,1174.1738
Aruba,ABW,2021-04-30,1516.7584
Aruba,ABW,2021-05-31,1589.0298
Aruba,ABW,2021-06-30,1531.7759
Aruba,ABW,2021-07-31,1684.7657
Aruba,ABW,2021-08-31,2299.541
Aruba,ABW,2021-09-30,2689.0552
Aruba,ABW,2021-10-31,3050.4116
Aruba,ABW,2021-11-30,3239.0679
Aruba,ABW,2021-12-31,3305.7075
Australia,AUS,2020-01-05,-1.6049812
Australia,AUS,2020-01-12,-3.9267566
Australia,AUS,2020-01-19,-4.6123843
Australia,AUS,2020-01-26,-1.2154317
Australia,AUS,2020-02-02,-0.5142255
Australia,AUS,2020-02-09,-0.96611774
Australia,AUS,2020-02-16,3.5917227
Australia,AUS,2020-02-23,6.9497194
Australia,AUS,2020-03-01,12.512624
Australia,AUS,2020-03-08,12.9567175
Australia,AUS,2020-03-15,15.013591
Australia,AUS,2020-03-22,20.327171
Australia,AUS,2020-03-29,26.848387
Australia,AUS,2020-04-05,35.57451
Australia,AUS,2020-04-12,39.493477
Australia,AUS,2020-04-19,41.08288
Australia,AUS,2020-04-26,41.589306
Australia,AUS,2020-05-03,40.155724
Australia,AUS,2020-05-10,39.15845
Australia,AUS,2020-05-17,37.896282
Australia,AUS,2020-05-24,36.018612
Australia,AUS,2020-05-31,32.076275
Australia,AUS,2020-06-07,22.874893
Australia,AUS,2020-06-14,16.322514
Australia,AUS,2020-06-21,6.1316457
Australia,AUS,2020-06-28,-6.4121547
Australia,AUS,2020-07-05,-15.629125
Australia,AUS,2020-07-12,-24.931795
Australia,AUS,2020-07-19,-37.397682
Australia,AUS,2020-07-26,-45.67971
Australia,AUS,2020-08-02,-51.50752
Australia,AUS,2020-08-09,-56.33805
Australia,AUS,2020-08-16,-59.97653
Australia,AUS,2020-08-23,-70.985466
Australia,AUS,2020-08-30,-83.31891
Australia,AUS,2020-09-06,-92.73066
Australia,AUS,2020-09-13,-101.06722
Australia,AUS,2020-09-20,-112.722824
Australia,AUS,2020-09-27,-117.98187
Australia,AUS,2020-10-04,-121.596985
Australia,AUS,2020-10-11,-129.05313
Australia,AUS,2020-10-18,-135.91716
Australia,AUS,2020-10-25,-141.76056
Australia,AUS,2020-11-01,-144.49525
Australia,AUS,2020-11-08,-145.47694
Australia,AUS,2020-11-15,-140.63083
Australia,AUS,2020-11-22,-140.50618
Australia,AUS,2020-11-29,-142.29814
Australia,AUS,2020-12-06,-136.82094
Australia,AUS,2020-12-13,-138.04416
Australia,AUS,2020-12-20,-136.0496
Australia,AUS,2020-12-27,-130.95418
Australia,AUS,2021-01-03,-127.610374
Australia,AUS,2021-01-10,-126.32185
Australia,AUS,2021-01-17,-127.90358
Australia,AUS,2021-01-24,-120.650795
Australia,AUS,2021-01-31,-120.889984
Australia,AUS,2021-02-07,-115.08004
Australia,AUS,2021-02-14,-114.80999
Australia,AUS,2021-02-21,-114.97973
Australia,AUS,2021-02-28,-113.13567
Australia,AUS,2021-03-07,-109.49385
Australia,AUS,2021-03-14,-105.55883
Australia,AUS,2021-03-21,-100.296715
Australia,AUS,2021-03-28,-98.21347
Australia,AUS,2021-04-04,-94.895706
Australia,AUS,2021-04-11,-97.380165
Australia,AUS,2021-04-18,-90.04251
Australia,AUS,2021-04-25,-83.275826
Australia,AUS,2021-05-02,-75.07401
Australia,AUS,2021-05-09,-64.54976
Australia,AUS,2021-05-16,-58.608654
Australia,AUS,2021-05-23,-52.929882
Australia,AUS,2021-05-30,-44.195686
Australia,AUS,2021-06-06,-41.286865
Australia,AUS,2021-06-13,-33.980076
Australia,AUS,2021-06-20,-27.483442
Australia,AUS,2021-06-27,-23.548422
Australia,AUS,2021-07-04,-21.287712
Australia,AUS,2021-07-11,-18.972994
Australia,AUS,2021-07-18,-13.888331
Australia,AUS,2021-07-25,-11.126098
Australia,AUS,2021-08-01,-7.499708
Australia,AUS,2021-08-08,-9.582953
Australia,AUS,2021-08-15,-13.842029
Australia,AUS,2021-08-22,-17.422127
Australia,AUS,2021-08-29,-25.17643
Australia,AUS,2021-09-05,-30.42312
Australia,AUS,2021-09-12,-36.0556
Australia,AUS,2021-09-19,-35.569504
Australia,AUS,2021-09-26,-37.945953
Australia,AUS,2021-10-03,-29.28119
Australia,AUS,2021-10-10,-25.5082
Australia,AUS,2021-10-17,-21.874096
Australia,AUS,2021-10-24,-15.994718
Australia,AUS,2021-10-31,-8.564472
Australia,AUS,2021-11-07,-1.7977862
Australia,AUS,2021-11-14,2.1140819
Australia,AUS,2021-11-21,13.726246
Australia,AUS,2021-11-28,21.125628
Australia,AUS,2021-12-05,29.906124
Australia,AUS,2021-12-12,37.552406
Australia,AUS,2021-12-19,45.584473
Australia,AUS,2021-12-26,59.65795
Australia,AUS,2022-01-02,69.25052
Australia,AUS,2022-01-09,81.02022
Australia,AUS,2022-01-16,108.51338
Australia,AUS,2022-01-23,143.03552
Australia,AUS,2022-01-30,173.92093
Australia,AUS,2022-02-06,204.30208
Australia,AUS,2022-02-13,226.56174
Australia,AUS,2022-02-20,243.61078
Australia,AUS,2022-02-27,258.22263
Australia,AUS,2022-03-06,272.62817
Australia,AUS,2022-03-13,279.11087
Australia,AUS,2022-03-20,293.3254
Australia,AUS,2022-03-27,306.14944
Australia,AUS,2022-04-03,320.8835
Australia,AUS,2022-04-10,336.09894
Australia,AUS,2022-04-17,346.90594
Australia,AUS,2022-04-24,361.57892
Australia,AUS,2022-05-01,377.17633
Australia,AUS,2022-05-08,398.3969
Australia,AUS,2022-05-15,419.58694
Australia,AUS,2022-05-22,435.51288
Australia,AUS,2022-05-29,453.12732
Australia,AUS,2022-06-05,475.59326
Australia,AUS,2022-06-12,499.93103
Australia,AUS,2022-06-19,529.96075
Australia,AUS,2022-06-26,553.7866
Australia,AUS,2022-07-03,572.1345
Australia,AUS,2022-07-10,595.4638
Australia,AUS,2022-07-17,619.62585
Australia,AUS,2022-07-24,641.45
Australia,AUS,2022-07-31,662.9838
Australia,AUS,2022-08-07,688.03217
Australia,AUS,2022-08-14,708.9013
Australia,AUS,2022-08-21,720.81616
Australia,AUS,2022-08-28,729.9729
Australia,AUS,2022-09-04,732.78827
Australia,AUS,2022-09-11,740.0732
Australia,AUS,2022-09-18,747.38104
Australia,AUS,2022-09-25,756.05646
Australia,AUS,2022-10-02,759.2768
Australia,AUS,2022-10-09,765.79004
Australia,AUS,2022-10-16,772.66235
Australia,AUS,2022-10-23,784.39386
Australia,AUS,2022-10-30,790.0209
Australia,AUS,2022-11-06,798.81085
Australia,AUS,2022-11-13,813.7512
Australia,AUS,2022-11-20,828.67633
Australia,AUS,2022-11-27,844.2814
Australia,AUS,2022-12-04,858.92377
Australia,AUS,2022-12-11,880.92365
Australia,AUS,2022-12-18,898.6832
Australia,AUS,2022-12-25,919.6746
Australia,AUS,2023-01-01,927.671
Australia,AUS,2023-01-08,944.0407
Australia,AUS,2023-01-15,952.7929
Australia,AUS,2023-01-22,964.30615
Australia,AUS,2023-01-29,972.3321
Australia,AUS,2023-02-05,986.89386
Australia,AUS,2023-02-12,994.09534
Australia,AUS,2023-02-19,1005.1396
Australia,AUS,2023-02-26,1011.6905
Australia,AUS,2023-03-05,1021.5168
Australia,AUS,2023-03-12,1032.841
Australia,AUS,2023-03-19,1047.9247
Australia,AUS,2023-03-26,1058.2275
Australia,AUS,2023-04-02,1067.0554
Australia,AUS,2023-04-09,1074.3552
Australia,AUS,2023-04-16,1087.4646
Australia,AUS,2023-04-23,1102.5482
Australia,AUS,2023-04-30,1116.7697
Australia,AUS,2023-05-07,1130.8851
Australia,AUS,2023-05-14,1149.509
Australia,AUS,2023-05-21,1169.5399
Australia,AUS,2023-05-28,1187.6873
Australia,AUS,2023-06-04,1209.1631
Australia,AUS,2023-06-11,1219.4432
Australia,AUS,2023-06-18,1228.6644
Australia,AUS,2023-06-25,1245.3215
Australia,AUS,2023-07-02,1256.1768
Australia,AUS,2023-07-09,1266.6687
Australia,AUS,2023-07-16,1273.7491
Australia,AUS,2023-07-23,1278.2878
Australia,AUS,2023-07-30,1282.4635
Australia,AUS,2023-08-06,1284.3319
Australia,AUS,2023-08-13,1285.2019
Australia,AUS,2023-08-20,1286.2458
Australia,AUS,2023-08-27,1280.7388
Australia,AUS,2023-09-03,1273.8324
Australia,AUS,2023-09-10,1267.6824
Australia,AUS,2023-09-17,1268.0228
Australia,AUS,2023-09-24,1263.59
Australia,AUS,2023-10-01,1266.6157
Australia,AUS,2023-10-08,1265.8291
Australia,AUS,2023-10-15,1273.7946
Australia,AUS,2023-10-22,1275.7538
Australia,AUS,2023-10-29,1279.9143
Australia,AUS,2023-11-05,1289.0598
Australia,AUS,2023-11-12,1302.9332
Australia,AUS,2023-11-19,1318.8339
Australia,AUS,2023-11-26,1328.2214
Australia,AUS,2023-12-03,1341.346
Australia,AUS,2023-12-10,1354.4175
Australia,AUS,2023-12-17,1363.026
Australia,AUS,2023-12-24,1374.9855
Australia,AUS,2023-12-31,1386.0222
Austria,AUT,2020-01-05,-24.83222
Austria,AUT,2020-01-12,-45.623028
Austria,AUT,2020-01-19,-47.262043
Austria,AUT,2020-01-26,-46.49866
Austria,AUT,2020-02-02,-34.91329
Austria,AUT,2020-02-09,-55.232605
Austria,AUT,2020-02-16,-68.479454
Austria,AUT,2020-02-23,-82.31005
Austria,AUT,2020-03-01,-90.59495
Austria,AUT,2020-03-08,-94.9507
Austria,AUT,2020-03-15,-96.81423
Austria,AUT,2020-03-22,-73.14952
Austria,AUT,2020-03-29,-62.933735
Austria,AUT,2020-04-05,-38.64036
Austria,AUT,2020-04-12,-12.977404
Austria,AUT,2020-04-19,3.6821938
Austria,AUT,2020-04-26,13.853075
Austria,AUT,2020-05-03,12.528385
Austria,AUT,2020-05-10,18.972193
Austria,AUT,2020-05-17,18.725224
Austria,AUT,2020-05-24,22.789082
Austria,AUT,2020-05-31,20.139715
Austria,AUT,2020-06-07,25.909954
Austria,AUT,2020-06-14,25.281292
Austria,AUT,2020-06-21,22.946249
Austria,AUT,2020-06-28,24.51791
Austria,AUT,2020-07-05,35.699142
Austria,AUT,2020-07-12,33.611084
Austria,AUT,2020-07-19,27.998014
Austria,AUT,2020-07-26,20.925545
Austria,AUT,2020-08-02,20.701021
Austria,AUT,2020-08-09,18.635408
Austria,AUT,2020-08-16,32.46601
Austria,AUT,2020-08-23,34.03767
Austria,AUT,2020-08-30,38.752647
Austria,AUT,2020-09-06,52.403633
Austria,AUT,2020-09-13,65.65048
Austria,AUT,2020-09-20,78.874886
Austria,AUT,2020-09-27,83.38779
Austria,AUT,2020-10-04,88.25993
Austria,AUT,2020-10-11,97.442924
Austria,AUT,2020-10-18,107.27702
Austria,AUT,2020-10-25,134.64636
Austria,AUT,2020-11-01,174.36446
Austria,AUT,2020-11-08,227.73354
Austria,AUT,2020-11-15,307.5963
Austria,AUT,2020-11-22,402.3225
Austria,AUT,2020-11-29,499.15918
Austria,AUT,2020-12-06,602.6418
Austria,AUT,2020-12-13,698.2885
Austria,AUT,2020-12-20,763.6471
Austria,AUT,2020-12-27,805.0267
Austria,AUT,2021-01-03,831.263
Austria,AUT,2021-01-10,844.53345
Austria,AUT,2021-01-17,852.5361
Austria,AUT,2021-01-24,873.94366
Austria,AUT,2021-01-31,892.70605
Austria,AUT,2021-02-07,894.4769
Austria,AUT,2021-02-14,881.0944
Austria,AUT,2021-02-21,867.2636
Austria,AUT,2021-02-28,846.3492
Austria,AUT,2021-03-07,816.9614
Austria,AUT,2021-03-14,813.3524
Austria,AUT,2021-03-21,808.1967
Austria,AUT,2021-03-28,811.0436
Austria,AUT,2021-04-04,821.9827
Austria,AUT,2021-04-11,827.69885
Austria,AUT,2021-04-18,841.3952
Austria,AUT,2021-04-25,857.0866
Austria,AUT,2021-05-02,878.9649
Austria,AUT,2021-05-09,897.6601
Austria,AUT,2021-05-16,912.90314
Austria,AUT,2021-05-23,916.4225
Austria,AUT,2021-05-30,920.77124
Austria,AUT,2021-06-06,938.92847
Austria,AUT,2021-06-13,952.2662
Austria,AUT,2021-06-20,966.7247
Austria,AUT,2021-06-27,991.24805
Austria,AUT,2021-07-04,1000.0577
Austria,AUT,2021-07-11,1000.97675
Austria,AUT,2021-07-18,1006.6929
Austria,AUT,2021-07-25,1015.5025
Austria,AUT,2021-08-01,1017.2509
Austria,AUT,2021-08-08,1008.8
Austria,AUT,2021-08-15,1027.7642
Austria,AUT,2021-08-22,1042.8728
Austria,AUT,2021-08-29,1054.9327
Austria,AUT,2021-09-05,1064.9752
Austria,AUT,2021-09-12,1090.1039
Austria,AUT,2021-09-19,1104.6296
Austria,AUT,2021-09-26,1119.0209
Austria,AUT,2021-10-03,1138.949
Austria,AUT,2021-10-10,1146.1222
Austria,AUT,2021-10-17,1155.9181
Austria,AUT,2021-10-24,1177.236
Austria,AUT,2021-10-31,1216.7334
Austria,AUT,2021-11-07,1262.0592
Austria,AUT,2021-11-14,1320.0052
Austria,AUT,2021-11-21,1379.7446
Austria,AUT,2021-11-28,1445.6934
Austria,AUT,2021-12-05,1516.215
Austria,AUT,2021-12-12,1571.2917
Austria,AUT,2021-12-19,1604.6472
Austria,AUT,2021-12-26,1624.4633
Austria,AUT,2022-01-02,1632.8217
Austria,AUT,2022-01-09,1623.3135
Austria,AUT,2022-01-16,1599.8225
Austria,AUT,2022-01-23,1599.554
Austria,AUT,2022-01-30,1598.0999
Austria,AUT,2022-02-06,1591.5447
Austria,AUT,2022-02-13,1590.3367
Austria,AUT,2022-02-20,1598.3011
Austria,AUT,2022-02-27,1597.5181
Austria,AUT,2022-03-06,1609.7557
Austria,AUT,2022-03-13,1616.736
Austria,AUT,2022-03-20,1636.267
Austria,AUT,2022-03-27,1677.6558
Austria,AUT,2022-04-03,1708.4401
Austria,AUT,2022-04-10,1747.2113
Austria,AUT,2022-04-17,1773.4764
Austria,AUT,2022-04-24,1784.6179
Austria,AUT,2022-05-01,1805.2899
Austria,AUT,2022-05-08,1822.4495
Austria,AUT,2022-05-15,1833.9265
Austria,AUT,2022-05-22,1845.7838
Austria,AUT,2022-05-29,1854.4419
Austria,AUT,2022-06-05,1869.1628
Austria,AUT,2022-06-12,1885.338
Austria,AUT,2022-06-19,1902.52
Austria,AUT,2022-06-26,1926.2794
Austria,AUT,2022-07-03,1951.247
Austria,AUT,2022-07-10,1965.7666
Austria,AUT,2022-07-17,1982.7247
Austria,AUT,2022-07-24,2021.3394
Austria,AUT,2022-07-31,2044.9646
Austria,AUT,2022-08-07,2058.8577
Austria,AUT,2022-08-14,2070.2454
Austria,AUT,2022-08-21,2091.7676
Austria,AUT,2022-08-28,2101.1863
Austria,AUT,2022-09-04,2100.6492
Austria,AUT,2022-09-11,2115.7283
Austria,AUT,2022-09-18,2130.5164
Austria,AUT,2022-09-25,2152.553
Austria,AUT,2022-10-02,2177.543
Austria,AUT,2022-10-09,2214.1887
Austria,AUT,2022-10-16,2238.0154
Austria,AUT,2022-10-23,2263.6094
Austria,AUT,2022-10-30,2295.8254
Austria,AUT,2022-11-06,2315.1775
Austria,AUT,2022-11-13,2336.61
Austria,AUT,2022-11-20,2358.4902
Austria,AUT,2022-11-27,2377.954
Austria,AUT,2022-12-04,2410.819
Austria,AUT,2022-12-11,2440.5745
Austria,AUT,2022-12-18,2500.5544
Austria,AUT,2022-12-25,2567.4924
Austria,AUT,2023-01-01,2621.1968
Austria,AUT,2023-01-08,2677.8552
Austria,AUT,2023-01-15,2702.367
Austria,AUT,2023-01-22,2703.8403
Austria,AUT,2023-01-29,2702.3447
Austria,AUT,2023-02-05,2692.1873
Austria,AUT,2023-02-12,2669.6177
Austria,AUT,2023-02-19,2659.9958
Austria,AUT,2023-02-26,2659.728
Austria,AUT,2023-03-05,2658.8352
Austria,AUT,2023-03-12,2664.5278
Austria,AUT,2023-03-19,2671.024
Austria,AUT,2023-03-26,2683.704
Austria,AUT,2023-04-02,2684.3516
Austria,AUT,2023-04-09,2691.2942
Austria,AUT,2023-04-16,2700.8267
Austria,AUT,2023-04-23,2719.1545
Austria,AUT,2023-04-30,2733.5981
Austria,AUT,2023-05-07,2742.8628
Austria,AUT,2023-05-14,2757.842
Austria,AUT,2023-05-21,2760.3647
Austria,AUT,2023-05-28,2768.6245
Austria,AUT,2023-06-04,2776.237
Austria,AUT,2023-06-11,2779.0498
Austria,AUT,2023-06-18,2783.9834
Austria,AUT,2023-06-25,2797.936
Austria,AUT,2023-07-02,2793.672
Austria,AUT,2023-07-09,2797.9583
Austria,AUT,2023-07-16,2811.375
Austria,AUT,2023-07-23,2814.0317
Austria,AUT,2023-07-30,2804.968
Austria,AUT,2023-08-06,2791.5513
Austria,AUT,2023-08-13,2799.7444
Austria,AUT,2023-08-20,2804.544
Austria,AUT,2023-08-27,2819.1438
Austria,AUT,2023-09-03,2812.6477
Austria,AUT,2023-09-10,2824.4124
Austria,AUT,2023-09-17,2837.4495
Austria,AUT,2023-09-24,2841.4233
Austria,AUT,2023-10-01,2839.5256
Austria,AUT,2023-10-08,2841.1106
Austria,AUT,2023-10-15,2848.3213
Austria,AUT,2023-10-22,2860.0862
Austria,AUT,2023-10-29,2883.0352
Austria,AUT,2023-11-05,2902.0776
Austria,AUT,2023-11-12,2924.5356
Austria,AUT,2023-11-19,2948.5562
Austria,AUT,2023-11-26,2975.0771
Austria,AUT,2023-12-03,3017.984
Austria,AUT,2023-12-10,3043.3887
Austria,AUT,2023-12-17,3078.8616
Austria,AUT,2023-12-24,3120.384
Austria,AUT,2023-12-31,3139.6274
Azerbaijan,AZE,2020-01-31,-26.679745
Azerbaijan,AZE,2020-02-29,-21.07932
Azerbaijan,AZE,2020-03-31,84.434074
Azerbaijan,AZE,2020-04-30,7.8756313
Azerbaijan,AZE,2020-05-31,-42.605907
Azerbaijan,AZE,2020-06-30,146.19418
Azerbaijan,AZE,2020-07-31,282.82098
Azerbaijan,AZE,2020-08-31,319.6904
Azerbaijan,AZE,2020-09-30,353.4679
Azerbaijan,AZE,2020-10-31,466.17627
Azerbaijan,AZE,2020-11-30,821.2387
Azerbaijan,AZE,2020-12-31,1748.9047
Azerbaijan,AZE,2021-01-31,1985.2532
Azerbaijan,AZE,2021-02-28,2019.2395
Azerbaijan,AZE,2021-03-31,2109.9116
Azerbaijan,AZE,2021-04-30,2310.3867
Azerbaijan,AZE,2021-05-31,2367.3733
Azerbaijan,AZE,2021-06-30,2454.9036
Azerbaijan,AZE,2021-07-31,2459.5676
Azerbaijan,AZE,2021-08-31,2633.6296
Azerbaijan,AZE,2021-09-30,2956.8433
Azerbaijan,AZE,2021-10-31,3085.7195
Azerbaijan,AZE,2021-11-30,3362.041
Azerbaijan,AZE,2021-12-31,3567.985
Azerbaijan,AZE,2022-01-31,3599.693
Azerbaijan,AZE,2022-02-28,3744.3433
Azerbaijan,AZE,2022-03-31,3878.625
Azerbaijan,AZE,2022-04-30,3845.6362
Azerbaijan,AZE,2022-05-31,3794.3237
Azerbaijan,AZE,2022-06-30,3809.9153
Azerbaijan,AZE,2022-07-31,3763.6616
Azerbaijan,AZE,2022-08-31,3747.9155
Azerbaijan,AZE,2022-09-30,3783.9355
Azerbaijan,AZE,2022-10-31,3726.1934
Azerbaijan,AZE,2022-11-30,3767.6584
Azerbaijan,AZE,2022-12-31,3777.4768
Azerbaijan,AZE,2023-01-31,3782.2834
Azerbaijan,AZE,2023-02-28,3810.8257
Azerbaijan,AZE,2023-03-31,3875.3433
Azerbaijan,AZE,2023-04-30,3792.0024
Azerbaijan,AZE,2023-05-31,3794.826
Azerbaijan,AZE,2023-06-30,3761.3474
Azerbaijan,AZE,2023-07-31,3748.8433
Azerbaijan,AZE,2023-08-31,3802.4126
Azerbaijan,AZE,2023-09-30,3828.2466
Azerbaijan,AZE,2023-10-31,3857.7107
Azerbaijan,AZE,2023-11-30,3850.5464
Azerbaijan,AZE,2023-12-31,3878.8389
Bahamas,BHS,2020-01-31,9.840631
Bahamas,BHS,2020-02-29,-48.711132
Bahamas,BHS,2020-03-31,-80.693184
Bahamas,BHS,2020-04-30,-69.37644
Bahamas,BHS,2020-05-31,-135.8007
Bahamas,BHS,2020-06-30,-181.06758
Bahamas,BHS,2020-07-31,-114.151306
Bahamas,BHS,2020-08-31,108.739006
Bahamas,BHS,2020-09-30,315.39224
Bahamas,BHS,2020-10-31,559.93195
Bahamas,BHS,2020-11-30,650.95776
Bahamas,BHS,2020-12-31,668.17883
Bahamas,BHS,2021-01-31,617.7682
Bahamas,BHS,2021-02-28,550.59814
Bahamas,BHS,2021-03-31,539.3214
Bahamas,BHS,2021-04-30,571.1904
Bahamas,BHS,2021-05-31,574.62244
Bahamas,BHS,2021-06-30,589.33124
Bahamas,BHS,2021-07-31,811.4336
Bahamas,BHS,2021-08-31,1497.8428
Bahamas,BHS,2021-09-30,2114.14
Bahamas,BHS,2021-10-31,2530.3982
Bahamas,BHS,2021-11-30,2553.442
Bahamas,BHS,2021-12-31,2630.4177
Barbados,BRB,2020-01-31,-104.73664
Barbados,BRB,2020-02-29,-127.53644
Barbados,BRB,2020-03-31,-58.42451
Barbados,BRB,2020-04-30,-198.07338
Barbados,BRB,2020-05-31,-235.8356
Barbados,BRB,2020-06-30,-163.16121
Barbados,BRB,2020-07-31,-161.73624
Barbados,BRB,2020-08-31,-90.48681
Barbados,BRB,2020-09-30,-275.73532
Barbados,BRB,2020-10-31,-361.23465
Barbados,BRB,2020-11-30,-453.8589
Barbados,BRB,2020-12-31,-390.4469
Barbados,BRB,2021-01-31,-803.687
Barbados,BRB,2021-02-28,-858.4515
Barbados,BRB,2021-03-31,-529.86444
Barbados,BRB,2021-04-30,-665.70886
Barbados,BRB,2021-05-31,-806.5319
Barbados,BRB,2021-06-30,-723.31836
Barbados,BRB,2021-07-31,-1045.5044
Barbados,BRB,2021-08-31,-938.82025
Barbados,BRB,2021-09-30,-967.26935
Barbados,BRB,2021-10-31,-878.36597
Barbados,BRB,2021-11-30,-672.11
Barbados,BRB,2021-12-31,-345.6566
Barbados,BRB,2022-01-31,-335.88266
Barbados,BRB,2022-02-28,-177.52782
Barbados,BRB,2022-03-31,487.84644
Barbados,BRB,2022-04-30,703.7203
Barbados,BRB,2022-05-31,737.09546
Barbados,BRB,2022-06-30,947.9985
Barbados,BRB,2022-07-31,732.8348
Barbados,BRB,2022-08-31,988.4748
Barbados,BRB,2022-09-30,1009.77814
Barbados,BRB,2022-10-31,1073.6881
Barbados,BRB,2022-11-30,1048.8342
Barbados,BRB,2022-12-31,1115.5847
Barbados,BRB,2023-01-31,1152.1359
Barbados,BRB,2023-02-28,1303.5553
Barbados,BRB,2023-03-31,1443.6272
Barbados,BRB,2023-04-30,1333.3428
Barbados,BRB,2023-05-31,1554.9755
Barbados,BRB,2023-06-30,1819.1617
Barbados,BRB,2023-07-31,1774.8352
Barbados,BRB,2023-08-31,2051.7876
Barbados,BRB,2023-09-30,2115.9724
Belarus,BLR,2020-01-31,-81.18334
Belarus,BLR,2020-02-29,-115.6352
Belarus,BLR,2020-03-31,-131.31961
Belarus,BLR,2020-04-30,-70.37762
Belarus,BLR,2020-05-31,98.227615
Belarus,BLR,2020-06-30,474.8724
Belarus,BLR,2020-07-31,599.09204
Belarus,BLR,2020-08-31,713.9487
Belarus,BLR,2020-09-30,866.6723
Belarus,BLR,2020-10-31,1100.0914
Belarus,BLR,2020-11-30,1719.487
Belarus,BLR,2020-12-31,2477.645
Belarus,BLR,2021-01-31,2972.2166
Belarus,BLR,2021-02-28,3241.537
Belarus,BLR,2021-03-31,3259.745
Belgium,BEL,2020-01-05,-13.086297
Belgium,BEL,2020-01-12,-16.416252
Belgium,BEL,2020-01-19,-25.385506
Belgium,BEL,2020-01-26,-43.834328
Belgium,BEL,2020-02-02,-56.71303
Belgium,BEL,2020-02-09,-83.89758
Belgium,BEL,2020-02-16,-102.19071
Belgium,BEL,2020-02-23,-117.90637
Belgium,BEL,2020-03-01,-143.0497
Belgium,BEL,2020-03-08,-163.43593
Belgium,BEL,2020-03-15,-172.56088
Belgium,BEL,2020-03-22,-152.07085
Belgium,BEL,2020-03-29,-67.628365
Belgium,BEL,2020-04-05,97.26931
Belgium,BEL,2020-04-12,287.7168
Belgium,BEL,2020-04-19,431.00867
Belgium,BEL,2020-04-26,518.5303
Belgium,BEL,2020-05-03,555.0214
Belgium,BEL,2020-05-10,586.58246
Belgium,BEL,2020-05-17,592.28235
Belgium,BEL,2020-05-24,602.3933
Belgium,BEL,2020-05-31,607.2974
Belgium,BEL,2020-06-07,600.90564
Belgium,BEL,2020-06-14,604.668
Belgium,BEL,2020-06-21,596.408
Belgium,BEL,2020-06-28,602.99005
Belgium,BEL,2020-07-05,581.35834
Belgium,BEL,2020-07-12,566.2481
Belgium,BEL,2020-07-19,562.7279
Belgium,BEL,2020-07-26,547.09875
Belgium,BEL,2020-08-02,552.86774
Belgium,BEL,2020-08-09,568.06445
Belgium,BEL,2020-08-16,657.3159
Belgium,BEL,2020-08-23,684.84644
Belgium,BEL,2020-08-30,682.7793
Belgium,BEL,2020-09-06,686.9396
Belgium,BEL,2020-09-13,683.97284
Belgium,BEL,2020-09-20,694.89685
Belgium,BEL,2020-09-27,696.0645
Belgium,BEL,2020-10-04,692.26746
Belgium,BEL,2020-10-11,696.1683
Belgium,BEL,2020-10-18,709.7562
Belgium,BEL,2020-10-25,765.3103
Belgium,BEL,2020-11-01,878.0704
Belgium,BEL,2020-11-08,1024.0262
Belgium,BEL,2020-11-15,1144.5187
Belgium,BEL,2020-11-22,1237.8699
Belgium,BEL,2020-11-29,1306.5361
Belgium,BEL,2020-12-06,1353.6312
Belgium,BEL,2020-12-13,1402.4216
Belgium,BEL,2020-12-20,1444.4136
Belgium,BEL,2020-12-27,1477.4277
Belgium,BEL,2021-01-03,1488.8192
Belgium,BEL,2021-01-10,1495.9243
Belgium,BEL,2021-01-17,1493.4526
Belgium,BEL,2021-01-24,1495.2698
Belgium,BEL,2021-01-31,1496.5186
Belgium,BEL,2021-02-07,1476.8741
Belgium,BEL,2021-02-14,1454.6976
Belgium,BEL,2021-02-21,1437.413
Belgium,BEL,2021-02-28,1407.7955
Belgium,BEL,2021-03-07,1362.7623
Belgium,BEL,2021-03-14,1337.7094
Belgium,BEL,2021-03-21,1317.3243
Belgium,BEL,2021-03-28,1300.074
Belgium,BEL,2021-04-04,1299.8242
Belgium,BEL,2021-04-11,1307.7733
Belgium,BEL,2021-04-18,1314.3789
Belgium,BEL,2021-04-25,1328.7183
Belgium,BEL,2021-05-02,1343.8499
Belgium,BEL,2021-05-09,1365.0101
Belgium,BEL,2021-05-16,1369.5487
Belgium,BEL,2021-05-23,1374.0874
Belgium,BEL,2021-05-30,1376.8175
Belgium,BEL,2021-06-06,1382.6307
Belgium,BEL,2021-06-13,1383.225
Belgium,BEL,2021-06-20,1392.7242
Belgium,BEL,2021-06-27,1381.0375
Belgium,BEL,2021-07-04,1384.3015
Belgium,BEL,2021-07-11,1368.1708
Belgium,BEL,2021-07-18,1372.5717
Belgium,BEL,2021-07-25,1381.2786
Belgium,BEL,2021-08-01,1372.7611
Belgium,BEL,2021-08-08,1372.632
Belgium,BEL,2021-08-15,1374.4835
Belgium,BEL,2021-08-22,1373.7687
Belgium,BEL,2021-08-29,1370.8491
Belgium,BEL,2021-09-05,1375.405
Belgium,BEL,2021-09-12,1390.1233
Belgium,BEL,2021-09-19,1393.3529
Belgium,BEL,2021-09-26,1394.1366
Belgium,BEL,2021-10-03,1397.435
Belgium,BEL,2021-10-10,1405.3497
Belgium,BEL,2021-10-17,1423.2545
Belgium,BEL,2021-10-24,1452.269
Belgium,BEL,2021-10-31,1481.7314
Belgium,BEL,2021-11-07,1507.525
Belgium,BEL,2021-11-14,1540.4496
Belgium,BEL,2021-11-21,1571.445
Belgium,BEL,2021-11-28,1604.7828
Belgium,BEL,2021-12-05,1659.1
Belgium,BEL,2021-12-12,1697.5364
Belgium,BEL,2021-12-19,1725.0868
Belgium,BEL,2021-12-26,1740.7869
Belgium,BEL,2022-01-02,1752.5425
Belgium,BEL,2022-01-09,1750.5864
Belgium,BEL,2022-01-16,1733.1704
Belgium,BEL,2022-01-23,1728.1772
Belgium,BEL,2022-01-30,1737.9747
Belgium,BEL,2022-02-06,1748.922
Belgium,BEL,2022-02-13,1755.2878
Belgium,BEL,2022-02-20,1749.2823
Belgium,BEL,2022-02-27,1733.3076
Belgium,BEL,2022-03-06,1701.2896
Belgium,BEL,2022-03-13,1698.5271
Belgium,BEL,2022-03-20,1702.9025
Belgium,BEL,2022-03-27,1710.0576
Belgium,BEL,2022-04-03,1734.6632
Belgium,BEL,2022-04-10,1771.4685
Belgium,BEL,2022-04-17,1801.702
Belgium,BEL,2022-04-24,1826.9424
Belgium,BEL,2022-05-01,1842.2479
Belgium,BEL,2022-05-08,1862.6152
Belgium,BEL,2022-05-15,1865.4808
Belgium,BEL,2022-05-22,1875.553
Belgium,BEL,2022-05-29,1871.7266
Belgium,BEL,2022-06-05,1881.7815
Belgium,BEL,2022-06-12,1887.1522
Belgium,BEL,2022-06-19,1909.0294
Belgium,BEL,2022-06-26,1918.4667
Belgium,BEL,2022-07-03,1924.1805
Belgium,BEL,2022-07-10,1925.3302
Belgium,BEL,2022-07-17,1942.3
Belgium,BEL,2022-07-24,1963.4739
Belgium,BEL,2022-07-31,1965.6016
Belgium,BEL,2022-08-07,1981.3188
Belgium,BEL,2022-08-14,2004.9292
Belgium,BEL,2022-08-21,2026.8408
Belgium,BEL,2022-08-28,2042.009
Belgium,BEL,2022-09-04,2049.1814
Belgium,BEL,2022-09-11,2062.6167
Belgium,BEL,2022-09-18,2066.5803
Belgium,BEL,2022-09-25,2080.8047
Belgium,BEL,2022-10-02,2096.8481
Belgium,BEL,2022-10-09,2118.8628
Belgium,BEL,2022-10-16,2136.3303
Belgium,BEL,2022-10-23,2153.6262
Belgium,BEL,2022-10-30,2169.309
Belgium,BEL,2022-11-06,2171.6428
Belgium,BEL,2022-11-13,2176.1897
Belgium,BEL,2022-11-20,2179.1582
Belgium,BEL,2022-11-27,2188.8357
Belgium,BEL,2022-12-04,2201.31
Belgium,BEL,2022-12-11,2230.5654
Belgium,BEL,2022-12-18,2266.5645
Belgium,BEL,2022-12-25,2334.5127
Belgium,BEL,2023-01-01,2382.145
Belgium,BEL,2023-01-08,2418.162
Belgium,BEL,2023-01-15,2439.1013
Belgium,BEL,2023-01-22,2433.411
Belgium,BEL,2023-01-29,2426.129
Belgium,BEL,2023-02-05,2415.9714
Belgium,BEL,2023-02-12,2403.4695
Belgium,BEL,2023-02-19,2395.0579
Belgium,BEL,2023-02-26,2379.6978
Belgium,BEL,2023-03-05,2361.9417
Belgium,BEL,2023-03-12,2358.6472
Belgium,BEL,2023-03-19,2356.311
Belgium,BEL,2023-03-26,2351.4421
Belgium,BEL,2023-04-02,2353.5386
Belgium,BEL,2023-04-09,2353.256
Belgium,BEL,2023-04-16,2353.008
Belgium,BEL,2023-04-23,2353.085
Belgium,BEL,2023-04-30,2348.3872
Belgium,BEL,2023-05-07,2345.9998
Belgium,BEL,2023-05-14,2350.6292
Belgium,BEL,2023-05-21,2356.5422
Belgium,BEL,2023-05-28,2353.6414
Belgium,BEL,2023-06-04,2355.002
Belgium,BEL,2023-06-11,2376.3347
Belgium,BEL,2023-06-18,2400.8682
Belgium,BEL,2023-06-25,2401.7837
Belgium,BEL,2023-07-02,2404.4622
Belgium,BEL,2023-07-09,2398.0527
Belgium,BEL,2023-07-16,2408.193
Belgium,BEL,2023-07-23,2396.5125
Belgium,BEL,2023-07-30,2385.431
Belgium,BEL,2023-08-06,2377.2075
Belgium,BEL,2023-08-13,2381.4775
Belgium,BEL,2023-08-20,2390.7278
Belgium,BEL,2023-08-27,2396.0762
Belgium,BEL,2023-09-03,2390.1973
Belgium,BEL,2023-09-10,2405.797
Belgium,BEL,2023-09-17,2425.641
Belgium,BEL,2023-09-24,2425.7693
Belgium,BEL,2023-10-01,2432.4182
Belgium,BEL,2023-10-08,2434.241
Belgium,BEL,2023-10-15,2432.5552
Belgium,BEL,2023-10-22,2444.133
Belgium,BEL,2023-10-29,2461.3757
Belgium,BEL,2023-11-05,2468.8975
Belgium,BEL,2023-11-12,2474.8618
Belgium,BEL,2023-11-19,2491.2314
Belgium,BEL,2023-11-26,2502.1418
Belgium,BEL,2023-12-03,2518.1523
Belgium,BEL,2023-12-10,2540.803
Belgium,BEL,2023-12-17,2562.3071
Belgium,BEL,2023-12-24,2580.4226
Belgium,BEL,2023-12-31,2598.2983
Belize,BLZ,2020-01-31,3.0384977
Belize,BLZ,2020-02-29,14.686117
Belize,BLZ,2020-03-31,-33.929962
Belize,BLZ,2020-04-30,-96.725746
Belize,BLZ,2020-05-31,-117.99527
Belize,BLZ,2020-06-30,-104.322014
Belize,BLZ,2020-07-31,-120.52736
Belize,BLZ,2020-08-31,-136.73271
Belize,BLZ,2020-09-30,-181.80388
Belize,BLZ,2020-10-31,-128.12363
Belize,BLZ,2020-11-30,87.61026
Belize,BLZ,2020-12-31,323.09442
Belize,BLZ,2021-01-31,362.46646
Belize,BLZ,2021-02-28,409.46213
Belize,BLZ,2021-03-31,364.4663
Belize,BLZ,2021-04-30,287.97336
Belize,BLZ,2021-05-31,289.97318
Belize,BLZ,2021-06-30,318.97052
Belize,BLZ,2021-07-31,315.9708
Belize,BLZ,2021-08-31,505.45328
Belize,BLZ,2021-09-30,716.4337
Belize,BLZ,2021-10-31,1004.90704
Belize,BLZ,2021-11-30,1360.8741
Belize,BLZ,2021-12-31,1351.375
Belize,BLZ,2022-01-31,1446.6362
Belize,BLZ,2022-02-28,1585.0574
Belize,BLZ,2022-03-31,1538.917
Belize,BLZ,2022-04-30,1585.0574
Belize,BLZ,2022-05-31,1597.6411
Belize,BLZ,2022-06-30,1607.264
Belize,BLZ,2022-07-31,1674.1305
Belize,BLZ,2022-08-31,1728.66
Belize,BLZ,2022-09-30,1720.5177
Belize,BLZ,2022-10-31,1741.984
Belize,BLZ,2022-11-30,1785.657
Belize,BLZ,2022-12-31,1799.2277
Bermuda,BMU,2020-01-31,-232.62715
Bermuda,BMU,2020-02-29,-177.9832
Bermuda,BMU,2020-03-31,-10.928803
Bermuda,BMU,2020-04-30,284.1486
Bermuda,BMU,2020-05-31,316.93494
Bermuda,BMU,2020-06-30,168.61562
Bermuda,BMU,2020-07-31,85.86907
Bermuda,BMU,2020-08-31,40.59263
Bermuda,BMU,2020-09-30,398.12024
Bermuda,BMU,2020-10-31,215.4533
Bermuda,BMU,2020-11-30,248.23965
Bermuda,BMU,2020-12-31,240.43336
Bermuda,BMU,2021-01-31,423.59018
Bermuda,BMU,2021-02-28,488.99753
Bermuda,BMU,2021-03-31,759.9707
Bermuda,BMU,2021-04-30,1002.9122
Bermuda,BMU,2021-05-31,1124.3828
Bermuda,BMU,2021-06-30,1034.0585
Bermuda,BMU,2021-07-31,1009.1414
Bermuda,BMU,2021-08-31,1068.3195
Bermuda,BMU,2021-09-30,1949.7609
Bermuda,BMU,2021-10-31,2432.5293
Bermuda,BMU,2021-11-30,2631.8657
Bermuda,BMU,2021-12-31,2743.9927
Bermuda,BMU,2022-01-31,2736.4617
Bermuda,BMU,2022-02-28,2781.6282
Bermuda,BMU,2022-03-31,2907.7827
Bermuda,BMU,2022-04-30,3005.9028
Bermuda,BMU,2022-05-31,2982.5408
Bermuda,BMU,2022-06-30,2747.364
Bermuda,BMU,2022-07-31,2733.3467
Bermuda,BMU,2022-08-31,2663.261
Bermuda,BMU,2022-09-30,2714.6572
Bermuda,BMU,2022-10-31,2678.8357
Bermuda,BMU,2022-11-30,2686.6228
Bermuda,BMU,2022-12-31,2794.088
Bhutan,BTN,2020-01-31,-1.423934
Bhutan,BTN,2020-02-29,47.636784
Bhutan,BTN,2020-03-31,8.67298
Bhutan,BTN,2020-04-30,17.604874
Bhutan,BTN,2020-05-31,-23.947887
Bhutan,BTN,2020-06-30,-110.80739
Bhutan,BTN,2020-07-31,-140.70984
Bhutan,BTN,2020-08-31,-151.19513
Bhutan,BTN,2020-09-30,-126.72949
Bhutan,BTN,2020-10-31,-110.03073
Bhutan,BTN,2020-11-30,-42.847317
Bhutan,BTN,2020-12-31,-145.24055
Bhutan,BTN,2021-01-31,-179.4213
Bhutan,BTN,2021-02-28,-156.65604
Bhutan,BTN,2021-03-31,-190.48238
Bhutan,BTN,2021-04-30,-153.5692
Bhutan,BTN,2021-05-31,-157.81358
Bhutan,BTN,2021-06-30,-177.49202
Bhutan,BTN,2021-07-31,-185.59492
Bhutan,BTN,2021-08-31,-187.26692
Bhutan,BTN,2021-09-30,-224.95181
Bhutan,BTN,2021-10-31,-229.1962
Bhutan,BTN,2021-11-30,-156.27016
Bhutan,BTN,2021-12-31,-184.95181
Bhutan,BTN,2022-01-31,-157.45277
Bhutan,BTN,2022-02-28,-82.56048
Bhutan,BTN,2022-03-31,-63.901295
Bhutan,BTN,2022-04-30,63.390053
Bhutan,BTN,2022-05-31,115.27789
Bhutan,BTN,2022-06-30,80.26
Bhutan,BTN,2022-07-31,109.14339
Bhutan,BTN,2022-08-31,138.02678
Bhutan,BTN,2022-09-30,132.40347
Bhutan,BTN,2022-10-31,202.18367
Bhutan,BTN,2022-11-30,340.97723
Bhutan,BTN,2022-12-31,302.12527
Bolivia,BOL,2020-01-31,38.65561
Bolivia,BOL,2020-02-29,81.75151
Bolivia,BOL,2020-03-31,127.226715
Bolivia,BOL,2020-04-30,71.0278
Bolivia,BOL,2020-05-31,113.554016
Bolivia,BOL,2020-06-30,519.61395
Bolivia,BOL,2020-07-31,1550.2126
Bolivia,BOL,2020-08-31,1905.1171
Bolivia,BOL,2020-09-30,2007.1934
Bolivia,BOL,2020-10-31,2077.9197
Bolivia,BOL,2020-11-30,2135.2078
Bolivia,BOL,2020-12-31,2184.3188
Bolivia,BOL,2021-01-31,2625.222
Bolivia,BOL,2021-02-28,2906.9312
Bolivia,BOL,2021-03-31,3044.7932
Bolivia,BOL,2021-04-30,3168.0352
Bolivia,BOL,2021-05-31,3556.2227
Bolivia,BOL,2021-06-30,4065.3757
Bolivia,BOL,2021-07-31,4320.2627
Bolivia,BOL,2021-08-31,4454.929
Bolivia,BOL,2021-09-30,4521.066
Bolivia,BOL,2021-10-31,4577.8315
Bolivia,BOL,2021-11-30,4663.7876
Bolivia,BOL,2021-12-31,4841.585
Bolivia,BOL,2022-01-31,5224.8447
Bosnia and Herzegovina,BIH,2020-01-31,-180.44788
Bosnia and Herzegovina,BIH,2020-02-29,-214.25923
Bosnia and Herzegovina,BIH,2020-03-31,-333.65375
Bosnia and Herzegovina,BIH,2020-04-30,-274.58932
Bosnia and Herzegovina,BIH,2020-05-31,-292.91138
Bosnia and Herzegovina,BIH,2020-06-30,-236.13722
Bosnia and Herzegovina,BIH,2020-07-31,-158.69049
Bosnia and Herzegovina,BIH,2020-08-31,-15.48939
Bosnia and Herzegovina,BIH,2020-09-30,222.3956
Bosnia and Herzegovina,BIH,2020-10-31,370.41827
Bosnia and Herzegovina,BIH,2020-11-30,1115.956
Bosnia and Herzegovina,BIH,2020-12-31,1987.6385
Bosnia and Herzegovina,BIH,2021-01-31,2038.6444
Bosnia and Herzegovina,BIH,2021-02-28,2086.979
Bosnia and Herzegovina,BIH,2021-03-31,2527.249
Bosnia and Herzegovina,BIH,2021-04-30,3462.5437
Bosnia and Herzegovina,BIH,2021-05-31,3842.7085
Bosnia and Herzegovina,BIH,2021-06-30,4004.955
Bosnia and Herzegovina,BIH,2021-07-31,4089.7317
Bosnia and Herzegovina,BIH,2021-08-31,4146.1377
Bosnia and Herzegovina,BIH,2021-09-30,4491.2056
Bosnia and Herzegovina,BIH,2021-10-31,4836.5186
Bosnia and Herzegovina,BIH,2021-11-30,5355.7256
Bosnia and Herzegovina,BIH,2021-12-31,5846.3784
Bosnia and Herzegovina,BIH,2022-01-31,6107.2266
Bosnia and Herzegovina,BIH,2022-02-28,6658.729
Bosnia and Herzegovina,BIH,2022-03-31,6845.305
Bosnia and Herzegovina,BIH,2022-04-30,6844.532
Bosnia and Herzegovina,BIH,2022-05-31,6856.8096
Bosnia and Herzegovina,BIH,2022-06-30,6850.284
Bosnia and Herzegovina,BIH,2022-07-31,6852.913
Bosnia and Herzegovina,BIH,2022-08-31,6966.3184
Bosnia and Herzegovina,BIH,2022-09-30,7103.5986
Bosnia and Herzegovina,BIH,2022-10-31,7068.869
Bosnia and Herzegovina,BIH,2022-11-30,7065.6216
Bosnia and Herzegovina,BIH,2022-12-31,7126.2676
Bosnia and Herzegovina,BIH,2023-01-31,7092.472
Bosnia and Herzegovina,BIH,2023-02-28,7004.1777
Bosnia and Herzegovina,BIH,2023-03-31,6992.1875
Bosnia and Herzegovina,BIH,2023-04-30,6935.411
Bosnia and Herzegovina,BIH,2023-05-31,6931.6426
Bosnia and Herzegovina,BIH,2023-06-30,6897.7266
Bosnia and Herzegovina,BIH,2023-07-31,6882.061
Bosnia and Herzegovina,BIH,2023-08-31,6877.358
Bosnia and Herzegovina,BIH,2023-09-30,6908.5337
Bosnia and Herzegovina,BIH,2023-10-31,6854.934
Bosnia and Herzegovina,BIH,2023-11-30,6882.2476
Bosnia and Herzegovina,BIH,2023-12-31,6839.985
Brazil,BRA,2020-01-31,-3.3945389
Brazil,BRA,2020-02-29,11.387612
Brazil,BRA,2020-03-31,35.09581
Brazil,BRA,2020-04-30,84.98645
Brazil,BRA,2020-05-31,246.66422
Brazil,BRA,2020-06-30,344.5857
Brazil,BRA,2020-07-31,443.78018
Brazil,BRA,2020-08-31,553.82477
Brazil,BRA,2020-09-30,627.68207
Brazil,BRA,2020-10-31,703.31055
Brazil,BRA,2020-11-30,777.2935
Brazil,BRA,2020-12-31,904.0438
Brazil,BRA,2021-01-31,1079.3177
Brazil,BRA,2021-02-28,1240.0098
Brazil,BRA,2021-03-31,1683.6675
Brazil,BRA,2021-04-30,2067.2393
Brazil,BRA,2021-05-31,2353.803
Brazil,BRA,2021-06-30,2591.3638
Brazil,BRA,2021-07-31,2745.1008
Brazil,BRA,2021-08-31,2858.2046
Brazil,BRA,2021-09-30,2919.4668
Brazil,BRA,2021-10-31,2970.8918
Brazil,BRA,2021-11-30,3025.1077
Brazil,BRA,2021-12-31,3109.5383
Brazil,BRA,2022-01-31,3334.4675
Brazil,BRA,2022-02-28,3473.328
Brazil,BRA,2022-03-31,3499.427
Brazil,BRA,2022-04-30,3504.3618
Brazil,BRA,2022-05-31,3542.5112
Brazil,BRA,2022-06-30,3602.5935
Brazil,BRA,2022-07-31,3651.2522
Brazil,BRA,2022-08-31,3675.8262
Brazil,BRA,2022-09-30,3695.7139
Brazil,BRA,2022-10-31,3716.9048
Brazil,BRA,2022-11-30,3741.2688
Brazil,BRA,2022-12-31,3766.584
Brazil,BRA,2023-01-31,3764.0635
Brazil,BRA,2023-02-28,3773.0625
Brazil,BRA,2023-03-31,3798.1458
Brazil,BRA,2023-04-30,3825.96
Brazil,BRA,2023-05-31,3860.9111
Brazil,BRA,2023-06-30,3893.6553
Brazil,BRA,2023-07-31,3917.2805
Brazil,BRA,2023-08-31,3932.6401
Brazil,BRA,2023-09-30,3955.6426
Brazil,BRA,2023-10-31,3982.7783
Brazil,BRA,2023-11-30,4040.9885
Brazil,BRA,2023-12-31,4061.9883
Brunei,BRN,2020-01-31,60.669727
Brunei,BRN,2020-02-29,96.89046
Brunei,BRN,2020-03-31,99.607
Brunei,BRN,2020-04-30,77.87456
Brunei,BRN,2020-05-31,52.52005
Brunei,BRN,2020-06-30,176.12329
Brunei,BRN,2020-07-31,156.20187
Brunei,BRN,2020-08-31,134.92221
Brunei,BRN,2020-09-30,61.122463
Brunei,BRN,2020-10-31,-0.4527695
Brunei,BRN,2020-11-30,-12.677252
Brunei,BRN,2020-12-31,-38.031754
Brunei,BRN,2021-01-31,-117.42728
Brunei,BRN,2021-02-28,-102.38402
Brunei,BRN,2021-03-31,-89.13698
Brunei,BRN,2021-04-30,-95.648224
Brunei,BRN,2021-05-31,-119.223495
Brunei,BRN,2021-06-30,-44.45621
Brunei,BRN,2021-07-31,-37.944958
Brunei,BRN,2021-08-31,-277.5146
Brunei,BRN,2021-09-30,-499.57114
Brunei,BRN,2021-10-31,-570.29694
Brunei,BRN,2021-11-30,-174.45695
Brunei,BRN,2021-12-31,89.36152
Brunei,BRN,2022-01-31,160.13295
Brunei,BRN,2022-02-28,154.11963
Brunei,BRN,2022-03-31,415.8111
Brunei,BRN,2022-04-30,510.9109
Brunei,BRN,2022-05-31,580.17566
Brunei,BRN,2022-06-30,758.12585
Brunei,BRN,2022-07-31,832.7358
Brunei,BRN,2022-08-31,946.09827
Brunei,BRN,2022-09-30,987.74615
Brunei,BRN,2022-10-31,1074.8282
Brunei,BRN,2022-11-30,1136.966
Brunei,BRN,2022-12-31,1141.6431
Brunei,BRN,2023-01-31,1138.9149
Brunei,BRN,2023-02-28,1172.0615
Brunei,BRN,2023-03-31,1161.4546
Brunei,BRN,2023-04-30,1109.3041
Brunei,BRN,2023-05-31,1139.7988
Brunei,BRN,2023-06-30,1216.2568
Brunei,BRN,2023-07-31,1227.7477
Brunei,BRN,2023-08-31,1209.1857
Brunei,BRN,2023-09-30,1199.0206
Brunei,BRN,2023-10-31,1176.4811
Brunei,BRN,2023-11-30,1184.4362
Brunei,BRN,2023-12-31,1183.9943
Bulgaria,BGR,2020-01-05,-68.04522
Bulgaria,BGR,2020-01-12,-110.299446
Bulgaria,BGR,2020-01-19,-159.6892
Bulgaria,BGR,2020-01-26,-176.26706
Bulgaria,BGR,2020-02-02,-180.32198
Bulgaria,BGR,2020-02-09,-175.57928
Bulgaria,BGR,2020-02-16,-174.47601
Bulgaria,BGR,2020-02-23,-192.68733
Bulgaria,BGR,2020-03-01,-208.43416
Bulgaria,BGR,2020-03-08,-242.77916
Bulgaria,BGR,2020-03-15,-269.18628
Bulgaria,BGR,2020-03-22,-294.30383
Bulgaria,BGR,2020-03-29,-312.31454
Bulgaria,BGR,2020-04-05,-335.7127
Bulgaria,BGR,2020-04-12,-355.24222
Bulgaria,BGR,2020-04-19,-358.69537
Bulgaria,BGR,2020-04-26,-366.33237
Bulgaria,BGR,2020-05-03,-381.2195
Bulgaria,BGR,2020-05-10,-395.44754
Bulgaria,BGR,2020-05-17,-376.03265
Bulgaria,BGR,2020-05-24,-384.47205
Bulgaria,BGR,2020-05-31,-404.0302
Bulgaria,BGR,2020-06-07,-400.97827
Bulgaria,BGR,2020-06-14,-396.00635
Bulgaria,BGR,2020-06-21,-397.94067
Bulgaria,BGR,2020-06-28,-403.2565
Bulgaria,BGR,2020-07-05,-366.2751
Bulgaria,BGR,2020-07-12,-349.00943
Bulgaria,BGR,2020-07-19,-350.28467
Bulgaria,BGR,2020-07-26,-345.42737
Bulgaria,BGR,2020-08-02,-314.46384
Bulgaria,BGR,2020-08-09,-294.01733
Bulgaria,BGR,2020-08-16,-274.80304
Bulgaria,BGR,2020-08-23,-261.20544
Bulgaria,BGR,2020-08-30,-241.53265
Bulgaria,BGR,2020-09-06,-220.28374
Bulgaria,BGR,2020-09-13,-204.0784
Bulgaria,BGR,2020-09-20,-196.41273
Bulgaria,BGR,2020-09-27,-187.97334
Bulgaria,BGR,2020-10-04,-180.04977
Bulgaria,BGR,2020-10-11,-163.2713
Bulgaria,BGR,2020-10-18,-146.60745
Bulgaria,BGR,2020-10-25,-98.33531
Bulgaria,BGR,2020-11-01,-3.2954981
Bulgaria,BGR,2020-11-08,161.63791
Bulgaria,BGR,2020-11-15,425.4081
Bulgaria,BGR,2020-11-22,761.39307
Bulgaria,BGR,2020-11-29,1141.3947
Bulgaria,BGR,2020-12-06,1516.2954
Bulgaria,BGR,2020-12-13,1830.7306
Bulgaria,BGR,2020-12-20,2079.4846
Bulgaria,BGR,2020-12-27,2209.285
Bulgaria,BGR,2021-01-03,2330.993
Bulgaria,BGR,2021-01-10,2340.8828
Bulgaria,BGR,2021-01-17,2331.8933
Bulgaria,BGR,2021-01-24,2334.8413
Bulgaria,BGR,2021-01-31,2331.8352
Bulgaria,BGR,2021-02-07,2324.8208
Bulgaria,BGR,2021-02-14,2336.744
Bulgaria,BGR,2021-02-21,2368.9402
Bulgaria,BGR,2021-02-28,2416.269
Bulgaria,BGR,2021-03-07,2488.751
Bulgaria,BGR,2021-03-14,2601.344
Bulgaria,BGR,2021-03-21,2777.4583
Bulgaria,BGR,2021-03-28,3002.078
Bulgaria,BGR,2021-04-04,3281.6797
Bulgaria,BGR,2021-04-11,3525.469
Bulgaria,BGR,2021-04-18,3770.5654
Bulgaria,BGR,2021-04-25,3973.14
Bulgaria,BGR,2021-05-02,4134.4414
Bulgaria,BGR,2021-05-09,4252.3784
Bulgaria,BGR,2021-05-16,4331.628
Bulgaria,BGR,2021-05-23,4392.1143
Bulgaria,BGR,2021-05-30,4425.966
Bulgaria,BGR,2021-06-06,4450.4365
Bulgaria,BGR,2021-06-13,4473.571
Bulgaria,BGR,2021-06-20,4490.954
Bulgaria,BGR,2021-06-27,4542.2915
Bulgaria,BGR,2021-07-04,4571.903
Bulgaria,BGR,2021-07-11,4604.593
Bulgaria,BGR,2021-07-18,4629.9346
Bulgaria,BGR,2021-07-25,4642.5835
Bulgaria,BGR,2021-08-01,4665.3696
Bulgaria,BGR,2021-08-08,4709.387
Bulgaria,BGR,2021-08-15,4757.7036
Bulgaria,BGR,2021-08-22,4794.0244
Bulgaria,BGR,2021-08-29,4872.141
Bulgaria,BGR,2021-09-05,4971.6636
Bulgaria,BGR,2021-09-12,5097.472
Bulgaria,BGR,2021-09-19,5258.251
Bulgaria,BGR,2021-09-26,5401.515
Bulgaria,BGR,2021-10-03,5555.875
Bulgaria,BGR,2021-10-10,5722.637
Bulgaria,BGR,2021-10-17,5932.066
Bulgaria,BGR,2021-10-24,6194.386
Bulgaria,BGR,2021-10-31,6487.726
Bulgaria,BGR,2021-11-07,6793.9043
Bulgaria,BGR,2021-11-14,7086.257
Bulgaria,BGR,2021-11-21,7360.1367
Bulgaria,BGR,2021-11-28,7592.6274
Bulgaria,BGR,2021-12-05,7797.409
Bulgaria,BGR,2021-12-12,7968.702
Bulgaria,BGR,2021-12-19,8108.4814
Bulgaria,BGR,2021-12-26,8238.763
Bulgaria,BGR,2022-01-02,8476.154
Bulgaria,BGR,2022-01-09,8567.014
Bulgaria,BGR,2022-01-16,8658.609
Bulgaria,BGR,2022-01-23,8773.237
Bulgaria,BGR,2022-01-30,8923.99
Bulgaria,BGR,2022-02-06,9103.702
Bulgaria,BGR,2022-02-13,9305.443
Bulgaria,BGR,2022-02-20,9482.944
Bulgaria,BGR,2022-02-27,9599.282
Bulgaria,BGR,2022-03-06,9667.434
Bulgaria,BGR,2022-03-13,9731.191
Bulgaria,BGR,2022-03-20,9770.973
Bulgaria,BGR,2022-03-27,9825.647
Bulgaria,BGR,2022-04-03,9867.14
Bulgaria,BGR,2022-04-10,9897.928
Bulgaria,BGR,2022-04-17,9913.233
Bulgaria,BGR,2022-04-24,9916.624
Bulgaria,BGR,2022-05-01,9934.584
Bulgaria,BGR,2022-05-08,9921.343
Bulgaria,BGR,2022-05-15,9924.853
Bulgaria,BGR,2022-05-22,9931.281
Bulgaria,BGR,2022-05-29,9935.733
Bulgaria,BGR,2022-06-05,9932.283
Bulgaria,BGR,2022-06-12,9914.354
Bulgaria,BGR,2022-06-19,9896.04
Bulgaria,BGR,2022-06-26,9885.218
Bulgaria,BGR,2022-07-03,9876.96
Bulgaria,BGR,2022-07-10,9875.811
Bulgaria,BGR,2022-07-17,9878.405
Bulgaria,BGR,2022-07-24,9902.026
Bulgaria,BGR,2022-07-31,9934.908
Bulgaria,BGR,2022-08-07,9967.672
Bulgaria,BGR,2022-08-14,9989.76
Bulgaria,BGR,2022-08-21,10025.767
Bulgaria,BGR,2022-08-28,10052.308
Bulgaria,BGR,2022-09-04,10063.278
Bulgaria,BGR,2022-09-11,10085.603
Bulgaria,BGR,2022-09-18,10102.735
Bulgaria,BGR,2022-09-25,10111.671
Bulgaria,BGR,2022-10-02,10141.161
Bulgaria,BGR,2022-10-09,10148.593
Bulgaria,BGR,2022-10-16,10154.668
Bulgaria,BGR,2022-10-23,10164.458
Bulgaria,BGR,2022-10-30,10179.056
Bulgaria,BGR,2022-11-06,10194.303
Bulgaria,BGR,2022-11-13,10197.134
Bulgaria,BGR,2022-11-20,10204.211
Bulgaria,BGR,2022-11-27,10188.729
Bulgaria,BGR,2022-12-04,10180.648
Bulgaria,BGR,2022-12-11,10183.391
Bulgaria,BGR,2022-12-18,10176.992
Bulgaria,BGR,2022-12-25,10165.963
Bulgaria,BGR,2023-01-01,10293.515
Bulgaria,BGR,2023-01-08,10257.06
Bulgaria,BGR,2023-01-15,10216.567
Bulgaria,BGR,2023-01-22,10199.73
Bulgaria,BGR,2023-01-29,10144.764
Bulgaria,BGR,2023-02-05,10089.708
Bulgaria,BGR,2023-02-12,10071.047
Bulgaria,BGR,2023-02-19,10071.166
Bulgaria,BGR,2023-02-26,10046.644
Bulgaria,BGR,2023-03-05,10007.198
Bulgaria,BGR,2023-03-12,9961.353
Bulgaria,BGR,2023-03-19,9929.922
Bulgaria,BGR,2023-03-26,9898.79
Bulgaria,BGR,2023-04-02,9878.664
Bulgaria,BGR,2023-04-09,9839.458
Bulgaria,BGR,2023-04-16,9817.597
Bulgaria,BGR,2023-04-23,9808.625
Bulgaria,BGR,2023-04-30,9785.568
Bulgaria,BGR,2023-05-07,9767.057
Bulgaria,BGR,2023-05-14,9743.103
Bulgaria,BGR,2023-05-21,9729.436
Bulgaria,BGR,2023-05-28,9725.876
Bulgaria,BGR,2023-06-04,9713.705
Bulgaria,BGR,2023-06-11,9706.4375
Bulgaria,BGR,2023-06-18,9675.605
Bulgaria,BGR,2023-06-25,9677.489
Bulgaria,BGR,2023-07-02,9633.827
Bulgaria,BGR,2023-07-09,9613.521
Bulgaria,BGR,2023-07-16,9615.555
Bulgaria,BGR,2023-07-23,9651.172
Bulgaria,BGR,2023-07-30,9633.678
Bulgaria,BGR,2023-08-06,9614.867
Bulgaria,BGR,2023-08-13,9583.586
Bulgaria,BGR,2023-08-20,9574.793
Bulgaria,BGR,2023-08-27,9590.494
Bulgaria,BGR,2023-09-03,9582.928
Bulgaria,BGR,2023-09-10,9560.26
Bulgaria,BGR,2023-09-17,9550.869
Bulgaria,BGR,2023-09-24,9544.679
Bulgaria,BGR,2023-10-01,9540.94
Bulgaria,BGR,2023-10-08,9511.244
Bulgaria,BGR,2023-10-15,9504.994
Bulgaria,BGR,2023-10-22,9493.54
Bulgaria,BGR,2023-10-29,9493.988
Bulgaria,BGR,2023-11-05,9477.601
Bulgaria,BGR,2023-11-12,9466.116
Bulgaria,BGR,2023-11-19,9459.089
Bulgaria,BGR,2023-11-26,9471.051
Bulgaria,BGR,2023-12-03,9473.174
Bulgaria,BGR,2023-12-10,9456.966
Bulgaria,BGR,2023-12-17,9442.252
Bulgaria,BGR,2023-12-24,9417.161
Bulgaria,BGR,2023-12-31,9407.143
Canada,CAN,2020-01-05,-5.017329
Canada,CAN,2020-01-12,-11.459886
Canada,CAN,2020-01-19,-18.667841
Canada,CAN,2020-01-26,-22.523874
Canada,CAN,2020-02-02,-29.4679
Canada,CAN,2020-02-09,-34.907516
Canada,CAN,2020-02-16,-44.543636
Canada,CAN,2020-02-23,-54.602047
Canada,CAN,2020-03-01,-60.17363
Canada,CAN,2020-03-08,-65.824394
Canada,CAN,2020-03-15,-71.44876
Canada,CAN,2020-03-22,-70.89715
Canada,CAN,2020-03-29,-67.17837
Canada,CAN,2020-04-05,-52.84956
Canada,CAN,2020-04-12,-28.702524
Canada,CAN,2020-04-19,-3.6581235
Canada,CAN,2020-04-26,31.38926
Canada,CAN,2020-05-03,64.74748
Canada,CAN,2020-05-10,88.73616
Canada,CAN,2020-05-17,107.18229
Canada,CAN,2020-05-24,121.53749
Canada,CAN,2020-05-31,136.55252
Canada,CAN,2020-06-07,143.88715
Canada,CAN,2020-06-14,142.32732
Canada,CAN,2020-06-21,144.56808
Canada,CAN,2020-06-28,145.96428
Canada,CAN,2020-07-05,143.03201
Canada,CAN,2020-07-12,147.80652
Canada,CAN,2020-07-19,151.47252
Canada,CAN,2020-07-26,154.03
Canada,CAN,2020-08-02,155.21504
Canada,CAN,2020-08-09,156.21535
Canada,CAN,2020-08-16,162.36229
Canada,CAN,2020-08-23,168.24532
Canada,CAN,2020-08-30,168.66496
Canada,CAN,2020-09-06,173.12274
Canada,CAN,2020-09-13,174.83565
Canada,CAN,2020-09-20,179.13509
Canada,CAN,2020-09-27,187.55183
Canada,CAN,2020-10-04,192.35274
Canada,CAN,2020-10-11,198.4469
Canada,CAN,2020-10-18,200.55571
Canada,CAN,2020-10-25,203.66745
Canada,CAN,2020-11-01,208.54753
Canada,CAN,2020-11-08,224.61829
Canada,CAN,2020-11-15,237.07318
Canada,CAN,2020-11-22,248.52513
Canada,CAN,2020-11-29,263.64575
Canada,CAN,2020-12-06,283.01562
Canada,CAN,2020-12-13,301.3034
Canada,CAN,2020-12-20,314.60287
Canada,CAN,2020-12-27,331.04312
Canada,CAN,2021-01-03,348.07208
Canada,CAN,2021-01-10,355.4499
Canada,CAN,2021-01-17,361.0193
Canada,CAN,2021-01-24,367.40112
Canada,CAN,2021-01-31,373.96646
Canada,CAN,2021-02-07,381.39667
Canada,CAN,2021-02-14,378.7889
Canada,CAN,2021-02-21,375.42105
Canada,CAN,2021-02-28,370.5855
Canada,CAN,2021-03-07,367.84668
Canada,CAN,2021-03-14,359.52536
Canada,CAN,2021-03-21,350.18192
Canada,CAN,2021-03-28,344.48148
Canada,CAN,2021-04-04,338.12582
Canada,CAN,2021-04-11,338.24377
Canada,CAN,2021-04-18,337.4968
Canada,CAN,2021-04-25,337.1168
Canada,CAN,2021-05-02,343.78693
Canada,CAN,2021-05-09,348.1245
Canada,CAN,2021-05-16,352.5931
Canada,CAN,2021-05-23,360.2068
Canada,CAN,2021-05-30,357.07483
Canada,CAN,2021-06-06,363.50912
Canada,CAN,2021-06-13,362.70975
Canada,CAN,2021-06-20,364.21677
Canada,CAN,2021-06-27,364.38712
Canada,CAN,2021-07-04,385.21008
Canada,CAN,2021-07-11,386.4026
Canada,CAN,2021-07-18,388.43375
Canada,CAN,2021-07-25,392.77133
Canada,CAN,2021-08-01,399.54633
Canada,CAN,2021-08-08,406.7931
Canada,CAN,2021-08-15,411.23547
Canada,CAN,2021-08-22,423.27847
Canada,CAN,2021-08-29,432.70056
Canada,CAN,2021-09-05,445.34634
Canada,CAN,2021-09-12,463.96774
Canada,CAN,2021-09-19,479.99448
Canada,CAN,2021-09-26,495.05148
Canada,CAN,2021-10-03,508.69318
Canada,CAN,2021-10-10,518.7443
Canada,CAN,2021-10-17,532.7005
Canada,CAN,2021-10-24,544.66486
Canada,CAN,2021-10-31,553.43176
Canada,CAN,2021-11-07,565.52716
Canada,CAN,2021-11-14,581.6587
Canada,CAN,2021-11-21,591.9719
Canada,CAN,2021-11-28,603.38586
Canada,CAN,2021-12-05,617.2635
Canada,CAN,2021-12-12,626.44965
Canada,CAN,2021-12-19,638.2306
Canada,CAN,2021-12-26,651.3481
Canada,CAN,2022-01-02,656.017
Canada,CAN,2022-01-09,669.4902
Canada,CAN,2022-01-16,698.7223
Canada,CAN,2022-01-23,734.87164
Canada,CAN,2022-01-30,766.52216
Canada,CAN,2022-02-06,795.3902
Canada,CAN,2022-02-13,815.7286
Canada,CAN,2022-02-20,826.2112
Canada,CAN,2022-02-27,830.4266
Canada,CAN,2022-03-06,833.8618
Canada,CAN,2022-03-13,831.628
Canada,CAN,2022-03-20,829.9403
Canada,CAN,2022-03-27,825.366
Canada,CAN,2022-04-03,821.1818
Canada,CAN,2022-04-10,828.10175
Canada,CAN,2022-04-17,834.1635
Canada,CAN,2022-04-24,839.80914
Canada,CAN,2022-05-01,847.7692
Canada,CAN,2022-05-08,858.8759
Canada,CAN,2022-05-15,876.4838
Canada,CAN,2022-05-22,885.3801
Canada,CAN,2022-05-29,893.4962
Canada,CAN,2022-06-05,902.3925
Canada,CAN,2022-06-12,911.39276
Canada,CAN,2022-06-19,918.91077
Canada,CAN,2022-06-26,922.89215
Canada,CAN,2022-07-03,931.5024
Canada,CAN,2022-07-10,939.74854
Canada,CAN,2022-07-17,956.10815
Canada,CAN,2022-07-24,974.10614
Canada,CAN,2022-07-31,990.10175
Canada,CAN,2022-08-07,1006.6955
Canada,CAN,2022-08-14,1023.88727
Canada,CAN,2022-08-21,1040.299
Canada,CAN,2022-08-28,1055.8005
Canada,CAN,2022-09-04,1073.9805
Canada,CAN,2022-09-11,1087.6876
Canada,CAN,2022-09-18,1102.5911
Canada,CAN,2022-09-25,1120.6931
Canada,CAN,2022-10-02,1141.2915
Canada,CAN,2022-10-09,1161.968
Canada,CAN,2022-10-16,1180.018
Canada,CAN,2022-10-23,1199.6023
Canada,CAN,2022-10-30,1221.865
Canada,CAN,2022-11-06,1244.4398
Canada,CAN,2022-11-13,1264.2582
Canada,CAN,2022-11-20,1287.7952
Canada,CAN,2022-11-27,1315.545
Canada,CAN,2022-12-04,1346.7794
Canada,CAN,2022-12-11,1376.8698
Canada,CAN,2022-12-18,1399.9126
Canada,CAN,2022-12-25,1424.1517
Canada,CAN,2023-01-01,1440.1508
Canada,CAN,2023-01-08,1448.7811
Canada,CAN,2023-01-15,1454.7325
Canada,CAN,2023-01-22,1456.9681
Canada,CAN,2023-01-29,1454.2297
Canada,CAN,2023-02-05,1455.6943
Canada,CAN,2023-02-12,1461.723
Canada,CAN,2023-02-19,1460.9417
Canada,CAN,2023-02-26,1457.8164
Canada,CAN,2023-03-05,1462.6823
Canada,CAN,2023-03-12,1463.0896
Canada,CAN,2023-03-19,1466.746
Canada,CAN,2023-03-26,1467.9244
Canada,CAN,2023-04-02,1471.4236
Canada,CAN,2023-04-09,1472.5271
Canada,CAN,2023-04-16,1477.2924
Canada,CAN,2023-04-23,1479.8374
Canada,CAN,2023-04-30,1487.1295
Canada,CAN,2023-05-07,1489.8035
Canada,CAN,2023-05-14,1494.8008
Canada,CAN,2023-05-21,1496.0591
Canada,CAN,2023-05-28,1496.1571
Canada,CAN,2023-06-04,1506.0536
Canada,CAN,2023-06-11,1506.51
Canada,CAN,2023-06-18,1514.3953
Canada,CAN,2023-06-25,1522.8967
Canada,CAN,2023-07-02,1529.2865
Canada,CAN,2023-07-09,1532.4788
Canada,CAN,2023-07-16,1535.4647
Canada,CAN,2023-07-23,1539.6884
Canada,CAN,2023-07-30,1547.7257
Canada,CAN,2023-08-06,1555.7141
Canada,CAN,2023-08-13,1561.4592
Canada,CAN,2023-08-20,1568.7513
Canada,CAN,2023-08-27,1579.7825
Canada,CAN,2023-09-03,1589.3438
Canada,CAN,2023-09-10,1596.146
Canada,CAN,2023-09-17,1606.1973
Canada,CAN,2023-09-24,1616.3258
Canada,CAN,2023-10-01,1628.672
Canada,CAN,2023-10-08,1647.6708
Canada,CAN,2023-10-15,1663.8075
Canada,CAN,2023-10-22,1677.3397
Canada,CAN,2023-10-29,1683.7294
Canada,CAN,2023-11-05,1700.6139
Canada,CAN,2023-11-12,1721.0825
Canada,CAN,2023-11-19,1739.0499
Canada,CAN,2023-11-26,1752.2986
Canada,CAN,2023-12-03,1775.7068
Canada,CAN,2023-12-10,1797.3357
Canada,CAN,2023-12-17,1817.005
Canada,CAN,2023-12-24,1834.895
Canada,CAN,2023-12-31,1852.6304
Cape Verde,CPV,2020-01-31,-6.865232
Cape Verde,CPV,2020-02-29,-5.4921803
Cape Verde,CPV,2020-03-31,-81.69624
Cape Verde,CPV,2020-04-30,-71.3984
Cape Verde,CPV,2020-05-31,-76.20406
Cape Verde,CPV,2020-06-30,-5.148924
Cape Verde,CPV,2020-07-31,2.4028208
Cape Verde,CPV,2020-08-31,17.506336
Cape Verde,CPV,2020-09-30,102.29194
Cape Verde,CPV,2020-10-31,200.1215
Cape Verde,CPV,2020-11-30,266.371
Cape Verde,CPV,2020-12-31,323.69568
Cape Verde,CPV,2021-01-31,298.33176
Cape Verde,CPV,2021-02-28,324.86526
Cape Verde,CPV,2021-03-31,335.7508
Cape Verde,CPV,2021-04-30,514.00146
Cape Verde,CPV,2021-05-31,626.2586
Cape Verde,CPV,2021-06-30,686.1291
Cape Verde,CPV,2021-07-31,727.29
Cape Verde,CPV,2021-08-31,767.4304
Cape Verde,CPV,2021-09-30,902.139
Cape Verde,CPV,2021-10-31,913.70483
Cape Verde,CPV,2021-11-30,922.8895
Cape Verde,CPV,2021-12-31,969.1531
Cape Verde,CPV,2022-01-31,1155.5022
Cape Verde,CPV,2022-02-28,1156.1765
Cape Verde,CPV,2022-03-31,1136.2832
Cape Verde,CPV,2022-04-30,1130.5511
Cape Verde,CPV,2022-05-31,1155.5022
Cape Verde,CPV,2022-06-30,1165.6174
Cape Verde,CPV,2022-07-31,1254.9691
Cape Verde,CPV,2022-08-31,1262.387
Cape Verde,CPV,2022-09-30,1329.8221
Cape Verde,CPV,2022-10-31,1337.5773
Cape Verde,CPV,2022-11-30,1344.658
Cape Verde,CPV,2022-12-31,1312.6262
Chile,CHL,2020-01-05,4.808213
Chile,CHL,2020-01-12,11.056814
Chile,CHL,2020-01-19,14.922034
Chile,CHL,2020-01-26,13.150045
Chile,CHL,2020-02-02,11.403962
Chile,CHL,2020-02-09,14.828775
Chile,CHL,2020-02-16,14.144851
Chile,CHL,2020-02-23,10.611233
Chile,CHL,2020-03-01,11.315884
Chile,CHL,2020-03-08,11.709658
Chile,CHL,2020-03-15,13.968687
Chile,CHL,2020-03-22,19.813152
Chile,CHL,2020-03-29,23.68874
Chile,CHL,2020-04-05,29.16015
Chile,CHL,2020-04-12,27.569506
Chile,CHL,2020-04-19,32.134197
Chile,CHL,2020-04-26,33.27926
Chile,CHL,2020-05-03,34.16526
Chile,CHL,2020-05-10,49.543247
Chile,CHL,2020-05-17,65.688065
Chile,CHL,2020-05-24,100.31444
Chile,CHL,2020-05-31,157.18398
Chile,CHL,2020-06-07,234.76302
Chile,CHL,2020-06-14,311.43533
Chile,CHL,2020-06-21,374.5742
Chile,CHL,2020-06-28,425.7806
Chile,CHL,2020-07-05,456.4433
Chile,CHL,2020-07-12,483.2978
Chile,CHL,2020-07-19,498.90894
Chile,CHL,2020-07-26,511.3336
Chile,CHL,2020-08-02,522.78937
Chile,CHL,2020-08-09,530.6183
Chile,CHL,2020-08-16,535.68555
Chile,CHL,2020-08-23,550.38995
Chile,CHL,2020-08-30,562.5711
Chile,CHL,2020-09-06,567.43115
Chile,CHL,2020-09-13,575.8041
Chile,CHL,2020-09-20,580.9128
Chile,CHL,2020-09-27,589.00073
Chile,CHL,2020-10-04,598.4877
Chile,CHL,2020-10-11,614.28015
Chile,CHL,2020-10-18,626.6012
Chile,CHL,2020-10-25,639.93256
Chile,CHL,2020-11-01,652.1759
Chile,CHL,2020-11-08,662.89075
Chile,CHL,2020-11-15,670.02014
Chile,CHL,2020-11-22,678.248
Chile,CHL,2020-11-29,689.7142
Chile,CHL,2020-12-06,702.29425
Chile,CHL,2020-12-13,714.0868
Chile,CHL,2020-12-20,725.154
Chile,CHL,2020-12-27,750.8168
Chile,CHL,2021-01-03,769.2587
Chile,CHL,2021-01-10,789.30676
Chile,CHL,2021-01-17,813.546
Chile,CHL,2021-01-24,848.6609
Chile,CHL,2021-01-31,875.6344
Chile,CHL,2021-02-07,906.2246
Chile,CHL,2021-02-14,934.2344
Chile,CHL,2021-02-21,962.2339
Chile,CHL,2021-02-28,993.26013
Chile,CHL,2021-03-07,1031.966
Chile,CHL,2021-03-14,1070.1075
Chile,CHL,2021-03-21,1102.4521
Chile,CHL,2021-03-28,1143.9949
Chile,CHL,2021-04-04,1188.3591
Chile,CHL,2021-04-11,1231.4767
Chile,CHL,2021-04-18,1273.7633
Chile,CHL,2021-04-25,1306.1337
Chile,CHL,2021-05-02,1340.915
Chile,CHL,2021-05-09,1373.1827
Chile,CHL,2021-05-16,1408.4155
Chile,CHL,2021-05-23,1448.0961
Chile,CHL,2021-05-30,1488.1768
Chile,CHL,2021-06-06,1523.3942
Chile,CHL,2021-06-13,1559.2169
Chile,CHL,2021-06-20,1592.3464
Chile,CHL,2021-06-27,1625.512
Chile,CHL,2021-07-04,1664.4127
Chile,CHL,2021-07-11,1695.5415
Chile,CHL,2021-07-18,1724.2849
Chile,CHL,2021-07-25,1740.7163
Chile,CHL,2021-08-01,1753.7362
Chile,CHL,2021-08-08,1762.5598
Chile,CHL,2021-08-15,1774.205
Chile,CHL,2021-08-22,1786.8145
Chile,CHL,2021-08-29,1787.625
Chile,CHL,2021-09-05,1790.703
Chile,CHL,2021-09-12,1793.9247
Chile,CHL,2021-09-19,1799.6959
Chile,CHL,2021-09-26,1800.9015
Chile,CHL,2021-10-03,1801.1067
Chile,CHL,2021-10-10,1808.0835
Chile,CHL,2021-10-17,1820.2826
Chile,CHL,2021-10-24,1826.4283
Chile,CHL,2021-10-31,1843.2189
Chile,CHL,2021-11-07,1852.7247
Chile,CHL,2021-11-14,1869.6947
Chile,CHL,2021-11-21,1887.3676
Chile,CHL,2021-11-28,1904.9532
Chile,CHL,2021-12-05,1932.0037
Chile,CHL,2021-12-12,1953.9498
Chile,CHL,2021-12-19,1976.0858
Chile,CHL,2021-12-26,2000.1199
Chile,CHL,2022-01-02,1980.9491
Chile,CHL,2022-01-09,2000.879
Chile,CHL,2022-01-16,2025.7926
Chile,CHL,2022-01-23,2044.4829
Chile,CHL,2022-01-30,2074.921
Chile,CHL,2022-02-06,2117.7292
Chile,CHL,2022-02-13,2170.8262
Chile,CHL,2022-02-20,2234.6252
Chile,CHL,2022-02-27,2297.251
Chile,CHL,2022-03-06,2356.546
Chile,CHL,2022-03-13,2403.9553
Chile,CHL,2022-03-20,2441.0093
Chile,CHL,2022-03-27,2471.1924
Chile,CHL,2022-04-03,2495.7642
Chile,CHL,2022-04-10,2517.362
Chile,CHL,2022-04-17,2524.667
Chile,CHL,2022-04-24,2542.6685
Chile,CHL,2022-05-01,2550.162
Chile,CHL,2022-05-08,2565.715
Chile,CHL,2022-05-15,2586.308
Chile,CHL,2022-05-22,2601.734
Chile,CHL,2022-05-29,2608.4775
Chile,CHL,2022-06-05,2635.3293
Chile,CHL,2022-06-12,2650.6938
Chile,CHL,2022-06-19,2666.2878
Chile,CHL,2022-06-26,2678.1936
Chile,CHL,2022-07-03,2692.793
Chile,CHL,2022-07-10,2716.2427
Chile,CHL,2022-07-17,2743.7476
Chile,CHL,2022-07-24,2768.957
Chile,CHL,2022-07-31,2776.4912
Chile,CHL,2022-08-07,2782.9136
Chile,CHL,2022-08-14,2794.5388
Chile,CHL,2022-08-21,2811.4082
Chile,CHL,2022-08-28,2824.1455
Chile,CHL,2022-09-04,2839.4436
Chile,CHL,2022-09-11,2847.0288
Chile,CHL,2022-09-18,2858.4246
Chile,CHL,2022-09-25,2872.116
Chile,CHL,2022-10-02,2878.2832
Chile,CHL,2022-10-09,2886.4907
Chile,CHL,2022-10-16,2895.1472
Chile,CHL,2022-10-23,2905.334
Chile,CHL,2022-10-30,2917.9949
Chile,CHL,2022-11-06,2939.4805
Chile,CHL,2022-11-13,2956.7578
Chile,CHL,2022-11-20,2977.8967
Chile,CHL,2022-11-27,3003.5398
Chile,CHL,2022-12-04,3017.0168
Chile,CHL,2022-12-11,3041.9968
Chile,CHL,2022-12-18,3066.9614
Chile,CHL,2022-12-25,3083.5603
Chile,CHL,2023-01-01,3102.0774
Chile,CHL,2023-01-08,3115.5571
Chile,CHL,2023-01-15,3125.715
Chile,CHL,2023-01-22,3137.1978
Chile,CHL,2023-01-29,3142.7812
Chile,CHL,2023-02-05,3149.9185
Chile,CHL,2023-02-12,3165.0945
Chile,CHL,2023-02-19,3170.474
Chile,CHL,2023-02-26,3173.5613
Chile,CHL,2023-03-05,3187.693
Chile,CHL,2023-03-12,3198.3606
Chile,CHL,2023-03-19,3210.098
Chile,CHL,2023-03-26,3223.4758
Chile,CHL,2023-04-02,3230.231
Chile,CHL,2023-04-09,3233.9702
Chile,CHL,2023-04-16,3235.86
Chile,CHL,2023-04-23,3244.7703
Chile,CHL,2023-04-30,3252.3047
Chile,CHL,2023-05-07,3258.4128
Chile,CHL,2023-05-14,3274.5925
Chile,CHL,2023-05-21,3287.7053
Chile,CHL,2023-05-28,3292.9575
Chile,CHL,2023-06-04,3302.3005
Chile,CHL,2023-06-11,3301.8982
Chile,CHL,2023-06-18,3302.3364
Chile,CHL,2023-06-25,3301.7964
Chile,CHL,2023-07-02,3292.0713
Chile,CHL,2023-07-09,3285.479
Chile,CHL,2023-07-16,3286.9617
Chile,CHL,2023-07-23,3281.261
Chile,CHL,2023-07-30,3272.631
Chile,CHL,2023-08-06,3261.3677
Chile,CHL,2023-08-13,3257.0833
Chile,CHL,2023-08-20,3255.3308
Chile,CHL,2023-08-27,3247.7708
Chile,CHL,2023-09-03,3252.6562
Chile,CHL,2023-09-10,3250.802
Chile,CHL,2023-09-17,3254.3882
Chile,CHL,2023-09-24,3257.4143
Chile,CHL,2023-10-01,3267.1394
Chile,CHL,2023-10-08,3270.6494
Chile,CHL,2023-10-15,3279.646
Chile,CHL,2023-10-22,3288.235
Chile,CHL,2023-10-29,3291.9592
Chile,CHL,2023-11-05,3303.4775
Chile,CHL,2023-11-12,3315.5308
Chile,CHL,2023-11-19,3324.8738
Chile,CHL,2023-11-26,3336.876
Chile,CHL,2023-12-03,3344.4207
Chile,CHL,2023-12-10,3354.9966
Chile,CHL,2023-12-17,3356.953
Chile,CHL,2023-12-24,3365.328
Chile,CHL,2023-12-31,3370.9368
Colombia,COL,2020-01-05,-1.6669705
Colombia,COL,2020-01-12,1.5314941
Colombia,COL,2020-01-19,2.157834
Colombia,COL,2020-01-26,2.5799766
Colombia,COL,2020-02-02,2.3698833
Colombia,COL,2020-02-09,5.387716
Colombia,COL,2020-02-16,8.880698
Colombia,COL,2020-02-23,12.32263
Colombia,COL,2020-03-01,11.814097
Colombia,COL,2020-03-08,10.547669
Colombia,COL,2020-03-15,6.834776
Colombia,COL,2020-03-22,5.1560225
Colombia,COL,2020-03-29,-0.18260698
Colombia,COL,2020-04-05,-7.696749
Colombia,COL,2020-04-12,-13.706883
Colombia,COL,2020-04-19,-17.781052
Colombia,COL,2020-04-26,-22.29111
Colombia,COL,2020-05-03,-29.137676
Colombia,COL,2020-05-10,-33.12152
Colombia,COL,2020-05-17,-37.553043
Colombia,COL,2020-05-24,-38.933346
Colombia,COL,2020-05-31,-39.598957
Colombia,COL,2020-06-07,-33.172573
Colombia,COL,2020-06-14,-22.245953
Colombia,COL,2020-06-21,-3.4890807
Colombia,COL,2020-06-28,21.05998
Colombia,COL,2020-07-05,48.785915
Colombia,COL,2020-07-12,86.74537
Colombia,COL,2020-07-19,138.0995
Colombia,COL,2020-07-26,199.48297
Colombia,COL,2020-08-02,267.26727
Colombia,COL,2020-08-09,329.4597
Colombia,COL,2020-08-16,387.8862
Colombia,COL,2020-08-23,437.78345
Colombia,COL,2020-08-30,480.45126
Colombia,COL,2020-09-06,518.70526
Colombia,COL,2020-09-13,553.9905
Colombia,COL,2020-09-20,585.39984
Colombia,COL,2020-09-27,617.32367
Colombia,COL,2020-10-04,645.3716
Colombia,COL,2020-10-11,676.16833
Colombia,COL,2020-10-18,707.2714
Colombia,COL,2020-10-25,742.3407
Colombia,COL,2020-11-01,770.75775
Colombia,COL,2020-11-08,802.30066
Colombia,COL,2020-11-15,831.08685
Colombia,COL,2020-11-22,861.4752
Colombia,COL,2020-11-29,891.7222
Colombia,COL,2020-12-06,918.0816
Colombia,COL,2020-12-13,952.90344
Colombia,COL,2020-12-20,988.06305
Colombia,COL,2020-12-27,1030.1144
Colombia,COL,2021-01-03,1072.4727
Colombia,COL,2021-01-10,1127.4626
Colombia,COL,2021-01-17,1196.0367
Colombia,COL,2021-01-24,1264.9602
Colombia,COL,2021-01-31,1320.5598
Colombia,COL,2021-02-07,1365.6735
Colombia,COL,2021-02-14,1398.2358
Colombia,COL,2021-02-21,1423.3481
Colombia,COL,2021-02-28,1441.7714
Colombia,COL,2021-03-07,1459.55
Colombia,COL,2021-03-14,1471.5714
Colombia,COL,2021-03-21,1488.4146
Colombia,COL,2021-03-28,1513.3251
Colombia,COL,2021-04-04,1548.4574
Colombia,COL,2021-04-11,1598.1521
Colombia,COL,2021-04-18,1672.2972
Colombia,COL,2021-04-25,1753.2673
Colombia,COL,2021-05-02,1833.7094
Colombia,COL,2021-05-09,1915.1415
Colombia,COL,2021-05-16,1997.6954
Colombia,COL,2021-05-23,2078.953
Colombia,COL,2021-05-30,2165.828
Colombia,COL,2021-06-06,2261.931
Colombia,COL,2021-06-13,2363.24
Colombia,COL,2021-06-20,2472.1816
Colombia,COL,2021-06-27,2581.1973
Colombia,COL,2021-07-04,2685.612
Colombia,COL,2021-07-11,2777.0178
Colombia,COL,2021-07-18,2853.0146
Colombia,COL,2021-07-25,2908.9636
Colombia,COL,2021-08-01,2955.3972
Colombia,COL,2021-08-08,2986.2437
Colombia,COL,2021-08-15,3005.952
Colombia,COL,2021-08-22,3022.2283
Colombia,COL,2021-08-29,3034.1487
Colombia,COL,2021-09-05,3040.8823
Colombia,COL,2021-09-12,3047.0376
Colombia,COL,2021-09-19,3052.4902
Colombia,COL,2021-09-26,3061.2544
Colombia,COL,2021-10-03,3068.2366
Colombia,COL,2021-10-10,3076.7446
Colombia,COL,2021-10-17,3083.1367
Colombia,COL,2021-10-24,3088.609
Colombia,COL,2021-10-31,3096.3713
Colombia,COL,2021-11-07,3103.4001
Colombia,COL,2021-11-14,3113.2087
Colombia,COL,2021-11-21,3122.8347
Colombia,COL,2021-11-28,3131.7346
Colombia,COL,2021-12-05,3144.0278
Colombia,COL,2021-12-12,3155.8745
Colombia,COL,2021-12-19,3165.2754
Colombia,COL,2021-12-26,3181.7847
Colombia,COL,2022-01-02,3174.2493
Colombia,COL,2022-01-09,3194.8125
Colombia,COL,2022-01-16,3232.6252
Colombia,COL,2022-01-23,3285.86
Colombia,COL,2022-01-30,3349.1306
Colombia,COL,2022-02-06,3404.166
Colombia,COL,2022-02-13,3444.057
Colombia,COL,2022-02-20,3469.6477
Colombia,COL,2022-02-27,3482.523
Colombia,COL,2022-03-06,3489.65
Colombia,COL,2022-03-13,3493.7002
Colombia,COL,2022-03-20,3495.0208
Colombia,COL,2022-03-27,3497.3938
Colombia,COL,2022-04-03,3497.8506
Colombia,COL,2022-04-10,3499.4102
Colombia,COL,2022-04-17,3498.7837
Colombia,COL,2022-04-24,3502.1785
Colombia,COL,2022-05-01,3504.432
Colombia,COL,2022-05-08,3510.0784
Colombia,COL,2022-05-15,3514.0051
Colombia,COL,2022-05-22,3514.8706
Colombia,COL,2022-05-29,3517.479
Colombia,COL,2022-06-05,3522.524
Colombia,COL,2022-06-12,3527.3606
Colombia,COL,2022-06-19,3533.7434
Colombia,COL,2022-06-26,3539.7559
Colombia,COL,2022-07-03,3554.0579
Colombia,COL,2022-07-10,3570.3801
Colombia,COL,2022-07-17,3587.1497
Colombia,COL,2022-07-24,3595.7686
Colombia,COL,2022-07-31,3607.2944
Colombia,COL,2022-08-07,3614.7722
Colombia,COL,2022-08-14,3620.1333
Colombia,COL,2022-08-21,3622.3174
Colombia,COL,2022-08-28,3628.0217
Colombia,COL,2022-09-04,3634.1655
Colombia,COL,2022-09-11,3638.9443
Colombia,COL,2022-09-18,3639.5168
Colombia,COL,2022-09-25,3638.8672
Colombia,COL,2022-10-02,3640.072
Colombia,COL,2022-10-09,3642.5222
Colombia,COL,2022-10-16,3645.4543
Colombia,COL,2022-10-23,3650.056
Colombia,COL,2022-10-30,3653.809
Colombia,COL,2022-11-06,3655.523
Colombia,COL,2022-11-13,3655.891
Colombia,COL,2022-11-20,3657.8708
Colombia,COL,2022-11-27,3664.5466
Colombia,COL,2022-12-04,3668.9053
Colombia,COL,2022-12-11,3673.5532
Colombia,COL,2022-12-18,3678.336
Colombia,COL,2022-12-25,3685.9177
Colombia,COL,2023-01-01,3678.6038
Colombia,COL,2023-01-08,3674.0632
Colombia,COL,2023-01-15,3674.0498
Colombia,COL,2023-01-22,3673.4219
Colombia,COL,2023-01-29,3674.8984
Colombia,COL,2023-02-05,3673.7407
Colombia,COL,2023-02-12,3674.3762
Colombia,COL,2023-02-19,3674.3435
Colombia,COL,2023-02-26,3676.3728
Colombia,COL,2023-03-05,3679.7424
Colombia,COL,2023-03-12,3678.1084
Colombia,COL,2023-03-19,3677.519
Colombia,COL,2023-03-26,3680.1475
Colombia,COL,2023-04-02,3681.4817
Costa Rica,CRI,2020-01-31,-23.930809
Costa Rica,CRI,2020-02-29,-8.120091
Costa Rica,CRI,2020-03-31,-7.2612567
Costa Rica,CRI,2020-04-30,-47.237007
Costa Rica,CRI,2020-05-31,-91.23373
Costa Rica,CRI,2020-06-30,-137.80705
Costa Rica,CRI,2020-07-31,-146.27844
Costa Rica,CRI,2020-08-31,-110.753136
Costa Rica,CRI,2020-09-30,-23.423334
Costa Rica,CRI,2020-10-31,47.510166
Costa Rica,CRI,2020-11-30,99.82217
Costa Rica,CRI,2020-12-31,185.20003
Costa Rica,CRI,2021-01-31,263.19565
Costa Rica,CRI,2021-02-28,290.80548
Costa Rica,CRI,2021-03-31,319.075
Costa Rica,CRI,2021-04-30,362.43973
Costa Rica,CRI,2021-05-31,529.8644
Costa Rica,CRI,2021-06-30,620.2221
Costa Rica,CRI,2021-07-31,684.81323
Costa Rica,CRI,2021-08-31,794.3019
Costa Rica,CRI,2021-09-30,996.2243
Costa Rica,CRI,2021-10-31,1141.8793
Costa Rica,CRI,2021-11-30,1169.8772
Costa Rica,CRI,2021-12-31,1162.058
Costa Rica,CRI,2022-01-31,1188.2444
Costa Rica,CRI,2022-02-28,1285.0435
Costa Rica,CRI,2022-03-31,1328.0674
Costa Rica,CRI,2022-04-30,1326.6583
Costa Rica,CRI,2022-05-31,1378.5997
Costa Rica,CRI,2022-06-30,1425.677
Costa Rica,CRI,2022-07-31,1493.832
Costa Rica,CRI,2022-08-31,1523.4606
Costa Rica,CRI,2022-09-30,1552.587
Costa Rica,CRI,2022-10-31,1559.3234
Costa Rica,CRI,2022-11-30,1564.4385
Costa Rica,CRI,2022-12-31,1579.4746
Costa Rica,CRI,2023-01-31,1591.3115
Costa Rica,CRI,2023-02-28,1599.7148
Costa Rica,CRI,2023-03-31,1628.7239
Costa Rica,CRI,2023-04-30,1648.2935
Costa Rica,CRI,2023-05-31,1659.306
Costa Rica,CRI,2023-06-30,1693.4952
Costa Rica,CRI,2023-07-31,1761.4899
Costa Rica,CRI,2023-08-31,1785.242
Costa Rica,CRI,2023-09-30,1804.4661
Costa Rica,CRI,2023-10-31,1831.7483
Costa Rica,CRI,2023-11-30,1850.8959
Costa Rica,CRI,2023-12-31,1861.4865
Croatia,HRV,2020-01-05,-37.516415
Croatia,HRV,2020-01-12,-81.7697
Croatia,HRV,2020-01-19,-134.51726
Croatia,HRV,2020-01-26,-153.77586
Croatia,HRV,2020-02-02,-173.27855
Croatia,HRV,2020-02-09,-192.83005
Croatia,HRV,2020-02-16,-199.44484
Croatia,HRV,2020-02-23,-211.62486
Croatia,HRV,2020-03-01,-229.95592
Croatia,HRV,2020-03-08,-242.42885
Croatia,HRV,2020-03-15,-239.71947
Croatia,HRV,2020-03-22,-227.24654
Croatia,HRV,2020-03-29,-201.4952
Croatia,HRV,2020-04-05,-204.74158
Croatia,HRV,2020-04-12,-198.32205
Croatia,HRV,2020-04-19,-189.46164
Croatia,HRV,2020-04-26,-219.80185
Croatia,HRV,2020-05-03,-229.44336
Croatia,HRV,2020-05-10,-240.93993
Croatia,HRV,2020-05-17,-243.89339
Croatia,HRV,2020-05-24,-248.79958
Croatia,HRV,2020-05-31,-263.42047
Croatia,HRV,2020-06-07,-252.80263
Croatia,HRV,2020-06-14,-238.32817
Croatia,HRV,2020-06-21,-241.1352
Croatia,HRV,2020-06-28,-232.47005
Croatia,HRV,2020-07-05,-222.82854
Croatia,HRV,2020-07-12,-225.09857
Croatia,HRV,2020-07-19,-236.35104
Croatia,HRV,2020-07-26,-234.42274
Croatia,HRV,2020-08-02,-205.44942
Croatia,HRV,2020-08-09,-200.68968
Croatia,HRV,2020-08-16,-198.27321
Croatia,HRV,2020-08-23,-189.02223
Croatia,HRV,2020-08-30,-169.95892
Croatia,HRV,2020-09-06,-153.92229
Croatia,HRV,2020-09-13,-124.16788
Croatia,HRV,2020-09-20,-108.13125
Croatia,HRV,2020-09-27,-98.58739
Croatia,HRV,2020-10-04,-68.10071
Croatia,HRV,2020-10-11,-63.877975
Croatia,HRV,2020-10-18,-22.065592
Croatia,HRV,2020-10-25,26.776545
Croatia,HRV,2020-11-01,79.08474
Croatia,HRV,2020-11-08,160.24422
Croatia,HRV,2020-11-15,258.14816
Croatia,HRV,2020-11-22,393.34888
Croatia,HRV,2020-11-29,522.7891
Croatia,HRV,2020-12-06,699.1432
Croatia,HRV,2020-12-13,878.86566
Croatia,HRV,2020-12-20,1063.8605
Croatia,HRV,2020-12-27,1209.5082
Croatia,HRV,2021-01-03,1329.2402
Croatia,HRV,2021-01-10,1368.229
Croatia,HRV,2021-01-17,1398.9423
Croatia,HRV,2021-01-24,1419.114
Croatia,HRV,2021-01-31,1428.0052
Croatia,HRV,2021-02-07,1435.6652
Croatia,HRV,2021-02-14,1442.2905
Croatia,HRV,2021-02-21,1443.4974
Croatia,HRV,2021-02-28,1445.2461
Croatia,HRV,2021-03-07,1430.4436
Croatia,HRV,2021-03-14,1424.5079
Croatia,HRV,2021-03-21,1413.9418
Croatia,HRV,2021-03-28,1439.0886
Croatia,HRV,2021-04-04,1492.6582
Croatia,HRV,2021-04-11,1555.3901
Croatia,HRV,2021-04-18,1634.0327
Croatia,HRV,2021-04-25,1726.468
Croatia,HRV,2021-05-02,1813.8296
Croatia,HRV,2021-05-09,1888.0881
Croatia,HRV,2021-05-16,1970.0803
Croatia,HRV,2021-05-23,2016.6058
Croatia,HRV,2021-05-30,2048.1072
Croatia,HRV,2021-06-06,2107.982
Croatia,HRV,2021-06-13,2140.8628
Croatia,HRV,2021-06-20,2169.0144
Croatia,HRV,2021-06-27,2223.569
Croatia,HRV,2021-07-04,2246.1055
Croatia,HRV,2021-07-11,2265.1934
Croatia,HRV,2021-07-18,2280.6362
Croatia,HRV,2021-07-25,2275.4395
Croatia,HRV,2021-08-01,2300.537
Croatia,HRV,2021-08-08,2304.4038
Croatia,HRV,2021-08-15,2335.807
Croatia,HRV,2021-08-22,2356.4712
Croatia,HRV,2021-08-29,2376.8892
Croatia,HRV,2021-09-05,2414.8435
Croatia,HRV,2021-09-12,2470.679
Croatia,HRV,2021-09-19,2528.5342
Croatia,HRV,2021-09-26,2571.5623
Croatia,HRV,2021-10-03,2617.8906
Croatia,HRV,2021-10-10,2657.2737
Croatia,HRV,2021-10-17,2702.42
Croatia,HRV,2021-10-24,2776.1365
Croatia,HRV,2021-10-31,2873.2021
Croatia,HRV,2021-11-07,2988.2966
Croatia,HRV,2021-11-14,3132.75
Croatia,HRV,2021-11-21,3283.7546
Croatia,HRV,2021-11-28,3478.797
Croatia,HRV,2021-12-05,3648.3235
Croatia,HRV,2021-12-12,3791.7915
Croatia,HRV,2021-12-19,3919.9397
Croatia,HRV,2021-12-26,4037.3987
Croatia,HRV,2022-01-02,4167.3936
Croatia,HRV,2022-01-09,4226.5444
Croatia,HRV,2022-01-16,4272.1484
Croatia,HRV,2022-01-23,4330.2075
Croatia,HRV,2022-01-30,4417.098
Croatia,HRV,2022-02-06,4528.056
Croatia,HRV,2022-02-13,4600.01
Croatia,HRV,2022-02-20,4678.4146
Croatia,HRV,2022-02-27,4716.178
Croatia,HRV,2022-03-06,4748.433
Croatia,HRV,2022-03-13,4757.614
Croatia,HRV,2022-03-20,4787.189
Croatia,HRV,2022-03-27,4801.3813
Croatia,HRV,2022-04-03,4824.605
Croatia,HRV,2022-04-10,4840.1865
Croatia,HRV,2022-04-17,4870.804
Croatia,HRV,2022-04-24,4898.1963
Croatia,HRV,2022-05-01,4901.8687
Croatia,HRV,2022-05-08,4924.348
Croatia,HRV,2022-05-15,4949.656
Croatia,HRV,2022-05-22,4939.483
Croatia,HRV,2022-05-29,4936.0093
Croatia,HRV,2022-06-05,4943.999
Croatia,HRV,2022-06-12,4951.8394
Croatia,HRV,2022-06-19,4943.0063
Croatia,HRV,2022-06-26,4967.2227
Croatia,HRV,2022-07-03,5000.619
Croatia,HRV,2022-07-10,5031.286
Croatia,HRV,2022-07-17,5038.68
Croatia,HRV,2022-07-24,5086.3184
Croatia,HRV,2022-07-31,5124.777
Croatia,HRV,2022-08-07,5162.937
Croatia,HRV,2022-08-14,5179.4614
Croatia,HRV,2022-08-21,5193.8525
Croatia,HRV,2022-08-28,5233.7993
Croatia,HRV,2022-09-04,5252.4575
Croatia,HRV,2022-09-11,5282.43
Croatia,HRV,2022-09-18,5292.6025
Croatia,HRV,2022-09-25,5297.019
Croatia,HRV,2022-10-02,5338.7524
Croatia,HRV,2022-10-09,5363.564
Croatia,HRV,2022-10-16,5377.806
Croatia,HRV,2022-10-23,5394.7773
Croatia,HRV,2022-10-30,5411.4507
Croatia,HRV,2022-11-06,5422.4673
Croatia,HRV,2022-11-13,5441.4727
Croatia,HRV,2022-11-20,5448.966
Croatia,HRV,2022-11-27,5478.2437
Croatia,HRV,2022-12-04,5501.666
Croatia,HRV,2022-12-11,5529.852
Croatia,HRV,2022-12-18,5558.733
Croatia,HRV,2022-12-25,5616.296
Croatia,HRV,2023-01-01,5698.6016
Croatia,HRV,2023-01-08,5724.396
Croatia,HRV,2023-01-15,5709.129
Croatia,HRV,2023-01-22,5688.1743
Croatia,HRV,2023-01-29,5668.267
Croatia,HRV,2023-02-05,5662.08
Croatia,HRV,2023-02-12,5652.1016
Croatia,HRV,2023-02-19,5656.5923
Croatia,HRV,2023-02-26,5659.386
Croatia,HRV,2023-03-05,5635.687
Croatia,HRV,2023-03-12,5604.5044
Croatia,HRV,2023-03-19,5577.363
Croatia,HRV,2023-03-26,5565.4385
Croatia,HRV,2023-04-02,5548.375
Croatia,HRV,2023-04-09,5540.8413
Croatia,HRV,2023-04-16,5546.928
Croatia,HRV,2023-04-23,5562.744
Croatia,HRV,2023-04-30,5556.707
Croatia,HRV,2023-05-07,5563.343
Croatia,HRV,2023-05-14,5559.601
Croatia,HRV,2023-05-21,5560.848
Croatia,HRV,2023-05-28,5567.085
Croatia,HRV,2023-06-04,5571.625
Croatia,HRV,2023-06-11,5567.5337
Croatia,HRV,2023-06-18,5548.176
Croatia,HRV,2023-06-25,5570.777
Croatia,HRV,2023-07-02,5576.664
Croatia,HRV,2023-07-09,5566.586
Croatia,HRV,2023-07-16,5572.2734
Croatia,HRV,2023-07-23,5588.7383
Croatia,HRV,2023-07-30,5581.2544
Croatia,HRV,2023-08-06,5585.196
Croatia,HRV,2023-08-13,5561.1475
Croatia,HRV,2023-08-20,5586.3433
Croatia,HRV,2023-08-27,5612.7866
Croatia,HRV,2023-09-03,5620.3203
Croatia,HRV,2023-09-10,5639.7285
Croatia,HRV,2023-09-17,5639.479
Croatia,HRV,2023-09-24,5648.16
Croatia,HRV,2023-10-01,5649.4575
Croatia,HRV,2023-10-08,5656.193
Croatia,HRV,2023-10-15,5654.0474
Croatia,HRV,2023-10-22,5666.87
Croatia,HRV,2023-10-29,5679.1436
Croatia,HRV,2023-11-05,5681.4883
Croatia,HRV,2023-11-12,5670.6616
Croatia,HRV,2023-11-19,5679.942
Croatia,HRV,2023-11-26,5693.662
Croatia,HRV,2023-12-03,5721.452
Croatia,HRV,2023-12-10,5765.5073
Croatia,HRV,2023-12-17,5795.7925
Croatia,HRV,2023-12-24,5850.1753
Croatia,HRV,2023-12-31,5874.8223
Cuba,CUB,2020-01-31,-3.389155
Cuba,CUB,2020-02-29,-1.3626962
Cuba,CUB,2020-03-31,65.40311
Cuba,CUB,2020-04-30,113.21431
Cuba,CUB,2020-05-31,72.32305
Cuba,CUB,2020-06-30,31.537918
Cuba,CUB,2020-07-31,-20.485466
Cuba,CUB,2020-08-31,-29.30795
Cuba,CUB,2020-09-30,-82.676315
Cuba,CUB,2020-10-31,-100.22389
Cuba,CUB,2020-11-30,-83.331085
Cuba,CUB,2020-12-31,44.70532
Cuba,CUB,2021-01-31,204.46204
Cuba,CUB,2021-02-28,325.68225
Cuba,CUB,2021-03-31,425.901
Cuba,CUB,2021-04-30,544.0474
Cuba,CUB,2021-05-31,661.803
Cuba,CUB,2021-06-30,772.4692
Cuba,CUB,2021-07-31,1515.3994
Cuba,CUB,2021-08-31,3198.8813
Cuba,CUB,2021-09-30,4421.1665
Cuba,CUB,2021-10-31,4695.8823
Cuba,CUB,2021-11-30,4742.656
Cuba,CUB,2021-12-31,4768.4634
Cuba,CUB,2022-01-31,4942.082
Cuba,CUB,2022-02-28,5019.0693
Cuba,CUB,2022-03-31,4971.514
Cuba,CUB,2022-04-30,4959.884
Cuba,CUB,2022-05-31,4897.7373
Cuba,CUB,2022-06-30,4881.3623
Cuba,CUB,2022-07-31,4953.9976
Cuba,CUB,2022-08-31,5014.699
Cuba,CUB,2022-09-30,5028.5415
Cuba,CUB,2022-10-31,5038.0845
Cuba,CUB,2022-11-30,5010.7217
Cuba,CUB,2022-12-31,5058.7227
Cuba,CUB,2023-01-31,5077.2495
Cuba,CUB,2023-02-28,4977.45
Cuba,CUB,2023-03-31,4938.538
Cuba,CUB,2023-04-30,4890.675
Cuba,CUB,2023-05-31,4877.1685
Cuba,CUB,2023-06-30,4916.563
Cuba,CUB,2023-07-31,4928.712
Cuba,CUB,2023-08-31,4907.469
Cuba,CUB,2023-09-30,4858.32
Cuba,CUB,2023-10-31,4841.4897
Cuba,CUB,2023-11-30,4808.42
Cuba,CUB,2023-12-31,4898.268
Cyprus,CYP,2020-01-05,12.201631
Cyprus,CYP,2020-01-12,18.74688
Cyprus,CYP,2020-01-19,32.24139
Cyprus,CYP,2020-01-26,36.362473
Cyprus,CYP,2020-02-02,46.947994
Cyprus,CYP,2020-02-09,35.06959
Cyprus,CYP,2020-02-16,10.747142
Cyprus,CYP,2020-02-23,17.615606
Cyprus,CYP,2020-03-01,18.504473
Cyprus,CYP,2020-03-08,8.727005
Cyprus,CYP,2020-03-15,9.131033
Cyprus,CYP,2020-03-22,17.29239
Cyprus,CYP,2020-03-29,33.37268
Cyprus,CYP,2020-04-05,38.30181
Cyprus,CYP,2020-04-12,32.079792
Cyprus,CYP,2020-04-19,33.453484
Cyprus,CYP,2020-04-26,27.877905
Cyprus,CYP,2020-05-03,27.635487
Cyprus,CYP,2020-05-10,29.170792
Cyprus,CYP,2020-05-17,58.341564
Cyprus,CYP,2020-05-24,116.11748
Cyprus,CYP,2020-05-31,116.35989
Cyprus,CYP,2020-06-07,135.51079
Cyprus,CYP,2020-06-14,131.71294
Cyprus,CYP,2020-06-21,121.61225
Cyprus,CYP,2020-06-28,121.20822
Cyprus,CYP,2020-07-05,127.75346
Cyprus,CYP,2020-07-12,119.59211
Cyprus,CYP,2020-07-19,120.48097
Cyprus,CYP,2020-07-26,128.96555
Cyprus,CYP,2020-08-02,135.51079
Cyprus,CYP,2020-08-09,117.65278
Cyprus,CYP,2020-08-16,119.99614
Cyprus,CYP,2020-08-23,121.046616
Cyprus,CYP,2020-08-30,118.38003
Cyprus,CYP,2020-09-06,111.834785
Cyprus,CYP,2020-09-13,122.905136
Cyprus,CYP,2020-09-20,122.01627
Cyprus,CYP,2020-09-27,121.289024
Cyprus,CYP,2020-10-04,128.64232
Cyprus,CYP,2020-10-11,129.53119
Cyprus,CYP,2020-10-18,130.90488
Cyprus,CYP,2020-10-25,139.38945
Cyprus,CYP,2020-11-01,139.79347
Cyprus,CYP,2020-11-08,148.43965
Cyprus,CYP,2020-11-15,154.17685
Cyprus,CYP,2020-11-22,156.84343
Cyprus,CYP,2020-11-29,168.237
Cyprus,CYP,2020-12-06,183.50923
Cyprus,CYP,2020-12-13,212.68001
Cyprus,CYP,2020-12-20,228.11386
Cyprus,CYP,2020-12-27,238.86098
Cyprus,CYP,2021-01-03,269.9742
Cyprus,CYP,2021-01-10,294.97034
Cyprus,CYP,2021-01-17,277.36856
Cyprus,CYP,2021-01-24,273.9125
Cyprus,CYP,2021-01-31,283.6377
Cyprus,CYP,2021-02-07,286.12927
Cyprus,CYP,2021-02-14,249.39865
Cyprus,CYP,2021-02-21,246.10333
Cyprus,CYP,2021-02-28,241.6828
Cyprus,CYP,2021-03-07,226.49223
Cyprus,CYP,2021-03-14,218.37451
Cyprus,CYP,2021-03-21,222.79504
Cyprus,CYP,2021-03-28,220.46423
Cyprus,CYP,2021-04-04,234.04733
Cyprus,CYP,2021-04-11,253.41731
Cyprus,CYP,2021-04-18,289.82645
Cyprus,CYP,2021-04-25,311.28616
Cyprus,CYP,2021-05-02,328.24493
Cyprus,CYP,2021-05-09,353.7233
Cyprus,CYP,2021-05-16,355.2504
Cyprus,CYP,2021-05-23,351.3121
Cyprus,CYP,2021-05-30,355.73264
Cyprus,CYP,2021-06-06,363.20737
Cyprus,CYP,2021-06-13,369.3961
Cyprus,CYP,2021-06-20,381.69324
Cyprus,CYP,2021-06-27,378.88016
Cyprus,CYP,2021-07-04,403.39404
Cyprus,CYP,2021-07-11,423.56775
Cyprus,CYP,2021-07-18,439.56207
Cyprus,CYP,2021-07-25,475.0067
Cyprus,CYP,2021-08-01,519.61395
Cyprus,CYP,2021-08-08,571.1333
Cyprus,CYP,2021-08-15,615.2583
Cyprus,CYP,2021-08-22,643.3086
Cyprus,CYP,2021-08-29,676.5028
Cyprus,CYP,2021-09-05,701.1774
Cyprus,CYP,2021-09-12,718.7792
Cyprus,CYP,2021-09-19,734.61273
Cyprus,CYP,2021-09-26,747.39215
Cyprus,CYP,2021-10-03,765.15466
Cyprus,CYP,2021-10-10,776.4873
Cyprus,CYP,2021-10-17,795.0535
Cyprus,CYP,2021-10-24,806.8684
Cyprus,CYP,2021-10-31,813.70013
Cyprus,CYP,2021-11-07,805.2609
Cyprus,CYP,2021-11-14,828.3281
Cyprus,CYP,2021-11-21,861.3616
Cyprus,CYP,2021-11-28,883.3035
Cyprus,CYP,2021-12-05,907.4959
Cyprus,CYP,2021-12-12,924.29395
Cyprus,CYP,2021-12-19,961.34607
Cyprus,CYP,2021-12-26,973.4824
Cyprus,CYP,2022-01-02,1011.19305
Cyprus,CYP,2022-01-09,1052.8234
Cyprus,CYP,2022-01-16,1068.8843
Cyprus,CYP,2022-01-23,1118.9844
Cyprus,CYP,2022-01-30,1135.8444
Cyprus,CYP,2022-02-06,1169.4841
Cyprus,CYP,2022-02-13,1183.3076
Cyprus,CYP,2022-02-20,1204.0029
Cyprus,CYP,2022-02-27,1230.771
Cyprus,CYP,2022-03-06,1230.851
Cyprus,CYP,2022-03-13,1240.3595
Cyprus,CYP,2022-03-20,1263.1323
Cyprus,CYP,2022-03-27,1306.3608
Cyprus,CYP,2022-04-03,1367.0084
Cyprus,CYP,2022-04-10,1406.2416
Cyprus,CYP,2022-04-17,1428.8546
Cyprus,CYP,2022-04-24,1425.4187
Cyprus,CYP,2022-05-01,1435.0872
Cyprus,CYP,2022-05-08,1430.0531
Cyprus,CYP,2022-05-15,1431.5713
Cyprus,CYP,2022-05-22,1445.235
Cyprus,CYP,2022-05-29,1445.6345
Cyprus,CYP,2022-06-05,1439.4819
Cyprus,CYP,2022-06-12,1440.0413
Cyprus,CYP,2022-06-19,1454.6638
Cyprus,CYP,2022-06-26,1443.8767
Cyprus,CYP,2022-07-03,1444.2761
Cyprus,CYP,2022-07-10,1447.5522
Cyprus,CYP,2022-07-17,1470.6447
Cyprus,CYP,2022-07-24,1469.9255
Cyprus,CYP,2022-07-31,1500.6888
Cyprus,CYP,2022-08-07,1501.5677
Cyprus,CYP,2022-08-14,1517.4688
Cyprus,CYP,2022-08-21,1515.7908
Cyprus,CYP,2022-08-28,1512.0353
Cyprus,CYP,2022-09-04,1512.5946
Cyprus,CYP,2022-09-11,1510.9166
Cyprus,CYP,2022-09-18,1511.476
Cyprus,CYP,2022-09-25,1506.6018
Cyprus,CYP,2022-10-02,1512.275
Cyprus,CYP,2022-10-09,1534.7281
Cyprus,CYP,2022-10-16,1525.2196
Cyprus,CYP,2022-10-23,1520.9846
Cyprus,CYP,2022-10-30,1537.3651
Cyprus,CYP,2022-11-06,1554.5446
Cyprus,CYP,2022-11-13,1566.2905
Cyprus,CYP,2022-11-20,1586.3466
Cyprus,CYP,2022-11-27,1592.1797
Cyprus,CYP,2022-12-04,1609.8385
Cyprus,CYP,2022-12-11,1617.7491
Cyprus,CYP,2022-12-18,1630.6138
Cyprus,CYP,2022-12-25,1633.8899
Cyprus,CYP,2023-01-01,1650.6844
Cyprus,CYP,2023-01-08,1665.0479
Cyprus,CYP,2023-01-15,1673.0629
Cyprus,CYP,2023-01-22,1671.2377
Cyprus,CYP,2023-01-29,1671.317
Cyprus,CYP,2023-02-05,1663.4608
Cyprus,CYP,2023-02-12,1662.9053
Cyprus,CYP,2023-02-19,1669.1744
Cyprus,CYP,2023-02-26,1704.4878
Cyprus,CYP,2023-03-05,1729.961
Cyprus,CYP,2023-03-12,1738.6108
Cyprus,CYP,2023-03-19,1740.5948
Cyprus,CYP,2023-03-26,1735.9128
Cyprus,CYP,2023-04-02,1725.5172
Cyprus,CYP,2023-04-09,1718.4545
Cyprus,CYP,2023-04-16,1712.3441
Cyprus,CYP,2023-04-23,1705.7576
Cyprus,CYP,2023-04-30,1709.0111
Cyprus,CYP,2023-05-07,1701.631
Cyprus,CYP,2023-05-14,1699.9645
Cyprus,CYP,2023-05-21,1704.0117
Cyprus,CYP,2023-05-28,1700.4407
Cyprus,CYP,2023-06-04,1692.7432
Cyprus,CYP,2023-06-11,1709.1698
Cyprus,CYP,2023-06-18,1717.3435
Cyprus,CYP,2023-06-25,1713.7725
Cyprus,CYP,2023-07-02,1714.1693
Cyprus,CYP,2023-07-09,1714.2487
Cyprus,CYP,2023-07-16,1714.1693
Cyprus,CYP,2023-07-23,1737.2618
Cyprus,CYP,2023-07-30,1762.259
Cyprus,CYP,2023-08-06,1753.6093
Cyprus,CYP,2023-08-13,1752.7363
Cyprus,CYP,2023-08-20,1762.9733
Cyprus,CYP,2023-08-27,1760.8306
Cyprus,CYP,2023-09-03,1757.4183
Cyprus,CYP,2023-09-10,1756.5454
Cyprus,CYP,2023-09-17,1746.7845
Cyprus,CYP,2023-09-24,1764.9572
Cyprus,CYP,2023-10-01,1763.4493
Cyprus,CYP,2023-10-08,1774.6385
Cyprus,CYP,2023-10-15,1776.305
Cyprus,CYP,2023-10-22,1786.3832
Cyprus,CYP,2023-10-29,1792.335
Cyprus,CYP,2023-11-05,1787.1768
Cyprus,CYP,2023-11-12,1795.6678
Cyprus,CYP,2023-11-19,1786.2245
Cyprus,CYP,2023-11-26,1788.8433
Cyprus,CYP,2023-12-03,1790.5098
Cyprus,CYP,2023-12-10,1788.8433
Cyprus,CYP,2023-12-17,1796.0647
Cyprus,CYP,2023-12-24,1785.8278
Cyprus,CYP,2023-12-31,1801.937
Czechia,CZE,2020-01-05,-9.79968
Czechia,CZE,2020-01-12,-15.535145
Czechia,CZE,2020-01-19,-33.368298
Czechia,CZE,2020-01-26,-42.10445
Czechia,CZE,2020-02-02,-50.11891
Czechia,CZE,2020-02-09,-64.76146
Czechia,CZE,2020-02-16,-79.08116
Czechia,CZE,2020-02-23,-97.48406
Czechia,CZE,2020-03-01,-111.59486
Czechia,CZE,2020-03-08,-126.76918
Czechia,CZE,2020-03-15,-134.2329
Czechia,CZE,2020-03-22,-132.6756
Czechia,CZE,2020-03-29,-127.43391
Czechia,CZE,2020-04-05,-116.475746
Czechia,CZE,2020-04-12,-108.42329
Czechia,CZE,2020-04-19,-106.884964
Czechia,CZE,2020-04-26,-117.99507
Czechia,CZE,2020-05-03,-114.31069
Czechia,CZE,2020-05-10,-120.63492
Czechia,CZE,2020-05-17,-120.48299
Czechia,CZE,2020-05-24,-130.96637
Czechia,CZE,2020-05-31,-144.46942
Czechia,CZE,2020-06-07,-131.5741
Czechia,CZE,2020-06-14,-133.20737
Czechia,CZE,2020-06-21,-130.24467
Czechia,CZE,2020-06-28,-122.837944
Czechia,CZE,2020-07-05,-114.72851
Czechia,CZE,2020-07-12,-117.748184
Czechia,CZE,2020-07-19,-122.26819
Czechia,CZE,2020-07-26,-120.72987
Czechia,CZE,2020-08-02,-106.63809
Czechia,CZE,2020-08-09,-96.81942
Czechia,CZE,2020-08-16,-88.444115
Czechia,CZE,2020-08-23,-79.02427
Czechia,CZE,2020-08-30,-75.814674
Czechia,CZE,2020-09-06,-72.282234
Czechia,CZE,2020-09-13,-64.11583
Czechia,CZE,2020-09-20,-46.13075
Czechia,CZE,2020-09-27,-14.69959
Czechia,CZE,2020-10-04,7.748516
Czechia,CZE,2020-10-11,51.12542
Czechia,CZE,2020-10-18,129.97868
Czechia,CZE,2020-10-25,274.77094
Czechia,CZE,2020-11-01,476.766
Czechia,CZE,2020-11-08,681.7237
Czechia,CZE,2020-11-15,845.2417
Czechia,CZE,2020-11-22,967.96564
Czechia,CZE,2020-11-29,1066.3804
Czechia,CZE,2020-12-06,1155.508
Czechia,CZE,2020-12-13,1241.0654
Czechia,CZE,2020-12-20,1333.7826
Czechia,CZE,2020-12-27,1421.448
Czechia,CZE,2021-01-03,1540.9369
Czechia,CZE,2021-01-10,1676.3792
Czechia,CZE,2021-01-17,1804.9523
Czechia,CZE,2021-01-24,1914.5544
Czechia,CZE,2021-01-31,2010.247
Czechia,CZE,2021-02-07,2087.444
Czechia,CZE,2021-02-14,2174.9355
Czechia,CZE,2021-02-21,2262.0845
Czechia,CZE,2021-02-28,2364.1704
Czechia,CZE,2021-03-07,2497.0059
Czechia,CZE,2021-03-14,2645.4253
Czechia,CZE,2021-03-21,2783.113
Czechia,CZE,2021-03-28,2892.2583
Czechia,CZE,2021-04-04,3000.0527
Czechia,CZE,2021-04-11,3069.3342
Czechia,CZE,2021-04-18,3113.6318
Czechia,CZE,2021-04-25,3150.5464
Czechia,CZE,2021-05-02,3179.8306
Czechia,CZE,2021-05-09,3200.8186
Czechia,CZE,2021-05-16,3216.7263
Czechia,CZE,2021-05-23,3218.0012
Czechia,CZE,2021-05-30,3209.9521
Czechia,CZE,2021-06-06,3206.0134
Czechia,CZE,2021-06-13,3201.5989
Czechia,CZE,2021-06-20,3205.4617
Czechia,CZE,2021-06-27,3205.1763
Czechia,CZE,2021-07-04,3192.6936
Czechia,CZE,2021-07-11,3182.723
Czechia,CZE,2021-07-18,3181.296
Czechia,CZE,2021-07-25,3172.562
Czechia,CZE,2021-08-01,3174.5598
Czechia,CZE,2021-08-08,3157.3584
Czechia,CZE,2021-08-15,3153.0962
Czechia,CZE,2021-08-22,3140.7278
Czechia,CZE,2021-08-29,3134.639
Czechia,CZE,2021-09-05,3133.2688
Czechia,CZE,2021-09-12,3138.882
Czechia,CZE,2021-09-19,3149.1382
Czechia,CZE,2021-09-26,3154.1997
Czechia,CZE,2021-10-03,3154.0857
Czechia,CZE,2021-10-10,3149.633
Czechia,CZE,2021-10-17,3154.447
Czechia,CZE,2021-10-24,3171.6865
Czechia,CZE,2021-10-31,3212.9397
Czechia,CZE,2021-11-07,3267.931
Czechia,CZE,2021-11-14,3343.016
Czechia,CZE,2021-11-21,3428.909
Czechia,CZE,2021-11-28,3532.5364
Czechia,CZE,2021-12-05,3650.625
Czechia,CZE,2021-12-12,3764.261
Czechia,CZE,2021-12-19,3851.2957
Czechia,CZE,2021-12-26,3913.8223
Czechia,CZE,2022-01-02,3964.288
Czechia,CZE,2022-01-09,3975.3706
Czechia,CZE,2022-01-16,3988.6257
Czechia,CZE,2022-01-23,3978.8774
Czechia,CZE,2022-01-30,3970.7297
Czechia,CZE,2022-02-06,3985.0332
Czechia,CZE,2022-02-13,3998.2122
Czechia,CZE,2022-02-20,4002.3765
Czechia,CZE,2022-02-27,3995.1057
Czechia,CZE,2022-03-06,3982.5176
Czechia,CZE,2022-03-13,3973.2456
Czechia,CZE,2022-03-20,3963.6113
Czechia,CZE,2022-03-27,3974.5605
Czechia,CZE,2022-04-03,3996.735
Czechia,CZE,2022-04-10,4014.0688
Czechia,CZE,2022-04-17,4025.1514
Czechia,CZE,2022-04-24,4041.7036
Czechia,CZE,2022-05-01,4047.2783
Czechia,CZE,2022-05-08,4062.4585
Czechia,CZE,2022-05-15,4070.8347
Czechia,CZE,2022-05-22,4068.7478
Czechia,CZE,2022-05-29,4052.6528
Czechia,CZE,2022-06-05,4046.678
Czechia,CZE,2022-06-12,4049.47
Czechia,CZE,2022-06-19,4044.1624
Czechia,CZE,2022-06-26,4039.7502
Czechia,CZE,2022-07-03,4051.9954
Czechia,CZE,2022-07-10,4034.6426
Czechia,CZE,2022-07-17,4024.7988
Czechia,CZE,2022-07-24,4048.136
Czechia,CZE,2022-07-31,4056.0166
Czechia,CZE,2022-08-07,4064.6787
Czechia,CZE,2022-08-14,4070.9585
Czechia,CZE,2022-08-21,4075.9805
Czechia,CZE,2022-08-28,4082.6223
Czechia,CZE,2022-09-04,4082.1746
Czechia,CZE,2022-09-11,4094.4387
Czechia,CZE,2022-09-18,4112.306
Czechia,CZE,2022-09-25,4133.4517
Czechia,CZE,2022-10-02,4158.1797
Czechia,CZE,2022-10-09,4179.516
Czechia,CZE,2022-10-16,4194.2197
Czechia,CZE,2022-10-23,4208.8853
Czechia,CZE,2022-10-30,4221.1113
Czechia,CZE,2022-11-06,4223.3696
Czechia,CZE,2022-11-13,4233.08
Czechia,CZE,2022-11-20,4237.0347
Czechia,CZE,2022-11-27,4244.553
Czechia,CZE,2022-12-04,4268.6523
Czechia,CZE,2022-12-11,4291.1514
Czechia,CZE,2022-12-18,4336.463
Czechia,CZE,2022-12-25,4400.776
Czechia,CZE,2023-01-01,4474.518
Czechia,CZE,2023-01-08,4519.119
Czechia,CZE,2023-01-15,4536.3555
Czechia,CZE,2023-01-22,4536.9746
Czechia,CZE,2023-01-29,4520.329
Czechia,CZE,2023-02-05,4504.694
Czechia,CZE,2023-02-12,4478.7866
Czechia,CZE,2023-02-19,4453.3945
Czechia,CZE,2023-02-26,4424.191
Czechia,CZE,2023-03-05,4399.294
Czechia,CZE,2023-03-12,4381.6196
Czechia,CZE,2023-03-19,4360.915
Czechia,CZE,2023-03-26,4351.0723
Czechia,CZE,2023-04-02,4339.7817
Czechia,CZE,2023-04-09,4325.461
Czechia,CZE,2023-04-16,4325.7563
Czechia,CZE,2023-04-23,4323.9937
Czechia,CZE,2023-04-30,4310.683
Czechia,CZE,2023-05-07,4309.0728
Czechia,CZE,2023-05-14,4294.9424
Czechia,CZE,2023-05-21,4290.0737
Czechia,CZE,2023-05-28,4277.5825
Czechia,CZE,2023-06-04,4259.8696
Czechia,CZE,2023-06-11,4252.924
Czechia,CZE,2023-06-18,4242.452
Czechia,CZE,2023-06-25,4248.312
Czechia,CZE,2023-07-02,4235.6685
Czechia,CZE,2023-07-09,4225.2544
Czechia,CZE,2023-07-16,4223.015
Czechia,CZE,2023-07-23,4209.4565
Czechia,CZE,2023-07-30,4183.8735
Czechia,CZE,2023-08-06,4159.453
Czechia,CZE,2023-08-13,4146.5615
Czechia,CZE,2023-08-20,4143.656
Czechia,CZE,2023-08-27,4156.09
Czechia,CZE,2023-09-03,4142.379
Czechia,CZE,2023-09-10,4129.1826
Czechia,CZE,2023-09-17,4120.8267
Czechia,CZE,2023-09-24,4114.414
Czechia,CZE,2023-10-01,4098.4355
Czechia,CZE,2023-10-08,4084.591
Czechia,CZE,2023-10-15,4083.7432
Czechia,CZE,2023-10-22,4084.858
Czechia,CZE,2023-10-29,4088.774
Czechia,CZE,2023-11-05,4087.7734
Czechia,CZE,2023-11-12,4090.4128
Czechia,CZE,2023-11-19,4104.0664
Czechia,CZE,2023-11-26,4114.7095
Czechia,CZE,2023-12-03,4132.3076
Czechia,CZE,2023-12-10,4154.689
Czechia,CZE,2023-12-17,4171.773
Czechia,CZE,2023-12-24,4186.4175
Czechia,CZE,2023-12-31,4199.328
Denmark,DNK,2020-01-05,-5.904937
Denmark,DNK,2020-01-12,-5.046662
Denmark,DNK,2020-01-19,-15.586284
Denmark,DNK,2020-01-26,-32.23682
Denmark,DNK,2020-02-02,-46.86182
Denmark,DNK,2020-02-09,-62.276447
Denmark,DNK,2020-02-16,-86.03351
Denmark,DNK,2020-02-23,-112.15939
Denmark,DNK,2020-03-01,-144.32755
Denmark,DNK,2020-03-08,-168.11893
Denmark,DNK,2020-03-15,-189.09517
Denmark,DNK,2020-03-22,-191.18935
Denmark,DNK,2020-03-29,-191.73863
Denmark,DNK,2020-04-05,-179.65411
Denmark,DNK,2020-04-12,-172.03262
Denmark,DNK,2020-04-19,-168.15323
Denmark,DNK,2020-04-26,-155.65675
Denmark,DNK,2020-05-03,-158.54056
Denmark,DNK,2020-05-10,-161.42438
Denmark,DNK,2020-05-17,-170.3161
Denmark,DNK,2020-05-24,-171.03705
Denmark,DNK,2020-05-31,-176.3927
Denmark,DNK,2020-06-07,-183.1559
Denmark,DNK,2020-06-14,-183.84253
Denmark,DNK,2020-06-21,-192.73425
Denmark,DNK,2020-06-28,-188.5802
Denmark,DNK,2020-07-05,-184.56346
Denmark,DNK,2020-07-12,-187.27562
Denmark,DNK,2020-07-19,-180.75273
Denmark,DNK,2020-07-26,-191.94464
Denmark,DNK,2020-08-02,-194.14182
Denmark,DNK,2020-08-09,-199.18848
Denmark,DNK,2020-08-16,-195.96136
Denmark,DNK,2020-08-23,-196.68231
Denmark,DNK,2020-08-30,-199.77211
Denmark,DNK,2020-09-06,-197.54059
Denmark,DNK,2020-09-13,-196.8883
Denmark,DNK,2020-09-20,-181.98865
Denmark,DNK,2020-09-27,-187.99658
Denmark,DNK,2020-10-04,-188.75186
Denmark,DNK,2020-10-11,-203.13655
Denmark,DNK,2020-10-18,-203.9605
Denmark,DNK,2020-10-25,-189.85045
Denmark,DNK,2020-11-01,-196.30467
Denmark,DNK,2020-11-08,-196.37334
Denmark,DNK,2020-11-15,-187.99657
Denmark,DNK,2020-11-22,-182.36627
Denmark,DNK,2020-11-29,-178.04057
Denmark,DNK,2020-12-06,-179.03618
Denmark,DNK,2020-12-13,-179.99745
Denmark,DNK,2020-12-20,-147.89796
Denmark,DNK,2020-12-27,-127.67699
Denmark,DNK,2021-01-03,-98.90255
Denmark,DNK,2021-01-10,-86.51838
Denmark,DNK,2021-01-17,-76.62812
Denmark,DNK,2021-01-24,-54.849052
Denmark,DNK,2021-01-31,-41.54247
Denmark,DNK,2021-02-07,-38.689846
Denmark,DNK,2021-02-14,-49.77582
Denmark,DNK,2021-02-21,-74.62958
Denmark,DNK,2021-02-28,-113.285286
Denmark,DNK,2021-03-07,-155.73311
Denmark,DNK,2021-03-14,-182.67082
Denmark,DNK,2021-03-21,-222.0098
Denmark,DNK,2021-03-28,-243.92552
Denmark,DNK,2021-04-04,-269.94083
Denmark,DNK,2021-04-11,-290.55835
Denmark,DNK,2021-04-18,-304.1724
Denmark,DNK,2021-04-25,-305.11188
Denmark,DNK,2021-05-02,-306.70047
Denmark,DNK,2021-05-09,-298.99664
Denmark,DNK,2021-05-16,-300.3461
Denmark,DNK,2021-05-23,-294.17966
Denmark,DNK,2021-05-30,-290.1313
Denmark,DNK,2021-06-06,-286.4246
Denmark,DNK,2021-06-13,-279.33572
Denmark,DNK,2021-06-20,-281.74423
Denmark,DNK,2021-06-27,-282.4104
Denmark,DNK,2021-07-04,-266.84906
Denmark,DNK,2021-07-11,-271.40985
Denmark,DNK,2021-07-18,-255.67769
Denmark,DNK,2021-07-25,-246.6415
Denmark,DNK,2021-08-01,-240.20174
Denmark,DNK,2021-08-08,-218.32018
Denmark,DNK,2021-08-15,-203.20294
Denmark,DNK,2021-08-22,-192.32196
Denmark,DNK,2021-08-29,-182.9783
Denmark,DNK,2021-09-05,-170.86743
Denmark,DNK,2021-09-12,-151.92392
Denmark,DNK,2021-09-19,-141.72618
Denmark,DNK,2021-09-26,-133.91988
Denmark,DNK,2021-10-03,-113.43902
Denmark,DNK,2021-10-10,-104.300354
Denmark,DNK,2021-10-17,-82.247986
Denmark,DNK,2021-10-24,-63.953575
Denmark,DNK,2021-10-31,-44.46345
Denmark,DNK,2021-11-07,-24.939154
Denmark,DNK,2021-11-14,-6.9180455
Denmark,DNK,2021-11-21,5.6710997
Denmark,DNK,2021-11-28,31.242275
Denmark,DNK,2021-12-05,53.977905
Denmark,DNK,2021-12-12,78.76333
Denmark,DNK,2021-12-19,104.43701
Denmark,DNK,2021-12-26,136.87502
Denmark,DNK,2022-01-02,165.24263
Denmark,DNK,2022-01-09,195.58812
Denmark,DNK,2022-01-16,203.22124
Denmark,DNK,2022-01-23,207.72632
Denmark,DNK,2022-01-30,212.8094
Denmark,DNK,2022-02-06,214.45842
Denmark,DNK,2022-02-13,230.11566
Denmark,DNK,2022-02-20,238.53079
Denmark,DNK,2022-02-27,246.63992
Denmark,DNK,2022-03-06,246.38492
Denmark,DNK,2022-03-13,246.77592
Denmark,DNK,2022-03-20,243.49487
Denmark,DNK,2022-03-27,252.114
Denmark,DNK,2022-04-03,262.77316
Denmark,DNK,2022-04-10,278.2944
Denmark,DNK,2022-04-17,285.14554
Denmark,DNK,2022-04-24,286.25055
Denmark,DNK,2022-05-01,302.5198
Denmark,DNK,2022-05-08,304.23682
Denmark,DNK,2022-05-15,296.6037
Denmark,DNK,2022-05-22,304.6108
Denmark,DNK,2022-05-29,300.47977
Denmark,DNK,2022-06-05,306.37885
Denmark,DNK,2022-06-12,310.5439
Denmark,DNK,2022-06-19,312.73697
Denmark,DNK,2022-06-26,328.9042
Denmark,DNK,2022-07-03,354.42163
Denmark,DNK,2022-07-10,360.4227
Denmark,DNK,2022-07-17,364.00977
Denmark,DNK,2022-07-24,379.803
Denmark,DNK,2022-07-31,386.55212
Denmark,DNK,2022-08-07,399.3193
Denmark,DNK,2022-08-14,410.7945
Denmark,DNK,2022-08-21,436.92392
Denmark,DNK,2022-08-28,453.8732
Denmark,DNK,2022-09-04,454.1962
Denmark,DNK,2022-09-11,464.54938
Denmark,DNK,2022-09-18,464.83838
Denmark,DNK,2022-09-25,467.84744
Denmark,DNK,2022-10-02,479.90063
Denmark,DNK,2022-10-09,500.21594
Denmark,DNK,2022-10-16,507.54306
Denmark,DNK,2022-10-23,526.60034
Denmark,DNK,2022-10-30,538.34753
Denmark,DNK,2022-11-06,535.1685
Denmark,DNK,2022-11-13,542.73364
Denmark,DNK,2022-11-20,542.0026
Denmark,DNK,2022-11-27,554.8718
Denmark,DNK,2022-12-04,567.469
Denmark,DNK,2022-12-11,580.7462
Denmark,DNK,2022-12-18,621.42786
Denmark,DNK,2022-12-25,674.96173
Denmark,DNK,2023-01-01,717.48663
Denmark,DNK,2023-01-08,748.36176
Denmark,DNK,2023-01-15,768.9846
Denmark,DNK,2023-01-22,772.9603
Denmark,DNK,2023-01-29,770.5749
Denmark,DNK,2023-02-05,763.92615
Denmark,DNK,2023-02-12,750.9163
Denmark,DNK,2023-02-19,738.1434
Denmark,DNK,2023-02-26,732.00214
Denmark,DNK,2023-03-05,711.7853
Denmark,DNK,2023-03-12,706.59155
Denmark,DNK,2023-03-19,699.0969
Denmark,DNK,2023-03-26,691.0947
Denmark,DNK,2023-04-02,684.27686
Denmark,DNK,2023-04-09,692.9557
Denmark,DNK,2023-04-16,693.17566
Denmark,DNK,2023-04-23,702.2267
Denmark,DNK,2023-04-30,714.1876
Denmark,DNK,2023-05-07,714.03534
Denmark,DNK,2023-05-14,725.2181
Denmark,DNK,2023-05-21,728.6185
Denmark,DNK,2023-05-28,726.1993
Denmark,DNK,2023-06-04,719.7197
Denmark,DNK,2023-06-11,717.605
Denmark,DNK,2023-06-18,717.75726
Denmark,DNK,2023-06-25,724.7105
Denmark,DNK,2023-07-02,717.28357
Denmark,DNK,2023-07-09,729.5152
Denmark,DNK,2023-07-16,741.54376
Denmark,DNK,2023-07-23,738.82
Denmark,DNK,2023-07-30,736.90826
Denmark,DNK,2023-08-06,736.2485
Denmark,DNK,2023-08-13,739.2091
Denmark,DNK,2023-08-20,742.7111
Denmark,DNK,2023-08-27,738.2617
Denmark,DNK,2023-09-03,741.62836
Denmark,DNK,2023-09-10,761.23615
Denmark,DNK,2023-09-17,767.2759
Denmark,DNK,2023-09-24,764.6874
Denmark,DNK,2023-10-01,770.59174
Denmark,DNK,2023-10-08,771.0147
Denmark,DNK,2023-10-15,774.41516
Denmark,DNK,2023-10-22,779.67664
Denmark,DNK,2023-10-29,790.6902
Denmark,DNK,2023-11-05,817.30194
Denmark,DNK,2023-11-12,827.1989
Denmark,DNK,2023-11-19,838.1448
Denmark,DNK,2023-11-26,847.0605
Denmark,DNK,2023-12-03,864.3336
Denmark,DNK,2023-12-10,883.4677
Denmark,DNK,2023-12-17,920.5686
Denmark,DNK,2023-12-24,954.72577
Denmark,DNK,2023-12-31,969.05524
Dominican Republic,DOM,2020-01-31,25.200756
Dominican Republic,DOM,2020-02-29,37.892056
Dominican Republic,DOM,2020-03-31,11.618537
Dominican Republic,DOM,2020-04-30,-17.69143
Dominican Republic,DOM,2020-05-31,-54.910725
Dominican Republic,DOM,2020-06-30,-19.873314
Dominican Republic,DOM,2020-07-31,105.530464
Dominican Republic,DOM,2020-08-31,203.38795
Dominican Republic,DOM,2020-09-30,208.47902
Dominican Republic,DOM,2020-10-31,193.35129
Dominican Republic,DOM,2020-11-30,188.87843
Dominican Republic,DOM,2020-12-31,221.97035
Dominican Republic,DOM,2021-01-31,296.95428
Dominican Republic,DOM,2021-02-28,306.96518
Dominican Republic,DOM,2021-03-31,309.2768
Dominican Republic,DOM,2021-04-30,322.4358
Dominican Republic,DOM,2021-05-31,394.41898
Dominican Republic,DOM,2021-06-30,514.8647
Dominican Republic,DOM,2021-07-31,561.91504
Dominican Republic,DOM,2021-08-31,585.6696
Dominican Republic,DOM,2021-09-30,605.8803
Dominican Republic,DOM,2021-10-31,659.1549
Dominican Republic,DOM,2021-11-30,696.797
Dominican Republic,DOM,2021-12-31,709.2724
Dominican Republic,DOM,2022-01-31,849.8043
Dominican Republic,DOM,2022-02-28,840.2842
Dominican Republic,DOM,2022-03-31,803.8155
Dominican Republic,DOM,2022-04-30,778.0871
Dominican Republic,DOM,2022-05-31,783.17224
Dominican Republic,DOM,2022-06-30,784.94446
Dominican Republic,DOM,2022-07-31,768.2819
Dominican Republic,DOM,2022-08-31,758.20966
Dominican Republic,DOM,2022-09-30,744.2723
Dominican Republic,DOM,2022-10-31,726.11365
Dominican Republic,DOM,2022-11-30,720.6189
Dominican Republic,DOM,2022-12-31,732.15173
Dominican Republic,DOM,2023-01-31,727.39984
Dominican Republic,DOM,2023-02-28,715.9112
Dominican Republic,DOM,2023-03-31,709.66394
Dominican Republic,DOM,2023-04-30,704.70496
Dominican Republic,DOM,2023-05-31,694.54
Dominican Republic,DOM,2023-06-30,703.76965
Dominican Republic,DOM,2023-07-31,699.7637
Dominican Republic,DOM,2023-08-31,691.2575
Dominican Republic,DOM,2023-09-30,677.68646
Dominican Republic,DOM,2023-10-31,644.13837
Ecuador,ECU,2020-01-05,-7.635632
Ecuador,ECU,2020-01-12,-4.230015
Ecuador,ECU,2020-01-19,-2.9280336
Ecuador,ECU,2020-01-26,-4.21864
Ecuador,ECU,2020-02-02,-10.228212
Ecuador,ECU,2020-02-09,-14.225123
Ecuador,ECU,2020-02-16,-13.685
Ecuador,ECU,2020-02-23,-14.634477
Ecuador,ECU,2020-03-01,-12.104428
Ecuador,ECU,2020-03-08,-19.148767
Ecuador,ECU,2020-03-15,-22.724949
Ecuador,ECU,2020-03-22,-19.933369
Ecuador,ECU,2020-03-29,110.22483
Ecuador,ECU,2020-04-05,436.81714
Ecuador,ECU,2020-04-12,711.51215
Ecuador,ECU,2020-04-19,885.48285
Ecuador,ECU,2020-04-26,1003.72424
Ecuador,ECU,2020-05-03,1083.452
Ecuador,ECU,2020-05-10,1152.7072
Ecuador,ECU,2020-05-17,1202.2904
Ecuador,ECU,2020-05-24,1246.3246
Ecuador,ECU,2020-05-31,1285.5603
Ecuador,ECU,2020-06-07,1322.0555
Ecuador,ECU,2020-06-14,1365.487
Ecuador,ECU,2020-06-21,1406.019
Ecuador,ECU,2020-06-28,1445.8004
Ecuador,ECU,2020-07-05,1491.0286
Ecuador,ECU,2020-07-12,1548.9127
Ecuador,ECU,2020-07-19,1611.9252
Ecuador,ECU,2020-07-26,1678.9402
Ecuador,ECU,2020-08-02,1742.1232
Ecuador,ECU,2020-08-09,1802.5885
Ecuador,ECU,2020-08-16,1856.0151
Ecuador,ECU,2020-08-23,1901.2319
Ecuador,ECU,2020-08-30,1936.4763
Ecuador,ECU,2020-09-06,1973.4492
Ecuador,ECU,2020-09-13,2004.5659
Ecuador,ECU,2020-09-20,2032.2145
Ecuador,ECU,2020-09-27,2053.8706
Ecuador,ECU,2020-10-04,2069.227
Ecuador,ECU,2020-10-11,2093.8853
Ecuador,ECU,2020-10-18,2111.88
Ecuador,ECU,2020-10-25,2132.1714
Ecuador,ECU,2020-11-01,2146.3567
Ecuador,ECU,2020-11-08,2158.5635
Ecuador,ECU,2020-11-15,2178.1614
Ecuador,ECU,2020-11-22,2201.3752
Ecuador,ECU,2020-11-29,2219.0173
Ecuador,ECU,2020-12-06,2239.9685
Ecuador,ECU,2020-12-13,2252.0957
Ecuador,ECU,2020-12-20,2269.6125
Ecuador,ECU,2020-12-27,2288.8354
Ecuador,ECU,2021-01-03,2288.746
Ecuador,ECU,2021-01-10,2315.1934
Ecuador,ECU,2021-01-17,2352.2148
Ecuador,ECU,2021-01-24,2398.0017
Ecuador,ECU,2021-01-31,2437.1245
Ecuador,ECU,2021-02-07,2478.5513
Ecuador,ECU,2021-02-14,2516.7976
Ecuador,ECU,2021-02-21,2557.0557
Ecuador,ECU,2021-02-28,2599.1003
Ecuador,ECU,2021-03-07,2637.8972
Ecuador,ECU,2021-03-14,2684.3132
Ecuador,ECU,2021-03-21,2744.158
Ecuador,ECU,2021-03-28,2811.4756
Ecuador,ECU,2021-04-04,2886.783
Ecuador,ECU,2021-04-11,2971.361
Ecuador,ECU,2021-04-18,3056.2314
Ecuador,ECU,2021-04-25,3155.789
Ecuador,ECU,2021-05-02,3246.7388
Ecuador,ECU,2021-05-09,3325.4736
Ecuador,ECU,2021-05-16,3389.476
Ecuador,ECU,2021-05-23,3440.0498
Ecuador,ECU,2021-05-30,3480.5889
Ecuador,ECU,2021-06-06,3510.1487
Ecuador,ECU,2021-06-13,3537.9556
Ecuador,ECU,2021-06-20,3564.9197
Ecuador,ECU,2021-06-27,3589.805
Ecuador,ECU,2021-07-04,3609.6782
Ecuador,ECU,2021-07-11,3632.0125
Ecuador,ECU,2021-07-18,3652.5264
Ecuador,ECU,2021-07-25,3668.0508
Ecuador,ECU,2021-08-01,3687.0251
Ecuador,ECU,2021-08-08,3695.9758
Ecuador,ECU,2021-08-15,3703.4204
Ecuador,ECU,2021-08-22,3707.8425
Ecuador,ECU,2021-08-29,3717.748
Ecuador,ECU,2021-09-05,3722.2375
Ecuador,ECU,2021-09-12,3726.412
Ecuador,ECU,2021-09-19,3732.722
Ecuador,ECU,2021-09-26,3736.391
Ecuador,ECU,2021-10-03,3745.9934
Ecuador,ECU,2021-10-10,3748.359
Ecuador,ECU,2021-10-17,3755.534
Ecuador,ECU,2021-10-24,3758.259
Ecuador,ECU,2021-10-31,3760.4446
Ecuador,ECU,2021-11-07,3761.147
Ecuador,ECU,2021-11-14,3766.524
Ecuador,ECU,2021-11-21,3775.3286
Ecuador,ECU,2021-11-28,3784.223
Ecuador,ECU,2021-12-05,3789.1843
Ecuador,ECU,2021-12-12,3799.1575
Ecuador,ECU,2021-12-19,3808.389
Ecuador,ECU,2021-12-26,3821.5984
Ecuador,ECU,2022-01-02,3796.7832
Ecuador,ECU,2022-01-09,3817.7654
Ecuador,ECU,2022-01-16,3857.424
Ecuador,ECU,2022-01-23,3918.693
Ecuador,ECU,2022-01-30,3972.929
Ecuador,ECU,2022-02-06,4020.4985
Ecuador,ECU,2022-02-13,4047.4802
Ecuador,ECU,2022-02-20,4062.0073
Ecuador,ECU,2022-02-27,4068.857
Ecuador,ECU,2022-03-06,4081.884
Ecuador,ECU,2022-03-13,4081.0562
Ecuador,ECU,2022-03-20,4082.5618
Ecuador,ECU,2022-03-27,4092.5667
Ecuador,ECU,2022-04-03,4099.361
Ecuador,ECU,2022-04-10,4101.1553
Ecuador,ECU,2022-04-17,4097.294
Ecuador,ECU,2022-04-24,4102.0107
Ecuador,ECU,2022-05-01,4103.5493
Ecuador,ECU,2022-05-08,4103.5103
Ecuador,ECU,2022-05-15,4110.682
Ecuador,ECU,2022-05-22,4113.021
Ecuador,ECU,2022-05-29,4118.771
Ecuador,ECU,2022-06-05,4123.776
Ecuador,ECU,2022-06-12,4132.7144
Ecuador,ECU,2022-06-19,4141.4307
Ecuador,ECU,2022-06-26,4151.758
Ecuador,ECU,2022-07-03,4159.963
Ecuador,ECU,2022-07-10,4166.7124
Ecuador,ECU,2022-07-17,4178.9395
Ecuador,ECU,2022-07-24,4191.7334
Ecuador,ECU,2022-07-31,4207.66
Ecuador,ECU,2022-08-07,4219.51
Ecuador,ECU,2022-08-14,4236.259
Ecuador,ECU,2022-08-21,4247.9634
Ecuador,ECU,2022-08-28,4259.535
Ecuador,ECU,2022-09-04,4265.585
Ecuador,ECU,2022-09-11,4269.268
Ecuador,ECU,2022-09-18,4277.34
Ecuador,ECU,2022-09-25,4282.356
Ecuador,ECU,2022-10-02,4287.35
Ecuador,ECU,2022-10-09,4291.0776
Ecuador,ECU,2022-10-16,4296.616
Ecuador,ECU,2022-10-23,4301.1997
Ecuador,ECU,2022-10-30,4305.416
Ecuador,ECU,2022-11-06,4312.61
Ecuador,ECU,2022-11-13,4309.927
Ecuador,ECU,2022-11-20,4313.3545
Ecuador,ECU,2022-11-27,4322.4814
Ecuador,ECU,2022-12-04,4336.331
Ecuador,ECU,2022-12-11,4347.6357
Ecuador,ECU,2022-12-18,4359.4297
Ecuador,ECU,2022-12-25,4375.4897
Ecuador,ECU,2023-01-01,4349.212
Ecuador,ECU,2023-01-08,4355.292
Ecuador,ECU,2023-01-15,4357.59
Ecuador,ECU,2023-01-22,4360.4375
Ecuador,ECU,2023-01-29,4363.692
Ecuador,ECU,2023-02-05,4368.1006
Ecuador,ECU,2023-02-12,4368.0786
Ecuador,ECU,2023-02-19,4372.0586
Ecuador,ECU,2023-02-26,4374.2686
Ecuador,ECU,2023-03-05,4373.356
Ecuador,ECU,2023-03-12,4375.665
Ecuador,ECU,2023-03-19,4379.5684
Ecuador,ECU,2023-03-26,4392.3223
Ecuador,ECU,2023-04-02,4398.5454
Ecuador,ECU,2023-04-09,4404.1084
Ecuador,ECU,2023-04-16,4405.34
Ecuador,ECU,2023-04-23,4409.287
Ecuador,ECU,2023-04-30,4419.435
Ecuador,ECU,2023-05-07,4432.585
Ecuador,ECU,2023-05-14,4443.25
Ecuador,ECU,2023-05-21,4451.166
Ecuador,ECU,2023-05-28,4460.7534
Ecuador,ECU,2023-06-04,4468.8896
Ecuador,ECU,2023-06-11,4477.5645
Ecuador,ECU,2023-06-18,4483.216
Ecuador,ECU,2023-06-25,4496.0137
Ecuador,ECU,2023-07-02,4503.303
Ecuador,ECU,2023-07-09,4509.5923
Ecuador,ECU,2023-07-16,4520.367
Ecuador,ECU,2023-07-23,4529.4487
Ecuador,ECU,2023-07-30,4535.9688
Ecuador,ECU,2023-08-06,4540.3774
Ecuador,ECU,2023-08-13,4546.7217
Ecuador,ECU,2023-08-20,4549.283
Ecuador,ECU,2023-08-27,4556.2207
Ecuador,ECU,2023-09-03,4558.244
Ecuador,ECU,2023-09-10,4565.7314
Ecuador,ECU,2023-09-17,4568.6562
Ecuador,ECU,2023-09-24,4578.1226
Ecuador,ECU,2023-10-01,4587.017
Ecuador,ECU,2023-10-08,4597.1875
Ecuador,ECU,2023-10-15,4602.6626
Ecuador,ECU,2023-10-22,4608.182
Ecuador,ECU,2023-10-29,4618.561
Ecuador,ECU,2023-11-05,4628.8633
Ecuador,ECU,2023-11-12,4635.8228
Ecuador,ECU,2023-11-19,4645.8613
Ecuador,ECU,2023-11-26,4663.189
Ecuador,ECU,2023-12-03,4675.184
Ecuador,ECU,2023-12-10,4684.552
Ecuador,ECU,2023-12-17,4695.173
Ecuador,ECU,2023-12-24,4707.7617
Ecuador,ECU,2023-12-31,4722.7144
Egypt,EGY,2020-01-31,-13.180075
Egypt,EGY,2020-02-29,0.83748096
Egypt,EGY,2020-03-31,23.959408
Egypt,EGY,2020-04-30,22.327265
Egypt,EGY,2020-05-31,139.0535
Egypt,EGY,2020-06-30,471.1203
Egypt,EGY,2020-07-31,602.67365
Egypt,EGY,2020-08-31,667.4091
Egypt,EGY,2020-09-30,730.6259
Egypt,EGY,2020-10-31,759.7758
Egypt,EGY,2020-11-30,822.3189
Egypt,EGY,2020-12-31,969.0884
Egypt,EGY,2021-01-31,1073.333
Egypt,EGY,2021-02-28,1132.5145
Egypt,EGY,2021-03-31,1274.528
Egypt,EGY,2021-04-30,1519.5945
Egypt,EGY,2021-05-31,1810.719
Egypt,EGY,2021-06-30,1922.0612
Egypt,EGY,2021-07-31,1967.4868
Egypt,EGY,2021-08-31,2045.9102
Egypt,EGY,2021-09-30,2181.4692
Egypt,EGY,2021-10-31,2389.3135
Egypt,EGY,2021-11-30,2548.4636
Egypt,EGY,2021-12-31,2615.2344
Egypt,EGY,2022-01-31,2669.0815
Egypt,EGY,2022-02-28,2849.5317
Egypt,EGY,2022-03-31,2914.6602
Egypt,EGY,2022-04-30,2937.1072
Egypt,EGY,2022-05-31,2946.1602
Egypt,EGY,2022-06-30,2941.4426
Egypt,EGY,2022-07-31,2936.8315
Egypt,EGY,2022-08-31,2923.4033
Egypt,EGY,2022-09-30,2921.1814
Egypt,EGY,2022-10-31,2968.1802
Egypt,EGY,2022-11-30,2998.1199
Egypt,EGY,2022-12-31,2995.015
Egypt,EGY,2023-01-31,2904.9165
Egypt,EGY,2023-02-28,2929.6697
Egypt,EGY,2023-03-31,2948.8816
Egypt,EGY,2023-04-30,2980.2905
Egypt,EGY,2023-05-31,2997.5967
Egypt,EGY,2023-06-30,3000.3762
Egypt,EGY,2023-07-31,3059.348
Egypt,EGY,2023-08-31,3089.7915
Egypt,EGY,2023-09-30,3132.9468
Egypt,EGY,2023-10-31,3150.1697
Egypt,EGY,2023-11-30,3184.3606
Egypt,EGY,2023-12-31,3195.8435
El Salvador,SLV,2020-01-31,20.94476
El Salvador,SLV,2020-02-29,1.5255457
El Salvador,SLV,2020-03-31,-104.15189
El Salvador,SLV,2020-04-30,-353.86844
El Salvador,SLV,2020-05-31,-605.23773
El Salvador,SLV,2020-06-30,-247.58714
El Salvador,SLV,2020-07-31,479.91858
El Salvador,SLV,2020-08-31,753.09076
Estonia,EST,2020-01-05,-40.09179
Estonia,EST,2020-01-12,-56.865646
Estonia,EST,2020-01-19,-76.64827
Estonia,EST,2020-01-26,-106.81114
Estonia,EST,2020-02-02,-133.96526
Estonia,EST,2020-02-09,-189.10088
Estonia,EST,2020-02-16,-191.43266
Estonia,EST,2020-02-23,-199.782
Estonia,EST,2020-03-01,-216.25497
Estonia,EST,2020-03-08,-250.02837
Estonia,EST,2020-03-15,-240.3251
Estonia,EST,2020-03-22,-243.55952
Estonia,EST,2020-03-29,-240.02422
Estonia,EST,2020-04-05,-233.02884
Estonia,EST,2020-04-12,-231.14836
Estonia,EST,2020-04-19,-226.55998
Estonia,EST,2020-04-26,-203.7686
Estonia,EST,2020-05-03,-195.41927
Estonia,EST,2020-05-10,-183.45944
Estonia,EST,2020-05-17,-201.28638
Estonia,EST,2020-05-24,-210.3879
Estonia,EST,2020-05-31,-193.01227
Estonia,EST,2020-06-07,-203.61818
Estonia,EST,2020-06-14,-203.09163
Estonia,EST,2020-06-21,-200.45897
Estonia,EST,2020-06-28,-184.8886
Estonia,EST,2020-07-05,-183.15857
Estonia,EST,2020-07-12,-182.33115
Estonia,EST,2020-07-19,-174.43314
Estonia,EST,2020-07-26,-165.48207
Estonia,EST,2020-08-02,-141.03584
Estonia,EST,2020-08-09,-147.57993
Estonia,EST,2020-08-16,-137.57579
Estonia,EST,2020-08-23,-139.60672
Estonia,EST,2020-08-30,-122.832855
Estonia,EST,2020-09-06,-114.7844
Estonia,EST,2020-09-13,-129.90346
Estonia,EST,2020-09-20,-109.66951
Estonia,EST,2020-09-27,-79.65708
Estonia,EST,2020-10-04,-71.60862
Estonia,EST,2020-10-11,-82.81627
Estonia,EST,2020-10-18,-72.962555
Estonia,EST,2020-10-25,-69.276825
Estonia,EST,2020-11-01,-92.51953
Estonia,EST,2020-11-08,-89.73641
Estonia,EST,2020-11-15,-92.36909
Estonia,EST,2020-11-22,-67.621994
Estonia,EST,2020-11-29,-39.264374
Estonia,EST,2020-12-06,-9.703263
Estonia,EST,2020-12-13,23.167507
Estonia,EST,2020-12-20,45.958893
Estonia,EST,2020-12-27,77.62615
Estonia,EST,2021-01-03,115.375595
Estonia,EST,2021-01-10,137.57768
Estonia,EST,2021-01-17,169.56374
Estonia,EST,2021-01-24,222.62296
Estonia,EST,2021-01-31,232.18115
Estonia,EST,2021-02-07,234.96584
Estonia,EST,2021-02-14,257.92053
Estonia,EST,2021-02-21,269.73657
Estonia,EST,2021-02-28,316.1728
Estonia,EST,2021-03-07,376.30658
Estonia,EST,2021-03-14,437.19296
Estonia,EST,2021-03-21,506.9602
Estonia,EST,2021-03-28,572.0612
Estonia,EST,2021-04-04,635.65704
Estonia,EST,2021-04-11,710.99365
Estonia,EST,2021-04-18,769.1706
Estonia,EST,2021-04-25,816.50995
Estonia,EST,2021-05-02,833.8953
Estonia,EST,2021-05-09,869.1929
Estonia,EST,2021-05-16,908.10297
Estonia,EST,2021-05-23,914.19916
Estonia,EST,2021-05-30,935.79913
Estonia,EST,2021-06-06,947.7657
Estonia,EST,2021-06-13,961.087
Estonia,EST,2021-06-20,982.53644
Estonia,EST,2021-06-27,1071.5706
Estonia,EST,2021-07-04,1103.5566
Estonia,EST,2021-07-11,1178.8932
Estonia,EST,2021-07-18,1215.6959
Estonia,EST,2021-07-25,1218.9321
Estonia,EST,2021-08-01,1214.9434
Estonia,EST,2021-08-08,1241.5106
Estonia,EST,2021-08-15,1252.1224
Estonia,EST,2021-08-22,1258.2186
Estonia,EST,2021-08-29,1275.604
Estonia,EST,2021-09-05,1311.8047
Estonia,EST,2021-09-12,1363.3586
Estonia,EST,2021-09-19,1378.1852
Estonia,EST,2021-09-26,1423.1161
Estonia,EST,2021-10-03,1464.284
Estonia,EST,2021-10-10,1502.291
Estonia,EST,2021-10-17,1545.8673
Estonia,EST,2021-10-24,1589.4436
Estonia,EST,2021-10-31,1675.0157
Estonia,EST,2021-11-07,1765.254
Estonia,EST,2021-11-14,1846.1599
Estonia,EST,2021-11-21,1922.3997
Estonia,EST,2021-11-28,2020.7662
Estonia,EST,2021-12-05,2070.0623
Estonia,EST,2021-12-12,2128.8416
Estonia,EST,2021-12-19,2179.6428
Estonia,EST,2021-12-26,2224.8748
Estonia,EST,2022-01-02,2202.835
Estonia,EST,2022-01-09,2226.5142
Estonia,EST,2022-01-16,2242.652
Estonia,EST,2022-01-23,2239.9373
Estonia,EST,2022-01-30,2251.7014
Estonia,EST,2022-02-06,2285.3347
Estonia,EST,2022-02-13,2305.9973
Estonia,EST,2022-02-20,2382.615
Estonia,EST,2022-02-27,2453.2
Estonia,EST,2022-03-06,2499.0498
Estonia,EST,2022-03-13,2531.326
Estonia,EST,2022-03-20,2555.91
Estonia,EST,2022-03-27,2577.3267
Estonia,EST,2022-04-03,2579.8906
Estonia,EST,2022-04-10,2588.94
Estonia,EST,2022-04-17,2583.812
Estonia,EST,2022-04-24,2591.9563
Estonia,EST,2022-05-01,2579.8906
Estonia,EST,2022-05-08,2587.281
Estonia,EST,2022-05-15,2608.0945
Estonia,EST,2022-05-22,2588.4875
Estonia,EST,2022-05-29,2579.1365
Estonia,EST,2022-06-05,2581.248
Estonia,EST,2022-06-12,2611.1108
Estonia,EST,2022-06-19,2627.2488
Estonia,EST,2022-06-26,2668.8757
Estonia,EST,2022-07-03,2719.703
Estonia,EST,2022-07-10,2748.3591
Estonia,EST,2022-07-17,2767.061
Estonia,EST,2022-07-24,2783.8022
Estonia,EST,2022-07-31,2802.3535
Estonia,EST,2022-08-07,2832.6687
Estonia,EST,2022-08-14,2820.603
Estonia,EST,2022-08-21,2842.4722
Estonia,EST,2022-08-28,2866.6038
Estonia,EST,2022-09-04,2867.358
Estonia,EST,2022-09-11,2881.2336
Estonia,EST,2022-09-18,2924.6704
Estonia,EST,2022-09-25,2943.9756
Estonia,EST,2022-10-02,2989.6748
Estonia,EST,2022-10-09,2999.7798
Estonia,EST,2022-10-16,3013.9573
Estonia,EST,2022-10-23,3001.7405
Estonia,EST,2022-10-30,3011.2424
Estonia,EST,2022-11-06,3045.0266
Estonia,EST,2022-11-13,3079.2632
Estonia,EST,2022-11-20,3110.3325
Estonia,EST,2022-11-27,3119.0803
Estonia,EST,2022-12-04,3132.202
Estonia,EST,2022-12-11,3184.9897
Estonia,EST,2022-12-18,3253.1614
Estonia,EST,2022-12-25,3296.8997
Estonia,EST,2023-01-01,3338.9932
Estonia,EST,2023-01-08,3367.1162
Estonia,EST,2023-01-15,3408.847
Estonia,EST,2023-01-22,3435.458
Estonia,EST,2023-01-29,3428.9563
Estonia,EST,2023-02-05,3407.335
Estonia,EST,2023-02-12,3378.7585
Estonia,EST,2023-02-19,3383.597
Estonia,EST,2023-02-26,3346.0996
Estonia,EST,2023-03-05,3311.0215
Estonia,EST,2023-03-12,3286.5273
Estonia,EST,2023-03-19,3253.5662
Estonia,EST,2023-03-26,3229.5256
Estonia,EST,2023-04-02,3218.337
Estonia,EST,2023-04-09,3200.7979
Estonia,EST,2023-04-16,3192.482
Estonia,EST,2023-04-23,3208.8113
Estonia,EST,2023-04-30,3223.78
Estonia,EST,2023-05-07,3228.7695
Estonia,EST,2023-05-14,3235.1199
Estonia,EST,2023-05-21,3224.3848
Estonia,EST,2023-05-28,3199.7395
Estonia,EST,2023-06-04,3209.265
Estonia,EST,2023-06-11,3226.1992
Estonia,EST,2023-06-18,3251.298
Estonia,EST,2023-06-25,3278.514
Estonia,EST,2023-07-02,3263.5452
Estonia,EST,2023-07-09,3262.638
Estonia,EST,2023-07-16,3267.6277
Estonia,EST,2023-07-23,3275.1875
Estonia,EST,2023-07-30,3249.7861
Estonia,EST,2023-08-06,3246.006
Estonia,EST,2023-08-13,3214.1033
Estonia,EST,2023-08-20,3214.708
Estonia,EST,2023-08-27,3214.557
Estonia,EST,2023-09-03,3208.3577
Estonia,EST,2023-09-10,3218.337
Estonia,EST,2023-09-17,3195.2034
Estonia,EST,2023-09-24,3185.678
Estonia,EST,2023-10-01,3169.3484
Estonia,EST,2023-10-08,3143.796
Estonia,EST,2023-10-15,3166.9292
Estonia,EST,2023-10-22,3196.8667
Estonia,EST,2023-10-29,3204.729
Estonia,EST,2023-11-05,3219.5464
Estonia,EST,2023-11-12,3232.5496
Estonia,EST,2023-11-19,3259.0093
Estonia,EST,2023-11-26,3278.9675
Estonia,EST,2023-12-03,3295.7505
Estonia,EST,2023-12-10,3330.375
Estonia,EST,2023-12-17,3373.6177
Estonia,EST,2023-12-24,3447.5537
Estonia,EST,2023-12-31,3479.0032
Faroe Islands,FRO,2020-01-31,-228.83295
Faroe Islands,FRO,2020-02-29,-427.15488
Faroe Islands,FRO,2020-03-31,-644.5462
Faroe Islands,FRO,2020-04-30,-511.0603
Faroe Islands,FRO,2020-05-31,-900.07635
Faroe Islands,FRO,2020-06-30,-839.05426
Faroe Islands,FRO,2020-07-31,-888.63464
Faroe Islands,FRO,2020-08-31,-1022.12054
Faroe Islands,FRO,2020-09-30,-1121.2815
Faroe Islands,FRO,2020-10-31,-1170.8619
Faroe Islands,FRO,2020-11-30,-1075.5149
Faroe Islands,FRO,2020-12-31,-1147.9786
Faroe Islands,FRO,2021-01-31,-1224.6055
Faroe Islands,FRO,2021-02-28,-1205.7073
Faroe Islands,FRO,2021-03-31,-1526.9772
Faroe Islands,FRO,2021-04-30,-1406.0284
Faroe Islands,FRO,2021-05-31,-1538.3162
Faroe Islands,FRO,2021-06-30,-1602.5702
Faroe Islands,FRO,2021-07-31,-1568.5533
Faroe Islands,FRO,2021-08-31,-1655.4852
Faroe Islands,FRO,2021-09-30,-1632.8073
Faroe Islands,FRO,2021-10-31,-1674.3834
Faroe Islands,FRO,2021-11-30,-1496.74
Faroe Islands,FRO,2021-12-31,-1201.9276
Faroe Islands,FRO,2022-01-31,-1278.31
Faroe Islands,FRO,2022-02-28,-990.2667
Faroe Islands,FRO,2022-03-31,-739.8761
Faroe Islands,FRO,2022-04-30,-670.21857
Faroe Islands,FRO,2022-05-31,-551.6125
Faroe Islands,FRO,2022-06-30,-534.6687
Faroe Islands,FRO,2022-07-31,-325.69608
Faroe Islands,FRO,2022-08-31,-199.55943
Faroe Islands,FRO,2022-09-30,-246.62535
Faroe Islands,FRO,2022-10-31,-338.87457
Faroe Islands,FRO,2022-11-30,-325.69608
Faroe Islands,FRO,2022-12-31,-346.40506
Faroe Islands,FRO,2023-01-31,-399.66223
Faroe Islands,FRO,2023-02-28,-311.47385
Faroe Islands,FRO,2023-03-31,-729.8996
Faroe Islands,FRO,2023-04-30,-690.4963
Faroe Islands,FRO,2023-05-31,-752.4158
Faroe Islands,FRO,2023-06-30,-784.3137
Faroe Islands,FRO,2023-07-31,-868.7494
Faroe Islands,FRO,2023-08-31,-979.454
Faroe Islands,FRO,2023-09-30,-943.80334
Faroe Islands,FRO,2023-10-31,-896.89465
Faroe Islands,FRO,2023-11-30,-988.83575
Faroe Islands,FRO,2023-12-31,-1058.2606
Fiji,FJI,2020-01-31,-14.667058
Fiji,FJI,2020-02-29,-54.105133
Fiji,FJI,2020-03-31,11.299093
Fiji,FJI,2020-04-30,37.699783
Fiji,FJI,2020-05-31,35.30958
Fiji,FJI,2020-06-30,109.296715
Fiji,FJI,2020-07-31,157.9696
Fiji,FJI,2020-08-31,220.65771
Fiji,FJI,2020-09-30,271.8294
Fiji,FJI,2020-10-31,280.7383
Fiji,FJI,2020-11-30,384.49417
Fiji,FJI,2020-12-31,500.85278
Fiji,FJI,2021-01-31,587.70404
Fiji,FJI,2021-02-28,646.64746
Fiji,FJI,2021-03-31,678.4445
Fiji,FJI,2021-04-30,651.83887
Fiji,FJI,2021-05-31,625.12506
Fiji,FJI,2021-06-30,781.19
Fiji,FJI,2021-07-31,1332.879
Fiji,FJI,2021-08-31,1773.0623
Fiji,FJI,2021-09-30,1903.7112
Fiji,FJI,2021-10-31,1991.7479
Fiji,FJI,2021-11-30,2053.936
Fiji,FJI,2021-12-31,2112.3386
Finland,FIN,2020-01-05,-25.210386
Finland,FIN,2020-01-12,-49.19099
Finland,FIN,2020-01-19,-73.17159
Finland,FIN,2020-01-26,-92.77565
Finland,FIN,2020-02-02,-108.11168
Finland,FIN,2020-02-09,-113.39246
Finland,FIN,2020-02-16,-117.37115
Finland,FIN,2020-02-23,-121.96472
Finland,FIN,2020-03-01,-138.49434
Finland,FIN,2020-03-08,-141.71347
Finland,FIN,2020-03-15,-145.14961
Finland,FIN,2020-03-22,-142.7624
Finland,FIN,2020-03-29,-138.63904
Finland,FIN,2020-04-05,-136.505
Finland,FIN,2020-04-12,-116.17754
Finland,FIN,2020-04-19,-113.464806
Finland,FIN,2020-04-26,-94.4033
Finland,FIN,2020-05-03,-81.38215
Finland,FIN,2020-05-10,-70.27801
Finland,FIN,2020-05-17,-50.022892
Finland,FIN,2020-05-24,-54.14625
Finland,FIN,2020-05-31,-50.818623
Finland,FIN,2020-06-07,-51.433514
Finland,FIN,2020-06-14,-45.68251
Finland,FIN,2020-06-21,-31.250744
Finland,FIN,2020-06-28,-22.35296
Finland,FIN,2020-07-05,-17.108332
Finland,FIN,2020-07-12,-20.761488
Finland,FIN,2020-07-19,-13.491347
Finland,FIN,2020-07-26,-19.02533
Finland,FIN,2020-08-02,-15.010474
Finland,FIN,2020-08-09,-13.563681
Finland,FIN,2020-08-16,-12.5870905
Finland,FIN,2020-08-23,-6.0403466
Finland,FIN,2020-08-30,-5.172272
Finland,FIN,2020-09-06,-6.8722596
Finland,FIN,2020-09-13,18.048761
Finland,FIN,2020-09-20,24.957205
Finland,FIN,2020-09-27,38.882595
Finland,FIN,2020-10-04,27.923136
Finland,FIN,2020-10-11,17.072182
Finland,FIN,2020-10-18,23.835947
Finland,FIN,2020-10-25,26.367836
Finland,FIN,2020-11-01,40.51024
Finland,FIN,2020-11-08,42.897438
Finland,FIN,2020-11-15,44.52508
Finland,FIN,2020-11-22,58.01643
Finland,FIN,2020-11-29,67.81845
Finland,FIN,2020-12-06,75.01626
Finland,FIN,2020-12-13,79.3928
Finland,FIN,2020-12-20,86.37357
Finland,FIN,2020-12-27,76.499214
Finland,FIN,2021-01-03,75.217
Finland,FIN,2021-01-10,59.05004
Finland,FIN,2021-01-17,44.83396
Finland,FIN,2021-01-24,45.430073
Finland,FIN,2021-01-31,46.062298
Finland,FIN,2021-02-07,34.700264
Finland,FIN,2021-02-14,17.485603
Finland,FIN,2021-02-21,23.428547
Finland,FIN,2021-02-28,25.144592
Finland,FIN,2021-03-07,14.757998
Finland,FIN,2021-03-14,0.14450693
Finland,FIN,2021-03-21,-7.279646
Finland,FIN,2021-03-28,-24.422047
Finland,FIN,2021-04-04,-31.521067
Finland,FIN,2021-04-11,-40.426453
Finland,FIN,2021-04-18,-48.139618
Finland,FIN,2021-04-25,-53.75741
Finland,FIN,2021-05-02,-60.025482
Finland,FIN,2021-05-09,-59.68227
Finland,FIN,2021-05-16,-42.286983
Finland,FIN,2021-05-23,-40.498676
Finland,FIN,2021-05-30,-38.85489
Finland,FIN,2021-06-06,-32.659065
Finland,FIN,2021-06-13,-35.097656
Finland,FIN,2021-06-20,-29.552114
Finland,FIN,2021-06-27,-14.252208
Finland,FIN,2021-07-04,-8.815055
Finland,FIN,2021-07-11,12.481983
Finland,FIN,2021-07-18,44.400444
Finland,FIN,2021-07-25,49.295685
Finland,FIN,2021-08-01,54.04642
Finland,FIN,2021-08-08,71.40558
Finland,FIN,2021-08-15,97.94107
Finland,FIN,2021-08-22,116.42017
Finland,FIN,2021-08-29,130.70851
Finland,FIN,2021-09-05,146.55032
Finland,FIN,2021-09-12,174.09738
Finland,FIN,2021-09-19,186.86838
Finland,FIN,2021-09-26,206.0339
Finland,FIN,2021-10-03,226.78903
Finland,FIN,2021-10-10,243.64243
Finland,FIN,2021-10-17,268.19092
Finland,FIN,2021-10-24,296.4244
Finland,FIN,2021-10-31,308.32834
Finland,FIN,2021-11-07,313.22357
Finland,FIN,2021-11-14,335.64056
Finland,FIN,2021-11-21,366.3307
Finland,FIN,2021-11-28,398.39365
Finland,FIN,2021-12-05,429.1199
Finland,FIN,2021-12-12,467.7219
Finland,FIN,2021-12-19,492.30652
Finland,FIN,2021-12-26,513.8926
Finland,FIN,2022-01-02,539.67474
Finland,FIN,2022-01-09,553.644
Finland,FIN,2022-01-16,565.7723
Finland,FIN,2022-01-23,601.0022
Finland,FIN,2022-01-30,615.87384
Finland,FIN,2022-02-06,641.3217
Finland,FIN,2022-02-13,676.62384
Finland,FIN,2022-02-20,700.2308
Finland,FIN,2022-02-27,706.8003
Finland,FIN,2022-03-06,722.9353
Finland,FIN,2022-03-13,745.4954
Finland,FIN,2022-03-20,764.40985
Finland,FIN,2022-03-27,784.2628
Finland,FIN,2022-04-03,815.95526
Finland,FIN,2022-04-10,851.43787
Finland,FIN,2022-04-17,886.4873
Finland,FIN,2022-04-24,913.1624
Finland,FIN,2022-05-01,945.50464
Finland,FIN,2022-05-08,970.19446
Finland,FIN,2022-05-15,994.23456
Finland,FIN,2022-05-22,1013.32947
Finland,FIN,2022-05-29,1029.0312
Finland,FIN,2022-06-05,1044.2278
Finland,FIN,2022-06-12,1047.7291
Finland,FIN,2022-06-19,1057.7639
Finland,FIN,2022-06-26,1069.2426
Finland,FIN,2022-07-03,1097.578
Finland,FIN,2022-07-10,1117.2144
Finland,FIN,2022-07-17,1121.4738
Finland,FIN,2022-07-24,1142.2291
Finland,FIN,2022-07-31,1158.1475
Finland,FIN,2022-08-07,1183.4149
Finland,FIN,2022-08-14,1223.6261
Finland,FIN,2022-08-21,1260.4803
Finland,FIN,2022-08-28,1279.0698
Finland,FIN,2022-09-04,1290.1875
Finland,FIN,2022-09-11,1324.5511
Finland,FIN,2022-09-18,1366.3506
Finland,FIN,2022-09-25,1388.7302
Finland,FIN,2022-10-02,1415.2249
Finland,FIN,2022-10-09,1443.9574
Finland,FIN,2022-10-16,1475.3251
Finland,FIN,2022-10-23,1510.3745
Finland,FIN,2022-10-30,1543.0055
Finland,FIN,2022-11-06,1577.4774
Finland,FIN,2022-11-13,1612.1298
Finland,FIN,2022-11-20,1649.8142
Finland,FIN,2022-11-27,1689.4119
Finland,FIN,2022-12-04,1713.9573
Finland,FIN,2022-12-11,1762.254
Finland,FIN,2022-12-18,1818.0227
Finland,FIN,2022-12-25,1876.0293
Finland,FIN,2023-01-01,1922.6122
Finland,FIN,2023-01-08,1951.3564
Finland,FIN,2023-01-15,1971.0481
Finland,FIN,2023-01-22,1975.953
Finland,FIN,2023-01-29,1980.5333
Finland,FIN,2023-02-05,1983.2383
Finland,FIN,2023-02-12,1981.0022
Finland,FIN,2023-02-19,1982.4087
Finland,FIN,2023-02-26,1985.1858
Finland,FIN,2023-03-05,1974.6187
Finland,FIN,2023-03-12,1963.799
Finland,FIN,2023-03-19,1956.7301
Finland,FIN,2023-03-26,1946.2712
Finland,FIN,2023-04-02,1954.1334
Finland,FIN,2023-04-09,1967.5858
Finland,FIN,2023-04-16,1980.0645
Finland,FIN,2023-04-23,2002.7496
Finland,FIN,2023-04-30,2016.8512
Finland,FIN,2023-05-07,2027.4545
Finland,FIN,2023-05-14,2046.7855
Finland,FIN,2023-05-21,2063.3396
Finland,FIN,2023-05-28,2084.7986
Finland,FIN,2023-06-04,2102.687
Finland,FIN,2023-06-11,2120.4312
Finland,FIN,2023-06-18,2149.7524
Finland,FIN,2023-06-25,2156.8933
Finland,FIN,2023-07-02,2174.926
Finland,FIN,2023-07-09,2174.5293
Finland,FIN,2023-07-16,2184.3752
Finland,FIN,2023-07-23,2192.6702
Finland,FIN,2023-07-30,2181.1653
Finland,FIN,2023-08-06,2189.4604
Finland,FIN,2023-08-13,2206.7358
Finland,FIN,2023-08-20,2210.198
Finland,FIN,2023-08-27,2218.8538
Finland,FIN,2023-09-03,2218.962
Finland,FIN,2023-09-10,2238.329
Finland,FIN,2023-09-17,2256.1094
Finland,FIN,2023-09-24,2273.06
Finland,FIN,2023-10-01,2288.5322
Finland,FIN,2023-10-08,2306.6008
Finland,FIN,2023-10-15,2332.3516
Finland,FIN,2023-10-22,2361.6006
Finland,FIN,2023-10-29,2395.6465
Finland,FIN,2023-11-05,2456.7773
Finland,FIN,2023-11-12,2526.9246
Finland,FIN,2023-11-19,2584.2327
Finland,FIN,2023-11-26,2659.5012
Finland,FIN,2023-12-03,2723.5173
Finland,FIN,2023-12-10,2777.0024
Finland,FIN,2023-12-17,2826.2317
Finland,FIN,2023-12-24,2877.3364
Finland,FIN,2023-12-31,2894.6838
France,FRA,2020-01-05,-15.542794
France,FRA,2020-01-12,-25.735098
France,FRA,2020-01-19,-39.78906
France,FRA,2020-01-26,-55.825027
France,FRA,2020-02-02,-68.61038
France,FRA,2020-02-09,-85.31012
France,FRA,2020-02-16,-101.70589
France,FRA,2020-02-23,-122.67672
France,FRA,2020-03-01,-140.8901
France,FRA,2020-03-08,-152.96826
France,FRA,2020-03-15,-149.50983
France,FRA,2020-03-22,-120.046455
France,FRA,2020-03-29,-54.112877
France,FRA,2020-04-05,56.473255
France,FRA,2020-04-12,151.00172
France,FRA,2020-04-19,214.18405
France,FRA,2020-04-26,239.1437
France,FRA,2020-05-03,242.07175
France,FRA,2020-05-10,243.56989
France,FRA,2020-05-17,242.44705
France,FRA,2020-05-24,246.95697
France,FRA,2020-05-31,245.00598
France,FRA,2020-06-07,243.30313
France,FRA,2020-06-14,242.87819
France,FRA,2020-06-21,239.27087
France,FRA,2020-06-28,245.9489
France,FRA,2020-07-05,230.11765
France,FRA,2020-07-12,227.06555
France,FRA,2020-07-19,217.60837
France,FRA,2020-07-26,214.68033
France,FRA,2020-08-02,221.11954
France,FRA,2020-08-09,224.14682
France,FRA,2020-08-16,246.6313
France,FRA,2020-08-23,245.07733
France,FRA,2020-08-30,243.93898
France,FRA,2020-09-06,247.82236
France,FRA,2020-09-13,256.3304
France,FRA,2020-09-20,269.8571
France,FRA,2020-09-27,269.0103
France,FRA,2020-10-04,279.671
France,FRA,2020-10-11,285.85895
France,FRA,2020-10-18,299.2181
France,FRA,2020-10-25,333.92032
France,FRA,2020-11-01,382.69818
France,FRA,2020-11-08,445.1299
France,FRA,2020-11-15,505.15775
France,FRA,2020-11-22,555.9642
France,FRA,2020-11-29,600.2011
France,FRA,2020-12-06,640.0119
France,FRA,2020-12-13,674.87225
France,FRA,2020-12-20,698.2376
France,FRA,2020-12-27,712.01245
France,FRA,2021-01-03,733.9491
France,FRA,2021-01-10,746.9784
France,FRA,2021-01-17,757.5593
France,FRA,2021-01-24,781.56
France,FRA,2021-01-31,802.06165
France,FRA,2021-02-07,817.14886
France,FRA,2021-02-14,826.13983
France,FRA,2021-02-21,837.24756
France,FRA,2021-02-28,837.8333
France,FRA,2021-03-07,832.4344
France,FRA,2021-03-14,829.1058
France,FRA,2021-03-21,837.4428
France,FRA,2021-03-28,847.4348
France,FRA,2021-04-04,866.1296
France,FRA,2021-04-11,885.1994
France,FRA,2021-04-18,908.7724
France,FRA,2021-04-25,936.7122
France,FRA,2021-05-02,959.01764
France,FRA,2021-05-09,979.71765
France,FRA,2021-05-16,987.0722
France,FRA,2021-05-23,992.0248
France,FRA,2021-05-30,994.0982
France,FRA,2021-06-06,996.6117
France,FRA,2021-06-13,997.83905
France,FRA,2021-06-20,1003.6439
France,FRA,2021-06-27,989.78094
France,FRA,2021-07-04,979.8261
France,FRA,2021-07-11,969.86505
France,FRA,2021-07-18,965.5447
France,FRA,2021-07-25,975.86835
France,FRA,2021-08-01,973.5005
France,FRA,2021-08-08,973.4571
France,FRA,2021-08-15,987.9183
France,FRA,2021-08-22,1000.4362
France,FRA,2021-08-29,1004.1367
France,FRA,2021-09-05,1016.5121
France,FRA,2021-09-12,1036.0901
France,FRA,2021-09-19,1039.2297
France,FRA,2021-09-26,1037.8071
France,FRA,2021-10-03,1042.3538
France,FRA,2021-10-10,1044.5759
France,FRA,2021-10-17,1052.82
France,FRA,2021-10-24,1061.8296
France,FRA,2021-10-31,1072.7638
France,FRA,2021-11-07,1074.58
France,FRA,2021-11-14,1081.6245
France,FRA,2021-11-21,1090.4203
France,FRA,2021-11-28,1106.5519
France,FRA,2021-12-05,1130.8718
France,FRA,2021-12-12,1160.6403
France,FRA,2021-12-19,1184.703
France,FRA,2021-12-26,1214.1863
France,FRA,2022-01-02,1239.1085
France,FRA,2022-01-09,1248.9141
France,FRA,2022-01-16,1256.5533
France,FRA,2022-01-23,1268.3704
France,FRA,2022-01-30,1291.904
France,FRA,2022-02-06,1315.9113
France,FRA,2022-02-13,1325.6456
France,FRA,2022-02-20,1328.7511
France,FRA,2022-02-27,1318.9053
France,FRA,2022-03-06,1309.2886
France,FRA,2022-03-13,1300.9653
France,FRA,2022-03-20,1298.7975
France,FRA,2022-03-27,1301.7793
France,FRA,2022-04-03,1312.8165
France,FRA,2022-04-10,1331.6864
France,FRA,2022-04-17,1355.873
France,FRA,2022-04-24,1374.4242
France,FRA,2022-05-01,1385.446
France,FRA,2022-05-08,1397.6035
France,FRA,2022-05-15,1403.847
France,FRA,2022-05-22,1408.0636
France,FRA,2022-05-29,1398.2333
France,FRA,2022-06-05,1402.9388
France,FRA,2022-06-12,1401.1609
France,FRA,2022-06-19,1413.1915
France,FRA,2022-06-26,1415.4089
France,FRA,2022-07-03,1409.2582
France,FRA,2022-07-10,1413.0662
France,FRA,2022-07-17,1441.0283
France,FRA,2022-07-24,1473.8956
France,FRA,2022-07-31,1485.4249
France,FRA,2022-08-07,1505.1396
France,FRA,2022-08-14,1525.8447
France,FRA,2022-08-21,1538.5748
France,FRA,2022-08-28,1544.2489
France,FRA,2022-09-04,1549.1772
France,FRA,2022-09-11,1553.2515
France,FRA,2022-09-18,1553.878
France,FRA,2022-09-25,1560.5023
France,FRA,2022-10-02,1575.408
France,FRA,2022-10-09,1592.0465
France,FRA,2022-10-16,1604.1453
France,FRA,2022-10-23,1620.7375
France,FRA,2022-10-30,1627.4762
France,FRA,2022-11-06,1628.0967
France,FRA,2022-11-13,1633.4274
France,FRA,2022-11-20,1649.4037
France,FRA,2022-11-27,1666.7789
France,FRA,2022-12-04,1686.2802
France,FRA,2022-12-11,1725.3801
France,FRA,2022-12-18,1775.4323
France,FRA,2022-12-25,1838.9587
France,FRA,2023-01-01,1887.7123
France,FRA,2023-01-08,1910.0667
France,FRA,2023-01-15,1909.8597
France,FRA,2023-01-22,1905.6996
France,FRA,2023-01-29,1900.1063
France,FRA,2023-02-05,1889.9823
France,FRA,2023-02-12,1876.5782
France,FRA,2023-02-19,1862.3186
France,FRA,2023-02-26,1847.3796
France,FRA,2023-03-05,1831.5419
France,FRA,2023-03-12,1823.6354
France,FRA,2023-03-19,1818.8605
France,FRA,2023-03-26,1809.28
France,FRA,2023-04-02,1799.7087
France,FRA,2023-04-09,1794.619
France,FRA,2023-04-16,1794.1248
France,FRA,2023-04-23,1798.6
France,FRA,2023-04-30,1803.344
France,FRA,2023-05-07,1804.5577
France,FRA,2023-05-14,1800.4408
France,FRA,2023-05-21,1799.1498
France,FRA,2023-05-28,1804.147
France,FRA,2023-06-04,1809.907
France,FRA,2023-06-11,1817.69
France,FRA,2023-06-18,1821.2633
France,FRA,2023-06-25,1817.8691
France,FRA,2023-07-02,1805.5831
France,FRA,2023-07-09,1794.4028
France,FRA,2023-07-16,1792.1482
France,FRA,2023-07-23,1783.068
France,FRA,2023-07-30,1775.6865
France,FRA,2023-08-06,1766.8844
France,FRA,2023-08-13,1769.9419
France,FRA,2023-08-20,1777.9658
France,FRA,2023-08-27,1787.5957
France,FRA,2023-09-03,1789.9183
France,FRA,2023-09-10,1802.229
France,FRA,2023-09-17,1803.3162
France,FRA,2023-09-24,1795.6412
France,FRA,2023-10-01,1795.876
France,FRA,2023-10-08,1794.4584
France,FRA,2023-10-15,1792.9265
France,FRA,2023-10-22,1798.4271
France,FRA,2023-10-29,1810.2004
France,FRA,2023-11-05,1819.0334
France,FRA,2023-11-12,1826.1741
France,FRA,2023-11-19,1832.558
France,FRA,2023-11-26,1838.84
France,FRA,2023-12-03,1853.2972
France,FRA,2023-12-10,1877.2607
France,FRA,2023-12-17,1893.9634
France,FRA,2023-12-24,1907.5743
France,FRA,2023-12-31,1920.2988
French Guiana,GUF,2020-01-05,-3.436686
French Guiana,GUF,2020-01-12,-30.242834
French Guiana,GUF,2020-01-19,-49.488277
French Guiana,GUF,2020-01-26,-54.986977
French Guiana,GUF,2020-02-02,-57.04899
French Guiana,GUF,2020-02-09,-85.917145
French Guiana,GUF,2020-02-16,-103.10058
French Guiana,GUF,2020-02-23,-105.84992
French Guiana,GUF,2020-03-01,-120.971344
French Guiana,GUF,2020-03-08,-126.47004
French Guiana,GUF,2020-03-15,-103.10058
French Guiana,GUF,2020-03-22,-129.21939
French Guiana,GUF,2020-03-29,-111.348625
French Guiana,GUF,2020-04-05,-145.02814
French Guiana,GUF,2020-04-12,-176.64566
French Guiana,GUF,2020-04-19,-234.38197
French Guiana,GUF,2020-04-26,-252.25275
French Guiana,GUF,2020-05-03,-292.80563
French Guiana,GUF,2020-05-10,-303.80304
French Guiana,GUF,2020-05-17,-305.1777
French Guiana,GUF,2020-05-24,-335.42053
French Guiana,GUF,2020-05-31,-359.47736
French Guiana,GUF,2020-06-07,-353.97864
French Guiana,GUF,2020-06-14,-355.35333
French Guiana,GUF,2020-06-21,-308.61438
French Guiana,GUF,2020-06-28,-290.74362
French Guiana,GUF,2020-07-05,-278.37155
French Guiana,GUF,2020-07-12,-261.87546
French Guiana,GUF,2020-07-19,-230.25795
French Guiana,GUF,2020-07-26,-224.07191
French Guiana,GUF,2020-08-02,-225.44658
French Guiana,GUF,2020-08-09,-229.57062
French Guiana,GUF,2020-08-16,-252.25275
French Guiana,GUF,2020-08-23,-235.75665
French Guiana,GUF,2020-08-30,-219.26056
French Guiana,GUF,2020-09-06,-224.07191
French Guiana,GUF,2020-09-13,-260.5008
French Guiana,GUF,2020-09-20,-252.25275
French Guiana,GUF,2020-09-27,-259.81345
French Guiana,GUF,2020-10-04,-259.12613
French Guiana,GUF,2020-10-11,-248.81606
French Guiana,GUF,2020-10-18,-228.19594
French Guiana,GUF,2020-10-25,-235.75665
French Guiana,GUF,2020-11-01,-204.13914
French Guiana,GUF,2020-11-08,-211.69986
French Guiana,GUF,2020-11-15,-250.19073
French Guiana,GUF,2020-11-22,-233.00731
French Guiana,GUF,2020-11-29,-231.63264
French Guiana,GUF,2020-12-06,-222.69725
French Guiana,GUF,2020-12-13,-243.31737
French Guiana,GUF,2020-12-20,-258.43878
French Guiana,GUF,2020-12-27,-250.87807
French Guiana,GUF,2021-01-03,-254.82246
French Guiana,GUF,2021-01-10,-260.87366
French Guiana,GUF,2021-01-17,-246.08185
French Guiana,GUF,2021-01-24,-264.2354
French Guiana,GUF,2021-01-31,-268.9419
French Guiana,GUF,2021-02-07,-260.2013
French Guiana,GUF,2021-02-14,-257.51187
French Guiana,GUF,2021-02-21,-256.8395
French Guiana,GUF,2021-02-28,-245.40948
French Guiana,GUF,2021-03-07,-249.44362
French Guiana,GUF,2021-03-14,-230.61769
French Guiana,GUF,2021-03-21,-190.2764
French Guiana,GUF,2021-03-28,-158.00337
French Guiana,GUF,2021-04-04,-133.12624
French Guiana,GUF,2021-04-11,-141.86685
French Guiana,GUF,2021-04-18,-168.76105
French Guiana,GUF,2021-04-25,-190.94876
French Guiana,GUF,2021-05-02,-221.20473
French Guiana,GUF,2021-05-09,-226.58356
French Guiana,GUF,2021-05-16,-229.94534
French Guiana,GUF,2021-05-23,-207.08528
French Guiana,GUF,2021-05-30,-202.3788
French Guiana,GUF,2021-06-06,-188.25934
French Guiana,GUF,2021-06-13,-151.95218
French Guiana,GUF,2021-06-20,-105.55971
French Guiana,GUF,2021-06-27,-52.44368
French Guiana,GUF,2021-07-04,-51.098972
French Guiana,GUF,2021-07-11,-8.068269
French Guiana,GUF,2021-07-18,32.273018
French Guiana,GUF,2021-07-25,53.788372
French Guiana,GUF,2021-08-01,87.40611
French Guiana,GUF,2021-08-08,133.79858
French Guiana,GUF,2021-08-15,143.88391
French Guiana,GUF,2021-08-22,186.24226
French Guiana,GUF,2021-08-29,253.47774
French Guiana,GUF,2021-09-05,293.81903
French Guiana,GUF,2021-09-12,326.7644
French Guiana,GUF,2021-09-19,382.56985
French Guiana,GUF,2021-09-26,461.9077
French Guiana,GUF,2021-10-03,532.505
French Guiana,GUF,2021-10-10,580.91455
French Guiana,GUF,2021-10-17,618.5664
French Guiana,GUF,2021-10-24,646.13293
French Guiana,GUF,2021-10-31,696.5596
French Guiana,GUF,2021-11-07,734.8838
French Guiana,GUF,2021-11-14,755.05444
French Guiana,GUF,2021-11-21,741.6073
French Guiana,GUF,2021-11-28,752.365
French Guiana,GUF,2021-12-05,727.48785
French Guiana,GUF,2021-12-12,736.9008
French Guiana,GUF,2021-12-19,720.76434
French Guiana,GUF,2021-12-26,723.45374
French Guiana,GUF,2022-01-02,721.02124
French Guiana,GUF,2022-01-09,732.1846
French Guiana,GUF,2022-01-16,750.5713
French Guiana,GUF,2022-01-23,799.16473
French Guiana,GUF,2022-01-30,837.9081
French Guiana,GUF,2022-02-06,847.10144
French Guiana,GUF,2022-02-13,850.38477
French Guiana,GUF,2022-02-20,871.39813
French Guiana,GUF,2022-02-27,876.6515
French Guiana,GUF,2022-03-06,886.5015
French Guiana,GUF,2022-03-13,889.1282
French Guiana,GUF,2022-03-20,902.9182
French Guiana,GUF,2022-03-27,869.42816
French Guiana,GUF,2022-04-03,854.98145
French Guiana,GUF,2022-04-10,837.2514
French Guiana,GUF,2022-04-17,860.8915
French Guiana,GUF,2022-04-24,846.44476
French Guiana,GUF,2022-05-01,833.9681
French Guiana,GUF,2022-05-08,832.6548
French Guiana,GUF,2022-05-15,836.5948
French Guiana,GUF,2022-05-22,843.16144
French Guiana,GUF,2022-05-29,828.7148
French Guiana,GUF,2022-06-05,816.8947
French Guiana,GUF,2022-06-12,810.32806
French Guiana,GUF,2022-06-19,830.0281
French Guiana,GUF,2022-06-26,830.0281
French Guiana,GUF,2022-07-03,841.84814
French Guiana,GUF,2022-07-10,851.6981
French Guiana,GUF,2022-07-17,829.37146
French Guiana,GUF,2022-07-24,814.92474
French Guiana,GUF,2022-07-31,822.1481
French Guiana,GUF,2022-08-07,812.2981
French Guiana,GUF,2022-08-14,832.6548
French Guiana,GUF,2022-08-21,835.28143
French Guiana,GUF,2022-08-28,839.22144
French Guiana,GUF,2022-09-04,843.16144
French Guiana,GUF,2022-09-11,833.31146
French Guiana,GUF,2022-09-18,829.37146
French Guiana,GUF,2022-09-25,835.28143
French Guiana,GUF,2022-10-02,835.9381
French Guiana,GUF,2022-10-09,834.62476
French Guiana,GUF,2022-10-16,858.9215
French Guiana,GUF,2022-10-23,866.8015
French Guiana,GUF,2022-10-30,834.62476
French Guiana,GUF,2022-11-06,820.1781
French Guiana,GUF,2022-11-13,801.1347
French Guiana,GUF,2022-11-20,795.22473
French Guiana,GUF,2022-11-27,819.5214
French Guiana,GUF,2022-12-04,835.28143
French Guiana,GUF,2022-12-11,812.2981
French Guiana,GUF,2022-12-18,810.32806
French Guiana,GUF,2022-12-25,820.1781
French Guiana,GUF,2023-01-01,853.40576
French Guiana,GUF,2023-01-08,836.107
French Guiana,GUF,2023-01-15,838.6698
French Guiana,GUF,2023-01-22,835.4663
French Guiana,GUF,2023-01-29,825.8559
French Guiana,GUF,2023-02-05,825.8559
French Guiana,GUF,2023-02-12,852.1244
French Guiana,GUF,2023-02-19,876.4708
French Guiana,GUF,2023-02-26,911.06836
French Guiana,GUF,2023-03-05,921.31946
French Guiana,GUF,2023-03-12,908.50555
French Guiana,GUF,2023-03-19,909.7869
French Guiana,GUF,2023-03-26,890.5661
French Guiana,GUF,2023-04-02,902.7393
French Guiana,GUF,2023-04-09,898.89514
French Guiana,GUF,2023-04-16,884.1591
French Guiana,GUF,2023-04-23,870.7045
French Guiana,GUF,2023-04-30,852.7651
French Guiana,GUF,2023-05-07,852.1244
French Guiana,GUF,2023-05-14,824.57446
French Guiana,GUF,2023-05-21,838.0291
French Guiana,GUF,2023-05-28,827.77795
French Guiana,GUF,2023-06-04,855.3279
French Guiana,GUF,2023-06-11,871.9859
French Guiana,GUF,2023-06-18,904.6614
French Guiana,GUF,2023-06-25,914.9125
French Guiana,GUF,2023-07-02,882.23706
French Guiana,GUF,2023-07-09,876.4708
French Guiana,GUF,2023-07-16,880.9557
French Guiana,GUF,2023-07-23,873.908
French Guiana,GUF,2023-07-30,894.4103
French Guiana,GUF,2023-08-06,895.05096
French Guiana,GUF,2023-08-13,880.31494
French Guiana,GUF,2023-08-20,864.2976
French Guiana,GUF,2023-08-27,875.1894
French Guiana,GUF,2023-09-03,892.48816
French Guiana,GUF,2023-09-10,905.94275
French Guiana,GUF,2023-09-17,896.33234
French Guiana,GUF,2023-09-24,902.7393
French Guiana,GUF,2023-10-01,942.4624
French Guiana,GUF,2023-10-08,957.83905
French Guiana,GUF,2023-10-15,972.5751
French Guiana,GUF,2023-10-22,993.71796
French Guiana,GUF,2023-10-29,975.7785
French Guiana,GUF,2023-11-05,971.9343
French Guiana,GUF,2023-11-12,979.6227
French Guiana,GUF,2023-11-19,964.8867
French Guiana,GUF,2023-11-26,989.2331
French Guiana,GUF,2023-12-03,998.84357
French Guiana,GUF,2023-12-10,996.28076
French Guiana,GUF,2023-12-17,1007.8133
French Guiana,GUF,2023-12-24,1005.2505
French Guiana,GUF,2023-12-31,1014.2202
French Polynesia,PYF,2020-01-31,-76.83772
French Polynesia,PYF,2020-02-29,-61.60263
French Polynesia,PYF,2020-03-31,-33.782097
French Polynesia,PYF,2020-04-30,-64.914604
French Polynesia,PYF,2020-05-31,-106.64546
French Polynesia,PYF,2020-06-30,-106.64546
French Polynesia,PYF,2020-07-31,-197.39345
French Polynesia,PYF,2020-08-31,-297.41498
French Polynesia,PYF,2020-09-30,-265.62006
French Polynesia,PYF,2020-10-31,-247.73543
French Polynesia,PYF,2020-11-30,-117.24378
French Polynesia,PYF,2020-12-31,8.61112
French Polynesia,PYF,2021-01-31,35.85079
French Polynesia,PYF,2021-02-28,62.492214
French Polynesia,PYF,2021-03-31,-26.641401
French Polynesia,PYF,2021-04-30,-121.69529
French Polynesia,PYF,2021-05-31,-210.8289
French Polynesia,PYF,2021-06-30,-245.36406
French Polynesia,PYF,2021-07-31,-268.05856
French Polynesia,PYF,2021-08-31,1101.1782
French Polynesia,PYF,2021-09-30,1838.2571
French Polynesia,PYF,2021-10-31,1837.9282
French Polynesia,PYF,2021-11-30,1840.8883
French Polynesia,PYF,2021-12-31,1809.6422
French Polynesia,PYF,2022-01-31,1812.3229
French Polynesia,PYF,2022-02-28,1808.0785
French Polynesia,PYF,2022-03-31,1790.1218
French Polynesia,PYF,2022-04-30,1720.5803
French Polynesia,PYF,2022-05-31,1673.2399
French Polynesia,PYF,2022-06-30,1660.507
French Polynesia,PYF,2022-07-31,1555.052
French Polynesia,PYF,2022-08-31,1463.3094
French Polynesia,PYF,2022-09-30,1540.6866
French Polynesia,PYF,2022-10-31,1477.0219
French Polynesia,PYF,2022-11-30,1488.4489
French Polynesia,PYF,2022-12-31,1469.1863
Georgia,GEO,2020-01-31,11.763367
Georgia,GEO,2020-02-29,80.936516
Georgia,GEO,2020-03-31,41.716217
Georgia,GEO,2020-04-30,-22.305483
Georgia,GEO,2020-05-31,-11.126226
Georgia,GEO,2020-06-30,1.8055549
Georgia,GEO,2020-07-31,82.768654
Georgia,GEO,2020-08-31,50.6649
Georgia,GEO,2020-09-30,95.24903
Georgia,GEO,2020-10-31,226.66472
Georgia,GEO,2020-11-30,787.77716
Georgia,GEO,2020-12-31,1356.6964
Georgia,GEO,2021-01-31,1525.7914
Georgia,GEO,2021-02-28,1550.5121
Georgia,GEO,2021-03-31,1615.8928
Georgia,GEO,2021-04-30,1712.0348
Georgia,GEO,2021-05-31,1929.0396
Georgia,GEO,2021-06-30,2121.1904
Georgia,GEO,2021-07-31,2354.9062
Georgia,GEO,2021-08-31,3039.1826
Georgia,GEO,2021-09-30,3639.0522
Georgia,GEO,2021-10-31,4196.878
Georgia,GEO,2021-11-30,4948.2114
Georgia,GEO,2021-12-31,5456.17
Georgia,GEO,2022-01-31,5795.157
Georgia,GEO,2022-02-28,6305.6016
Georgia,GEO,2022-03-31,6557.472
Georgia,GEO,2022-04-30,6573.416
Georgia,GEO,2022-05-31,6584.072
Georgia,GEO,2022-06-30,6592.2173
Georgia,GEO,2022-07-31,6672.2573
Georgia,GEO,2022-08-31,6772.6475
Georgia,GEO,2022-09-30,6875.388
Georgia,GEO,2022-10-31,6883.0527
Georgia,GEO,2022-11-30,6901.7207
Georgia,GEO,2022-12-31,6951.208
Georgia,GEO,2023-01-31,7000.4165
Georgia,GEO,2023-02-28,7020.721
Georgia,GEO,2023-03-31,6954.0684
Georgia,GEO,2023-04-30,6946.585
Georgia,GEO,2023-05-31,6945.861
Georgia,GEO,2023-06-30,6950.6616
Georgia,GEO,2023-07-31,6975.3647
Georgia,GEO,2023-08-31,7052.1562
Georgia,GEO,2023-09-30,7108.51
Georgia,GEO,2023-10-31,7158.6934
Georgia,GEO,2023-11-30,7119.3457
Georgia,GEO,2023-12-31,7002.3213
Germany,DEU,2020-01-05,-9.128866
Germany,DEU,2020-01-12,-15.812019
Germany,DEU,2020-01-19,-27.909845
Germany,DEU,2020-01-26,-44.157497
Germany,DEU,2020-02-02,-57.217785
Germany,DEU,2020-02-09,-79.20174
Germany,DEU,2020-02-16,-100.36484
Germany,DEU,2020-02-23,-135.33347
Germany,DEU,2020-03-01,-169.76686
Germany,DEU,2020-03-08,-196.11905
Germany,DEU,2020-03-15,-209.16011
Germany,DEU,2020-03-22,-213.36153
Germany,DEU,2020-03-29,-210.06017
Germany,DEU,2020-04-05,-189.4947
Germany,DEU,2020-04-12,-163.81697
Germany,DEU,2020-04-19,-147.96776
Germany,DEU,2020-04-26,-139.92615
Germany,DEU,2020-05-03,-133.96303
Germany,DEU,2020-05-10,-134.50424
Germany,DEU,2020-05-17,-137.63042
Germany,DEU,2020-05-24,-135.08028
Germany,DEU,2020-05-31,-138.96968
Germany,DEU,2020-06-07,-135.15228
Germany,DEU,2020-06-14,-133.303
Germany,DEU,2020-06-21,-137.90523
Germany,DEU,2020-06-28,-133.20459
Germany,DEU,2020-07-05,-144.93282
Germany,DEU,2020-07-12,-151.91118
Germany,DEU,2020-07-19,-159.07916
Germany,DEU,2020-07-26,-168.95448
Germany,DEU,2020-08-02,-168.22844
Germany,DEU,2020-08-09,-162.66615
Germany,DEU,2020-08-16,-128.11275
Germany,DEU,2020-08-23,-117.15018
Germany,DEU,2020-08-30,-118.905876
Germany,DEU,2020-09-06,-114.10923
Germany,DEU,2020-09-13,-107.826904
Germany,DEU,2020-09-20,-97.29875
Germany,DEU,2020-09-27,-90.05876
Germany,DEU,2020-10-04,-82.83077
Germany,DEU,2020-10-11,-85.0377
Germany,DEU,2020-10-18,-83.053986
Germany,DEU,2020-10-25,-71.22976
Germany,DEU,2020-11-01,-58.491093
Germany,DEU,2020-11-08,-45.76443
Germany,DEU,2020-11-15,-24.990154
Germany,DEU,2020-11-22,-0.841286
Germany,DEU,2020-11-29,34.993774
Germany,DEU,2020-12-06,81.42539
Germany,DEU,2020-12-13,144.87389
Germany,DEU,2020-12-20,212.53703
Germany,DEU,2020-12-27,294.01526
Germany,DEU,2021-01-03,374.97946
Germany,DEU,2021-01-10,436.55347
Germany,DEU,2021-01-17,489.63675
Germany,DEU,2021-01-24,537.93396
Germany,DEU,2021-01-31,566.1517
Germany,DEU,2021-02-07,575.3977
Germany,DEU,2021-02-14,574.63763
Germany,DEU,2021-02-21,561.95306
Germany,DEU,2021-02-28,525.65704
Germany,DEU,2021-03-07,476.99533
Germany,DEU,2021-03-14,436.2753
Germany,DEU,2021-03-21,403.89014
Germany,DEU,2021-03-28,382.61414
Germany,DEU,2021-04-04,370.3564
Germany,DEU,2021-04-11,367.78113
Germany,DEU,2021-04-18,374.92905
Germany,DEU,2021-04-25,389.34244
Germany,DEU,2021-05-02,407.6691
Germany,DEU,2021-05-09,428.84677
Germany,DEU,2021-05-16,437.75952
Germany,DEU,2021-05-23,442.6751
Germany,DEU,2021-05-30,443.90997
Germany,DEU,2021-06-06,455.3165
Germany,DEU,2021-06-13,459.6158
Germany,DEU,2021-06-20,489.46405
Germany,DEU,2021-06-27,492.66516
Germany,DEU,2021-07-04,492.33185
Germany,DEU,2021-07-11,485.38052
Germany,DEU,2021-07-18,494.95987
Germany,DEU,2021-07-25,499.0266
Germany,DEU,2021-08-01,491.3727
Germany,DEU,2021-08-08,485.48602
Germany,DEU,2021-08-15,490.44952
Germany,DEU,2021-08-22,496.6935
Germany,DEU,2021-08-29,501.08154
Germany,DEU,2021-09-05,505.8676
Germany,DEU,2021-09-12,534.04456
Germany,DEU,2021-09-19,549.46265
Germany,DEU,2021-09-26,565.52576
Germany,DEU,2021-10-03,579.27496
Germany,DEU,2021-10-10,591.9571
Germany,DEU,2021-10-17,605.4401
Germany,DEU,2021-10-24,629.81177
Germany,DEU,2021-10-31,661.52075
Germany,DEU,2021-11-07,694.6588
Germany,DEU,2021-11-14,730.44653
Germany,DEU,2021-11-21,780.9042
Germany,DEU,2021-11-28,840.4161
Germany,DEU,2021-12-05,909.08527
Germany,DEU,2021-12-12,970.92065
Germany,DEU,2021-12-19,1020.7189
Germany,DEU,2021-12-26,1059.7292
Germany,DEU,2022-01-02,1099.4442
Germany,DEU,2022-01-09,1110.8081
Germany,DEU,2022-01-16,1106.9362
Germany,DEU,2022-01-23,1102.1982
Germany,DEU,2022-01-30,1099.3699
Germany,DEU,2022-02-06,1094.0538
Germany,DEU,2022-02-13,1086.2117
Germany,DEU,2022-02-20,1079.9095
Germany,DEU,2022-02-27,1058.6693
Germany,DEU,2022-03-06,1036.5726
Germany,DEU,2022-03-13,1025.8877
Germany,DEU,2022-03-20,1027.5957
Germany,DEU,2022-03-27,1038.211
Germany,DEU,2022-04-03,1052.6191
Germany,DEU,2022-04-10,1073.3197
Germany,DEU,2022-04-17,1092.6528
Germany,DEU,2022-04-24,1108.9633
Germany,DEU,2022-05-01,1123.2994
Germany,DEU,2022-05-08,1141.5674
Germany,DEU,2022-05-15,1157.0406
Germany,DEU,2022-05-22,1169.3304
Germany,DEU,2022-05-29,1169.3616
Germany,DEU,2022-06-05,1178.0577
Germany,DEU,2022-06-12,1186.9003
Germany,DEU,2022-06-19,1208.1454
Germany,DEU,2022-06-26,1232.0822
Germany,DEU,2022-07-03,1248.6565
Germany,DEU,2022-07-10,1253.9557
Germany,DEU,2022-07-17,1278.1443
Germany,DEU,2022-07-24,1321.0112
Germany,DEU,2022-07-31,1348.6974
Germany,DEU,2022-08-07,1376.5325
Germany,DEU,2022-08-14,1407.0782
Germany,DEU,2022-08-21,1440.8123
Germany,DEU,2022-08-28,1465.6125
Germany,DEU,2022-09-04,1480.1598
Germany,DEU,2022-09-11,1505.4543
Germany,DEU,2022-09-18,1521.8344
Germany,DEU,2022-09-25,1547.7958
Germany,DEU,2022-10-02,1587.1434
Germany,DEU,2022-10-09,1627.1627
Germany,DEU,2022-10-16,1673.057
Germany,DEU,2022-10-23,1720.453
Germany,DEU,2022-10-30,1763.243
Germany,DEU,2022-11-06,1788.811
Germany,DEU,2022-11-13,1812.3519
Germany,DEU,2022-11-20,1842.9409
Germany,DEU,2022-11-27,1878.954
Germany,DEU,2022-12-04,1923.0491
Germany,DEU,2022-12-11,1984.3566
Germany,DEU,2022-12-18,2068.1062
Germany,DEU,2022-12-25,2179.8662
Germany,DEU,2023-01-01,2280.8516
Germany,DEU,2023-01-08,2345.7043
Germany,DEU,2023-01-15,2373.6738
Germany,DEU,2023-01-22,2384.1606
Germany,DEU,2023-01-29,2384.8535
Germany,DEU,2023-02-05,2382.48
Germany,DEU,2023-02-12,2373.58
Germany,DEU,2023-02-19,2363.5686
Germany,DEU,2023-02-26,2346.9495
Germany,DEU,2023-03-05,2326.0632
Germany,DEU,2023-03-12,2321.9058
Germany,DEU,2023-03-19,2327.5952
Germany,DEU,2023-03-26,2337.698
Germany,DEU,2023-04-02,2348.6074
Germany,DEU,2023-04-09,2355.8984
Germany,DEU,2023-04-16,2372.4216
Germany,DEU,2023-04-23,2390.4575
Germany,DEU,2023-04-30,2402.5195
Germany,DEU,2023-05-07,2417.0884
Germany,DEU,2023-05-14,2426.4707
Germany,DEU,2023-05-21,2434.9358
Germany,DEU,2023-05-28,2447.5068
Germany,DEU,2023-06-04,2453.6716
Germany,DEU,2023-06-11,2465.9978
Germany,DEU,2023-06-18,2477.9038
Germany,DEU,2023-06-25,2488.638
Germany,DEU,2023-07-02,2485.508
Germany,DEU,2023-07-09,2477.2878
Germany,DEU,2023-07-16,2484.6846
Germany,DEU,2023-07-23,2475.3958
Germany,DEU,2023-07-30,2461.5618
Germany,DEU,2023-08-06,2450.686
Germany,DEU,2023-08-13,2451.3354
Germany,DEU,2023-08-20,2466.2092
Germany,DEU,2023-08-27,2479.3564
Germany,DEU,2023-09-03,2473.9695
Germany,DEU,2023-09-10,2490.0967
Germany,DEU,2023-09-17,2500.6387
Germany,DEU,2023-09-24,2504.1912
Germany,DEU,2023-10-01,2509.1003
Germany,DEU,2023-10-08,2518.5354
Germany,DEU,2023-10-15,2526.9358
Germany,DEU,2023-10-22,2544.763
Germany,DEU,2023-10-29,2572.0144
Germany,DEU,2023-11-05,2601.4412
Germany,DEU,2023-11-12,2628.5269
Germany,DEU,2023-11-19,2657.6128
Germany,DEU,2023-11-26,2687.7576
Germany,DEU,2023-12-03,2727.6365
Germany,DEU,2023-12-10,2773.8904
Germany,DEU,2023-12-17,2816.6987
Germany,DEU,2023-12-24,2860.686
Germany,DEU,2023-12-31,2896.0676
Gibraltar,GIB,2020-01-31,6.1089454
Gibraltar,GIB,2020-02-29,-54.980274
Gibraltar,GIB,2020-03-31,-91.633835
Gibraltar,GIB,2020-04-30,-158.832
Gibraltar,GIB,2020-05-31,-513.1495
Gibraltar,GIB,2020-06-30,-720.85284
Gibraltar,GIB,2020-07-31,-635.32794
Gibraltar,GIB,2020-08-31,-696.4172
Gibraltar,GIB,2020-09-30,-763.6153
Gibraltar,GIB,2020-10-31,-757.50635
Gibraltar,GIB,2020-11-30,-635.32794
Gibraltar,GIB,2020-12-31,-1062.9525
Gibraltar,GIB,2021-01-31,599.42505
Greece,GRC,2020-01-05,-8.980005
Greece,GRC,2020-01-12,-20.585533
Greece,GRC,2020-01-19,-27.396656
Greece,GRC,2020-01-26,-39.154396
Greece,GRC,2020-02-02,-24.847263
Greece,GRC,2020-02-09,-13.508097
Greece,GRC,2020-02-16,4.4709587
Greece,GRC,2020-02-23,-5.0798106
Greece,GRC,2020-03-01,-10.083514
Greece,GRC,2020-03-08,1.6361613
Greece,GRC,2020-03-15,12.632884
Greece,GRC,2020-03-22,25.151642
Greece,GRC,2020-03-29,31.601276
Greece,GRC,2020-04-05,35.72979
Greece,GRC,2020-04-12,33.446735
Greece,GRC,2020-04-19,26.540487
Greece,GRC,2020-04-26,17.598522
Greece,GRC,2020-05-03,15.315468
Greece,GRC,2020-05-10,3.253325
Greece,GRC,2020-05-17,32.60961
Greece,GRC,2020-05-24,52.16779
Greece,GRC,2020-05-31,27.206402
Greece,GRC,2020-06-07,16.49506
Greece,GRC,2020-06-14,9.493684
Greece,GRC,2020-06-21,4.052408
Greece,GRC,2020-06-28,-11.301126
Greece,GRC,2020-07-05,21.555826
Greece,GRC,2020-07-12,20.718702
Greece,GRC,2020-07-19,14.55445
Greece,GRC,2020-07-26,5.250998
Greece,GRC,2020-08-02,35.159004
Greece,GRC,2020-08-09,42.483803
Greece,GRC,2020-08-16,47.639698
Greece,GRC,2020-08-23,63.392784
Greece,GRC,2020-08-30,73.685555
Greece,GRC,2020-09-06,86.96533
Greece,GRC,2020-09-13,102.96573
Greece,GRC,2020-09-20,122.94246
Greece,GRC,2020-09-27,134.0343
Greece,GRC,2020-10-04,143.71826
Greece,GRC,2020-10-11,146.515
Greece,GRC,2020-10-18,141.45422
Greece,GRC,2020-10-25,141.68253
Greece,GRC,2020-11-01,153.97296
Greece,GRC,2020-11-08,171.91397
Greece,GRC,2020-11-15,213.2563
Greece,GRC,2020-11-22,285.87646
Greece,GRC,2020-11-29,372.27103
Greece,GRC,2020-12-06,459.2554
Greece,GRC,2020-12-13,519.4329
Greece,GRC,2020-12-20,556.89404
Greece,GRC,2020-12-27,568.7279
Greece,GRC,2021-01-03,576.52344
Greece,GRC,2021-01-10,556.2752
Greece,GRC,2021-01-17,503.32352
Greece,GRC,2021-01-24,474.4399
Greece,GRC,2021-01-31,446.80087
Greece,GRC,2021-02-07,411.88586
Greece,GRC,2021-02-14,384.61063
Greece,GRC,2021-02-21,377.3251
Greece,GRC,2021-02-28,384.93613
Greece,GRC,2021-03-07,395.49582
Greece,GRC,2021-03-14,406.80228
Greece,GRC,2021-03-21,434.5179
Greece,GRC,2021-03-28,465.39285
Greece,GRC,2021-04-04,517.1574
Greece,GRC,2021-04-11,562.0864
Greece,GRC,2021-04-18,616.35925
Greece,GRC,2021-04-25,645.4918
Greece,GRC,2021-05-02,692.2015
Greece,GRC,2021-05-09,748.4848
Greece,GRC,2021-05-16,764.48236
Greece,GRC,2021-05-23,795.07007
Greece,GRC,2021-05-30,837.43335
Greece,GRC,2021-06-06,844.5657
Greece,GRC,2021-06-13,860.00793
Greece,GRC,2021-06-20,861.0898
Greece,GRC,2021-06-27,912.08844
Greece,GRC,2021-07-04,988.1509
Greece,GRC,2021-07-11,1022.64465
Greece,GRC,2021-07-18,1058.1724
Greece,GRC,2021-07-25,1080.3927
Greece,GRC,2021-08-01,1125.7812
Greece,GRC,2021-08-08,1267.2124
Greece,GRC,2021-08-15,1313.5392
Greece,GRC,2021-08-22,1346.1948
Greece,GRC,2021-08-29,1400.525
Greece,GRC,2021-09-05,1434.9039
Greece,GRC,2021-09-12,1466.2576
Greece,GRC,2021-09-19,1523.4216
Greece,GRC,2021-09-26,1557.59
Greece,GRC,2021-10-03,1594.4005
Greece,GRC,2021-10-10,1624.6244
Greece,GRC,2021-10-17,1652.1294
Greece,GRC,2021-10-24,1680.7258
Greece,GRC,2021-10-31,1726.8994
Greece,GRC,2021-11-07,1793.2542
Greece,GRC,2021-11-14,1838.681
Greece,GRC,2021-11-21,1898.1812
Greece,GRC,2021-11-28,1971.9268
Greece,GRC,2021-12-05,2045.5575
Greece,GRC,2021-12-12,2131.9402
Greece,GRC,2021-12-19,2207.8113
Greece,GRC,2021-12-26,2278.0527
Greece,GRC,2022-01-02,2353.8245
Greece,GRC,2022-01-09,2392.1875
Greece,GRC,2022-01-16,2422.019
Greece,GRC,2022-01-23,2450.7336
Greece,GRC,2022-01-30,2522.4912
Greece,GRC,2022-02-06,2588.1821
Greece,GRC,2022-02-13,2633.9214
Greece,GRC,2022-02-20,2675.886
Greece,GRC,2022-02-27,2694.22
Greece,GRC,2022-03-06,2714.9424
Greece,GRC,2022-03-13,2742.771
Greece,GRC,2022-03-20,2793.7485
Greece,GRC,2022-03-27,2850.311
Greece,GRC,2022-04-03,2910.937
Greece,GRC,2022-04-10,2951.8809
Greece,GRC,2022-04-17,2988.8381
Greece,GRC,2022-04-24,3012.6416
Greece,GRC,2022-05-01,3042.6658
Greece,GRC,2022-05-08,3039.6616
Greece,GRC,2022-05-15,3058.4387
Greece,GRC,2022-05-22,3077.5432
Greece,GRC,2022-05-29,3102.9067
Greece,GRC,2022-06-05,3135.1072
Greece,GRC,2022-06-12,3146.5852
Greece,GRC,2022-06-19,3142.2712
Greece,GRC,2022-06-26,3145.3142
Greece,GRC,2022-07-03,3159.604
Greece,GRC,2022-07-10,3196.1184
Greece,GRC,2022-07-17,3218.362
Greece,GRC,2022-07-24,3258.516
Greece,GRC,2022-07-31,3340.4614
Greece,GRC,2022-08-07,3403.264
Greece,GRC,2022-08-14,3429.9177
Greece,GRC,2022-08-21,3456.4946
Greece,GRC,2022-08-28,3471.0732
Greece,GRC,2022-09-04,3487.732
Greece,GRC,2022-09-11,3491.237
Greece,GRC,2022-09-18,3502.5996
Greece,GRC,2022-09-25,3502.2915
Greece,GRC,2022-10-02,3532.9512
Greece,GRC,2022-10-09,3536.1868
Greece,GRC,2022-10-16,3539.3835
Greece,GRC,2022-10-23,3543.8708
Greece,GRC,2022-10-30,3561.5117
Greece,GRC,2022-11-06,3575.1853
Greece,GRC,2022-11-13,3576.957
Greece,GRC,2022-11-20,3597.1208
Greece,GRC,2022-11-27,3602.629
Greece,GRC,2022-12-04,3634.0203
Greece,GRC,2022-12-11,3658.6907
Greece,GRC,2022-12-18,3665.3733
Greece,GRC,2022-12-25,3676.7937
Greece,GRC,2023-01-01,3727.741
Greece,GRC,2023-01-08,3739.664
Greece,GRC,2023-01-15,3739.635
Greece,GRC,2023-01-22,3736.8406
Greece,GRC,2023-01-29,3726.8901
Greece,GRC,2023-02-05,3717.7134
Greece,GRC,2023-02-12,3725.0527
Greece,GRC,2023-02-19,3748.0383
Greece,GRC,2023-02-26,3759.6714
Greece,GRC,2023-03-05,3764.516
Greece,GRC,2023-03-12,3759.6714
Greece,GRC,2023-03-19,3743.2615
Greece,GRC,2023-03-26,3739.0356
Greece,GRC,2023-04-02,3740.9211
Greece,GRC,2023-04-09,3722.8481
Greece,GRC,2023-04-16,3715.1797
Greece,GRC,2023-04-23,3712.5786
Greece,GRC,2023-04-30,3714
Greece,GRC,2023-05-07,3712.8105
Greece,GRC,2023-05-14,3707.289
Greece,GRC,2023-05-21,3708.6719
Greece,GRC,2023-05-28,3716.5334
Greece,GRC,2023-06-04,3709.6968
Greece,GRC,2023-06-11,3713.6711
Greece,GRC,2023-06-18,3689.9895
Greece,GRC,2023-06-25,3672.6318
Greece,GRC,2023-07-02,3649.2595
Greece,GRC,2023-07-09,3648.2056
Greece,GRC,2023-07-16,3653.7078
Greece,GRC,2023-07-23,3724.6758
Greece,GRC,2023-07-30,3779.785
Greece,GRC,2023-08-06,3769.7378
Greece,GRC,2023-08-13,3732.963
Greece,GRC,2023-08-20,3734.5005
Greece,GRC,2023-08-27,3770.2117
Greece,GRC,2023-09-03,3780.5488
Greece,GRC,2023-09-10,3773.8088
Greece,GRC,2023-09-17,3782.5022
Greece,GRC,2023-09-24,3797.1716
Greece,GRC,2023-10-01,3806.774
Greece,GRC,2023-10-08,3800.9236
Greece,GRC,2023-10-15,3785.9448
Greece,GRC,2023-10-22,3784.9294
Greece,GRC,2023-10-29,3786.196
Greece,GRC,2023-11-05,3772.9387
Greece,GRC,2023-11-12,3748.5024
Greece,GRC,2023-11-19,3726.7742
Greece,GRC,2023-11-26,3725.6233
Greece,GRC,2023-12-03,3735.9607
Greece,GRC,2023-12-10,3728.7178
Greece,GRC,2023-12-17,3742.7683
Greece,GRC,2023-12-24,3757.0315
Greece,GRC,2023-12-31,3780.249
Greenland,GRL,2020-01-31,-190.9044
Greenland,GRL,2020-02-29,-89.20766
Greenland,GRL,2020-03-31,-326.5
Greenland,GRL,2020-04-30,-649.4317
Greenland,GRL,2020-05-31,-765.4017
Greenland,GRL,2020-06-30,-699.388
Greenland,GRL,2020-07-31,-783.24316
Greenland,GRL,2020-08-31,-760.0492
Greenland,GRL,2020-09-30,-604.8279
Greenland,GRL,2020-10-31,-735.07104
Greenland,GRL,2020-11-30,-615.5328
Greenland,GRL,2020-12-31,-485.2896
Greenland,GRL,2021-01-31,-518.96344
Greenland,GRL,2021-02-28,-387.44528
Greenland,GRL,2021-03-31,-646.927
Greenland,GRL,2021-04-30,-671.80884
Greenland,GRL,2021-05-31,-1041.4814
Greenland,GRL,2021-06-30,-1105.4633
Greenland,GRL,2021-07-31,-856.6451
Greenland,GRL,2021-08-31,-803.3269
Greenland,GRL,2021-09-30,-813.99054
Greenland,GRL,2021-10-31,-771.336
Greenland,GRL,2021-11-30,-1066.3632
Greenland,GRL,2021-12-31,-1030.8177
Greenland,GRL,2022-01-31,-1102.7717
Greenland,GRL,2022-02-28,-1012.4967
Greenland,GRL,2022-03-31,-1559.4575
Greenland,GRL,2022-04-30,-1589.5492
Greenland,GRL,2022-05-31,-1697.5253
Greenland,GRL,2022-06-30,-1961.27
Greenland,GRL,2022-07-31,-1984.2814
Greenland,GRL,2022-08-31,-1883.3856
Greenland,GRL,2022-09-30,-2058.6255
Greenland,GRL,2022-10-31,-1773.6395
Greenland,GRL,2022-11-30,-1754.1685
Greenland,GRL,2022-12-31,-1901.0868
Greenland,GRL,2023-01-31,-1994.1058
Greenland,GRL,2023-02-28,-1997.6351
Greenland,GRL,2023-03-31,-2089.3994
Greenland,GRL,2023-04-30,-2407.0447
Greenland,GRL,2023-05-31,-2467.0442
Greenland,GRL,2023-06-30,-2735.278
Greenland,GRL,2023-07-31,-2657.6313
Greenland,GRL,2023-08-31,-2615.2786
Greenland,GRL,2023-09-30,-2812.9246
Greenland,GRL,2023-10-31,-2904.6887
Greenland,GRL,2023-11-30,-2837.6304
Greenland,GRL,2023-12-31,-2918.8062
Guadeloupe,GLP,2020-01-05,29.824423
Guadeloupe,GLP,2020-01-12,-8.087969
Guadeloupe,GLP,2020-01-19,-43.47287
Guadeloupe,GLP,2020-01-26,-27.802412
Guadeloupe,GLP,2020-02-02,-55.60483
Guadeloupe,GLP,2020-02-09,-88.46224
Guadeloupe,GLP,2020-02-16,-72.791794
Guadeloupe,GLP,2020-02-23,-13.142964
Guadeloupe,GLP,2020-03-01,-10.615472
Guadeloupe,GLP,2020-03-08,-6.065977
Guadeloupe,GLP,2020-03-15,-13.648456
Guadeloupe,GLP,2020-03-22,-10.1099615
Guadeloupe,GLP,2020-03-29,-18.703442
Guadeloupe,GLP,2020-04-05,-2.0219922
Guadeloupe,GLP,2020-04-12,-3.0329933
Guadeloupe,GLP,2020-04-19,28.30792
Guadeloupe,GLP,2020-04-26,45.49488
Guadeloupe,GLP,2020-05-03,87.95676
Guadeloupe,GLP,2020-05-10,82.39628
Guadeloupe,GLP,2020-05-17,76.83581
Guadeloupe,GLP,2020-05-24,91.49527
Guadeloupe,GLP,2020-05-31,74.81382
Guadeloupe,GLP,2020-06-07,61.165356
Guadeloupe,GLP,2020-06-14,31.846443
Guadeloupe,GLP,2020-06-21,8.088008
Guadeloupe,GLP,2020-06-28,3.0330222
Guadeloupe,GLP,2020-07-05,-6.5714583
Guadeloupe,GLP,2020-07-12,-16.681429
Guadeloupe,GLP,2020-07-19,-43.97836
Guadeloupe,GLP,2020-07-26,-63.1873
Guadeloupe,GLP,2020-08-02,-46.50585
Guadeloupe,GLP,2020-08-09,-34.37388
Guadeloupe,GLP,2020-08-16,5.560515
Guadeloupe,GLP,2020-08-23,-11.626444
Guadeloupe,GLP,2020-08-30,28.81344
Guadeloupe,GLP,2020-09-06,83.40728
Guadeloupe,GLP,2020-09-13,116.26469
Guadeloupe,GLP,2020-09-20,205.23242
Guadeloupe,GLP,2020-09-27,269.93625
Guadeloupe,GLP,2020-10-04,314.4201
Guadeloupe,GLP,2020-10-11,363.95895
Guadeloupe,GLP,2020-10-18,449.8937
Guadeloupe,GLP,2020-10-25,512.57556
Guadeloupe,GLP,2020-11-01,541.389
Guadeloupe,GLP,2020-11-08,561.6089
Guadeloupe,GLP,2020-11-15,548.97144
Guadeloupe,GLP,2020-11-22,530.268
Guadeloupe,GLP,2020-11-29,551.49896
Guadeloupe,GLP,2020-12-06,560.5979
Guadeloupe,GLP,2020-12-13,554.5319
Guadeloupe,GLP,2020-12-20,533.8065
Guadeloupe,GLP,2020-12-27,506.00406
Guadeloupe,GLP,2021-01-03,465.0846
Guadeloupe,GLP,2021-01-10,477.20407
Guadeloupe,GLP,2021-01-17,510.02762
Guadeloupe,GLP,2021-01-24,530.22675
Guadeloupe,GLP,2021-01-31,505.48282
Guadeloupe,GLP,2021-02-07,492.85837
Guadeloupe,GLP,2021-02-14,442.3606
Guadeloupe,GLP,2021-02-21,412.5669
Guadeloupe,GLP,2021-02-28,467.1045
Guadeloupe,GLP,2021-03-07,439.3307
Guadeloupe,GLP,2021-03-14,421.15152
Guadeloupe,GLP,2021-03-21,403.4773
Guadeloupe,GLP,2021-03-28,419.63657
Guadeloupe,GLP,2021-04-04,406.00217
Guadeloupe,GLP,2021-04-11,415.09177
Guadeloupe,GLP,2021-04-18,459.52982
Guadeloupe,GLP,2021-04-25,500.938
Guadeloupe,GLP,2021-05-02,492.85837
Guadeloupe,GLP,2021-05-09,510.02762
Guadeloupe,GLP,2021-05-16,519.6222
Guadeloupe,GLP,2021-05-23,546.891
Guadeloupe,GLP,2021-05-30,546.38605
Guadeloupe,GLP,2021-06-06,542.3462
Guadeloupe,GLP,2021-06-13,576.6847
Guadeloupe,GLP,2021-06-20,572.6449
Guadeloupe,GLP,2021-06-27,548.91095
Guadeloupe,GLP,2021-07-04,538.81134
Guadeloupe,GLP,2021-07-11,546.891
Guadeloupe,GLP,2021-07-18,536.79144
Guadeloupe,GLP,2021-07-25,552.44574
Guadeloupe,GLP,2021-08-01,563.55524
Guadeloupe,GLP,2021-08-08,734.2378
Guadeloupe,GLP,2021-08-15,1079.6426
Guadeloupe,GLP,2021-08-22,1687.6359
Guadeloupe,GLP,2021-08-29,2236.0417
Guadeloupe,GLP,2021-09-05,2536.5037
Guadeloupe,GLP,2021-09-12,2782.9329
Guadeloupe,GLP,2021-09-19,2833.4307
Guadeloupe,GLP,2021-09-26,2914.732
Guadeloupe,GLP,2021-10-03,2959.17
Guadeloupe,GLP,2021-10-10,2943.0107
Guadeloupe,GLP,2021-10-17,2952.1003
Guadeloupe,GLP,2021-10-24,2954.6252
Guadeloupe,GLP,2021-10-31,2951.5955
Guadeloupe,GLP,2021-11-07,2945.0308
Guadeloupe,GLP,2021-11-14,2924.8315
Guadeloupe,GLP,2021-11-21,2939.981
Guadeloupe,GLP,2021-11-28,2941.4958
Guadeloupe,GLP,2021-12-05,2914.732
Guadeloupe,GLP,2021-12-12,2913.722
Guadeloupe,GLP,2021-12-19,2879.8884
Guadeloupe,GLP,2021-12-26,2892.008
Guadeloupe,GLP,2022-01-02,2871.4229
Guadeloupe,GLP,2022-01-09,2850.7031
Guadeloupe,GLP,2022-01-16,2896.185
Guadeloupe,GLP,2022-01-23,2929.0332
Guadeloupe,GLP,2022-01-30,3028.0825
Guadeloupe,GLP,2022-02-06,3134.207
Guadeloupe,GLP,2022-02-13,3179.6887
Guadeloupe,GLP,2022-02-20,3230.7295
Guadeloupe,GLP,2022-02-27,3260.04
Guadeloupe,GLP,2022-03-06,3249.933
Guadeloupe,GLP,2022-03-13,3254.4812
Guadeloupe,GLP,2022-03-20,3241.8474
Guadeloupe,GLP,2022-03-27,3232.751
Guadeloupe,GLP,2022-04-03,3239.3206
Guadeloupe,GLP,2022-04-10,3248.417
Guadeloupe,GLP,2022-04-17,3257.5134
Guadeloupe,GLP,2022-04-24,3255.9973
Guadeloupe,GLP,2022-05-01,3242.8582
Guadeloupe,GLP,2022-05-08,3262.567
Guadeloupe,GLP,2022-05-15,3254.4812
Guadeloupe,GLP,2022-05-22,3264.083
Guadeloupe,GLP,2022-05-29,3293.899
Guadeloupe,GLP,2022-06-05,3363.1323
Guadeloupe,GLP,2022-06-12,3392.4429
Guadeloupe,GLP,2022-06-19,3426.3018
Guadeloupe,GLP,2022-06-26,3453.0854
Guadeloupe,GLP,2022-07-03,3453.0854
Guadeloupe,GLP,2022-07-10,3423.2695
Guadeloupe,GLP,2022-07-17,3423.2695
Guadeloupe,GLP,2022-07-24,3476.8372
Guadeloupe,GLP,2022-07-31,3505.6423
Guadeloupe,GLP,2022-08-07,3527.3726
Guadeloupe,GLP,2022-08-14,3534.4475
Guadeloupe,GLP,2022-08-21,3546.576
Guadeloupe,GLP,2022-08-28,3552.135
Guadeloupe,GLP,2022-09-04,3584.983
Guadeloupe,GLP,2022-09-11,3619.347
Guadeloupe,GLP,2022-09-18,3634.5076
Guadeloupe,GLP,2022-09-25,3645.12
Guadeloupe,GLP,2022-10-02,3623.8953
Guadeloupe,GLP,2022-10-09,3597.6167
Guadeloupe,GLP,2022-10-16,3573.865
Guadeloupe,GLP,2022-10-23,3599.1328
Guadeloupe,GLP,2022-10-30,3606.2078
Guadeloupe,GLP,2022-11-06,3576.8972
Guadeloupe,GLP,2022-11-13,3569.317
Guadeloupe,GLP,2022-11-20,3571.8438
Guadeloupe,GLP,2022-11-27,3598.6274
Guadeloupe,GLP,2022-12-04,3629.9595
Guadeloupe,GLP,2022-12-11,3654.2166
Guadeloupe,GLP,2022-12-18,3635.5183
Guadeloupe,GLP,2022-12-25,3655.227
Guadeloupe,GLP,2023-01-01,3694.89
Guadeloupe,GLP,2023-01-08,3712.0684
Guadeloupe,GLP,2023-01-15,3739.8572
Guadeloupe,GLP,2023-01-22,3744.9097
Guadeloupe,GLP,2023-01-29,3785.835
Guadeloupe,GLP,2023-02-05,3758.0461
Guadeloupe,GLP,2023-02-12,3730.2573
Guadeloupe,GLP,2023-02-19,3713.0789
Guadeloupe,GLP,2023-02-26,3724.6997
Guadeloupe,GLP,2023-03-05,3712.0684
Guadeloupe,GLP,2023-03-12,3729.2468
Guadeloupe,GLP,2023-03-19,3719.1418
Guadeloupe,GLP,2023-03-26,3710.0474
Guadeloupe,GLP,2023-04-02,3686.3008
Guadeloupe,GLP,2023-04-09,3654.975
Guadeloupe,GLP,2023-04-16,3628.7021
Guadeloupe,GLP,2023-04-23,3627.1865
Guadeloupe,GLP,2023-04-30,3588.7876
Guadeloupe,GLP,2023-05-07,3588.2822
Guadeloupe,GLP,2023-05-14,3628.197
Guadeloupe,GLP,2023-05-21,3622.6392
Guadeloupe,GLP,2023-05-28,3612.029
Guadeloupe,GLP,2023-06-04,3671.1433
Guadeloupe,GLP,2023-06-11,3730.7627
Guadeloupe,GLP,2023-06-18,3736.8257
Guadeloupe,GLP,2023-06-25,3748.4463
Guadeloupe,GLP,2023-07-02,3748.4463
Guadeloupe,GLP,2023-07-09,3756.5303
Guadeloupe,GLP,2023-07-16,3741.3728
Guadeloupe,GLP,2023-07-23,3799.982
Guadeloupe,GLP,2023-07-30,3775.73
Guadeloupe,GLP,2023-08-06,3797.4556
Guadeloupe,GLP,2023-08-13,3766.6355
Guadeloupe,GLP,2023-08-20,3783.814
Guadeloupe,GLP,2023-08-27,3786.8455
Guadeloupe,GLP,2023-09-03,3822.213
Guadeloupe,GLP,2023-09-10,3856.5698
Guadeloupe,GLP,2023-09-17,3861.6223
Guadeloupe,GLP,2023-09-24,3925.2837
Guadeloupe,GLP,2023-10-01,3921.747
Guadeloupe,GLP,2023-10-08,3880.3164
Guadeloupe,GLP,2023-10-15,3859.096
Guadeloupe,GLP,2023-10-22,3861.6223
Guadeloupe,GLP,2023-10-29,3871.222
Guadeloupe,GLP,2023-11-05,3849.4963
Guadeloupe,GLP,2023-11-12,3854.5488
Guadeloupe,GLP,2023-11-19,3834.3389
Guadeloupe,GLP,2023-11-26,3845.9595
Guadeloupe,GLP,2023-12-03,3844.4438
Guadeloupe,GLP,2023-12-10,3851.012
Guadeloupe,GLP,2023-12-17,3860.1064
Guadeloupe,GLP,2023-12-24,3839.3914
Guadeloupe,GLP,2023-12-31,3786.34
Guatemala,GTM,2020-01-05,6.0071273
Guatemala,GTM,2020-01-12,5.379344
Guatemala,GTM,2020-01-19,5.4196577
Guatemala,GTM,2020-01-26,5.540605
Guatemala,GTM,2020-02-02,8.3915415
Guatemala,GTM,2020-02-09,8.466417
Guatemala,GTM,2020-02-16,5.8458595
Guatemala,GTM,2020-02-23,-0.28797337
Guatemala,GTM,2020-03-01,-1.3765142
Guatemala,GTM,2020-03-08,-4.020111
Guatemala,GTM,2020-03-15,-12.457731
Guatemala,GTM,2020-03-22,-26.389885
Guatemala,GTM,2020-03-29,-45.724415
Guatemala,GTM,2020-04-05,-65.65793
Guatemala,GTM,2020-04-12,-86.99676
Guatemala,GTM,2020-04-19,-106.6999
Guatemala,GTM,2020-04-26,-124.59456
Guatemala,GTM,2020-05-03,-142.23581
Guatemala,GTM,2020-05-10,-156.51353
Guatemala,GTM,2020-05-17,-170.56087
Guatemala,GTM,2020-05-24,-178.71053
Guatemala,GTM,2020-05-31,-179.0964
Guatemala,GTM,2020-06-07,-166.90361
Guatemala,GTM,2020-06-14,-148.29477
Guatemala,GTM,2020-06-21,-123.200775
Guatemala,GTM,2020-06-28,-83.66203
Guatemala,GTM,2020-07-05,-29.26386
Guatemala,GTM,2020-07-12,45.730167
Guatemala,GTM,2020-07-19,110.43778
Guatemala,GTM,2020-07-26,170.37656
Guatemala,GTM,2020-08-02,226.59473
Guatemala,GTM,2020-08-09,268.7713
Guatemala,GTM,2020-08-16,305.64917
Guatemala,GTM,2020-08-23,334.6481
Guatemala,GTM,2020-08-30,366.9299
Guatemala,GTM,2020-09-06,390.95267
Guatemala,GTM,2020-09-13,410.62125
Guatemala,GTM,2020-09-20,428.13577
Guatemala,GTM,2020-09-27,445.23563
Guatemala,GTM,2020-10-04,453.14337
Guatemala,GTM,2020-10-11,469.4945
Guatemala,GTM,2020-10-18,481.1229
Guatemala,GTM,2020-10-25,491.64542
Guatemala,GTM,2020-11-01,504.80582
Guatemala,GTM,2020-11-08,520.12024
Guatemala,GTM,2020-11-15,533.9833
Guatemala,GTM,2020-11-22,550.9449
Guatemala,GTM,2020-11-29,568.6322
Guatemala,GTM,2020-12-06,580.1224
Guatemala,GTM,2020-12-13,594.86084
Guatemala,GTM,2020-12-20,609.104
Guatemala,GTM,2020-12-27,620.813
Guatemala,GTM,2021-01-03,632.2691
Guatemala,GTM,2021-01-10,645.649
Guatemala,GTM,2021-01-17,658.904
Guatemala,GTM,2021-01-24,671.39795
Guatemala,GTM,2021-01-31,683.6875
Guatemala,GTM,2021-02-07,695.659
Guatemala,GTM,2021-02-14,704.7796
Guatemala,GTM,2021-02-21,708.1189
Guatemala,GTM,2021-02-28,714.2977
Guatemala,GTM,2021-03-07,726.3033
Guatemala,GTM,2021-03-14,733.4817
Guatemala,GTM,2021-03-21,742.44324
Guatemala,GTM,2021-03-28,760.52545
Guatemala,GTM,2021-04-04,776.6881
Guatemala,GTM,2021-04-11,799.2454
Guatemala,GTM,2021-04-18,831.94556
Guatemala,GTM,2021-04-25,861.43134
Guatemala,GTM,2021-05-02,887.1349
Guatemala,GTM,2021-05-09,913.25867
Guatemala,GTM,2021-05-16,939.00757
Guatemala,GTM,2021-05-23,965.8924
Guatemala,GTM,2021-05-30,991.5505
Guatemala,GTM,2021-06-06,1025.2047
Guatemala,GTM,2021-06-13,1054.4519
Guatemala,GTM,2021-06-20,1083.8356
Guatemala,GTM,2021-06-27,1111.947
Guatemala,GTM,2021-07-04,1150.4966
Guatemala,GTM,2021-07-11,1194.2141
Guatemala,GTM,2021-07-18,1243.1906
Guatemala,GTM,2021-07-25,1299.8564
Guatemala,GTM,2021-08-01,1359.3164
Guatemala,GTM,2021-08-08,1427.8856
Guatemala,GTM,2021-08-15,1502.3724
Guatemala,GTM,2021-08-22,1600.541
Guatemala,GTM,2021-08-29,1709.3408
Guatemala,GTM,2021-09-05,1828.8174
Guatemala,GTM,2021-09-12,1955.3131
Guatemala,GTM,2021-09-19,2072.6316
Guatemala,GTM,2021-09-26,2161.3616
Guatemala,GTM,2021-10-03,2236.9048
Guatemala,GTM,2021-10-10,2291.3445
Guatemala,GTM,2021-10-17,2334.176
Guatemala,GTM,2021-10-24,2361.163
Guatemala,GTM,2021-10-31,2381.8347
Guatemala,GTM,2021-11-07,2400.2805
Guatemala,GTM,2021-11-14,2411.139
Guatemala,GTM,2021-11-21,2421.8157
Guatemala,GTM,2021-11-28,2428.4487
Guatemala,GTM,2021-12-05,2441.59
Guatemala,GTM,2021-12-12,2450.1543
Guatemala,GTM,2021-12-19,2459.5928
Guatemala,GTM,2021-12-26,2470.8147
Guatemala,GTM,2022-01-02,2458.0315
Guatemala,GTM,2022-01-09,2479.8765
Guatemala,GTM,2022-01-16,2503.111
Guatemala,GTM,2022-01-23,2531.143
Guatemala,GTM,2022-01-30,2553.9856
Guatemala,GTM,2022-02-06,2586.2656
Guatemala,GTM,2022-02-13,2617.8057
Guatemala,GTM,2022-02-20,2650.646
Guatemala,GTM,2022-02-27,2675.4724
Guatemala,GTM,2022-03-06,2700.2205
Guatemala,GTM,2022-03-13,2718.4114
Guatemala,GTM,2022-03-20,2732.3098
Guatemala,GTM,2022-03-27,2740.4133
Guatemala,GTM,2022-04-03,2747.7996
Guatemala,GTM,2022-04-10,2750.6802
Guatemala,GTM,2022-04-17,2753.8745
Guatemala,GTM,2022-04-24,2754.8496
Guatemala,GTM,2022-05-01,2748.0015
Guatemala,GTM,2022-05-08,2748.8533
Guatemala,GTM,2022-05-15,2749.167
Guatemala,GTM,2022-05-22,2746.4546
Guatemala,GTM,2022-05-29,2745.6702
Guatemala,GTM,2022-06-05,2751.4312
Guatemala,GTM,2022-06-12,2746.5667
Guatemala,GTM,2022-06-19,2744.0784
Guatemala,GTM,2022-06-26,2746.051
Guatemala,GTM,2022-07-03,2753.0564
Guatemala,GTM,2022-07-10,2761.4626
Guatemala,GTM,2022-07-17,2772.9846
Guatemala,GTM,2022-07-24,2779.7656
Guatemala,GTM,2022-07-31,2784.3164
Guatemala,GTM,2022-08-07,2791.4673
Guatemala,GTM,2022-08-14,2799.358
Guatemala,GTM,2022-08-21,2802.9893
Guatemala,GTM,2022-08-28,2807.6968
Guatemala,GTM,2022-09-04,2809.9946
Guatemala,GTM,2022-09-11,2814.007
Guatemala,GTM,2022-09-18,2815.6882
Guatemala,GTM,2022-09-25,2821.9985
Guatemala,GTM,2022-10-02,2827.6252
Guatemala,GTM,2022-10-09,2831.1445
Guatemala,GTM,2022-10-16,2835.5383
Guatemala,GTM,2022-10-23,2837.8584
Guatemala,GTM,2022-10-30,2844.8748
Guatemala,GTM,2022-11-06,2851.0393
Guatemala,GTM,2022-11-13,2857.0022
Guatemala,GTM,2022-11-20,2865.98
Guatemala,GTM,2022-11-27,2876.2356
Guatemala,GTM,2022-12-04,2888.2622
Guatemala,GTM,2022-12-11,2903.9536
Guatemala,GTM,2022-12-18,2922.582
Guatemala,GTM,2022-12-25,2937.702
Guatemala,GTM,2023-01-01,2893.977
Hong Kong,HKG,2020-01-31,6.1325526
Hong Kong,HKG,2020-02-29,48.36715
Hong Kong,HKG,2020-03-31,11.89178
Hong Kong,HKG,2020-04-30,-9.092201
Hong Kong,HKG,2020-05-31,-0.879901
Hong Kong,HKG,2020-06-30,-11.198574
Hong Kong,HKG,2020-07-31,9.97207
Hong Kong,HKG,2020-08-31,52.95325
Hong Kong,HKG,2020-09-30,79.18992
Hong Kong,HKG,2020-10-31,114.09215
Hong Kong,HKG,2020-11-30,156.00679
Hong Kong,HKG,2020-12-31,209.12003
Hong Kong,HKG,2021-01-31,279.135
Hong Kong,HKG,2021-02-28,225.78983
Hong Kong,HKG,2021-03-31,202.01262
Hong Kong,HKG,2021-04-30,200.41147
Hong Kong,HKG,2021-05-31,212.687
Hong Kong,HKG,2021-06-30,234.70291
Hong Kong,HKG,2021-07-31,252.2089
Hong Kong,HKG,2021-08-31,273.13068
Hong Kong,HKG,2021-09-30,296.24072
Hong Kong,HKG,2021-10-31,333.8946
Hong Kong,HKG,2021-11-30,385.90552
Hong Kong,HKG,2021-12-31,427.77573
Hong Kong,HKG,2022-01-31,423.9361
Hong Kong,HKG,2022-02-28,633.1268
Hong Kong,HKG,2022-03-31,1652.9344
Hong Kong,HKG,2022-04-30,1835.5255
Hong Kong,HKG,2022-05-31,1856.1428
Hong Kong,HKG,2022-06-30,1845.6472
Hong Kong,HKG,2022-07-31,1849.7333
Hong Kong,HKG,2022-08-31,1878.7363
Hong Kong,HKG,2022-09-30,1941.1758
Hong Kong,HKG,2022-10-31,1982.3837
Hong Kong,HKG,2022-11-30,2027.1434
Hong Kong,HKG,2022-12-31,2211.5774
Hong Kong,HKG,2023-01-31,2491.9102
Hong Kong,HKG,2023-02-28,2541.4324
Hong Kong,HKG,2023-03-31,2515.6167
Hong Kong,HKG,2023-04-30,2540.2844
Hong Kong,HKG,2023-05-31,2638.2341
Hong Kong,HKG,2023-06-30,2750.4663
Hong Kong,HKG,2023-07-31,2793.8484
Hong Kong,HKG,2023-08-31,2797.5325
Hong Kong,HKG,2023-09-30,2880.5588
Hong Kong,HKG,2023-10-31,2897.3777
Hong Kong,HKG,2023-11-30,2896.2563
Hong Kong,HKG,2023-12-31,2878.9836
Hungary,HUN,2020-01-05,-28.018867
Hungary,HUN,2020-01-12,-62.19122
Hungary,HUN,2020-01-19,-97.10198
Hungary,HUN,2020-01-26,-127.19252
Hungary,HUN,2020-02-02,-153.24228
Hungary,HUN,2020-02-09,-197.46532
Hungary,HUN,2020-02-16,-221.27931
Hungary,HUN,2020-02-23,-259.28735
Hungary,HUN,2020-03-01,-270.8354
Hungary,HUN,2020-03-08,-291.94186
Hungary,HUN,2020-03-15,-305.37698
Hungary,HUN,2020-03-22,-288.35233
Hungary,HUN,2020-03-29,-288.29077
Hungary,HUN,2020-04-05,-286.48575
Hungary,HUN,2020-04-12,-276.53763
Hungary,HUN,2020-04-19,-268.43552
Hungary,HUN,2020-04-26,-276.39404
Hungary,HUN,2020-05-03,-288.4754
Hungary,HUN,2020-05-10,-290.77267
Hungary,HUN,2020-05-17,-283.14236
Hungary,HUN,2020-05-24,-300.126
Hungary,HUN,2020-05-31,-309.91003
Hungary,HUN,2020-06-07,-295.8596
Hungary,HUN,2020-06-14,-296.2493
Hungary,HUN,2020-06-21,-314.89438
Hungary,HUN,2020-06-28,-307.12045
Hungary,HUN,2020-07-05,-297.04926
Hungary,HUN,2020-07-12,-308.51526
Hungary,HUN,2020-07-19,-325.84756
Hungary,HUN,2020-07-26,-349.14877
Hungary,HUN,2020-08-02,-343.7337
Hungary,HUN,2020-08-09,-341.02618
Hungary,HUN,2020-08-16,-344.9644
Hungary,HUN,2020-08-23,-341.58
Hungary,HUN,2020-08-30,-350.85123
Hungary,HUN,2020-09-06,-351.09735
Hungary,HUN,2020-09-13,-344.75925
Hungary,HUN,2020-09-20,-328.7397
Hungary,HUN,2020-09-27,-318.29926
Hungary,HUN,2020-10-04,-301.80792
Hungary,HUN,2020-10-11,-290.40347
Hungary,HUN,2020-10-18,-256.51828
Hungary,HUN,2020-10-25,-197.44482
Hungary,HUN,2020-11-01,-115.5009
Hungary,HUN,2020-11-08,2.051187
Hungary,HUN,2020-11-15,162.61615
Hungary,HUN,2020-11-22,314.6688
Hungary,HUN,2020-11-29,479.8694
Hungary,HUN,2020-12-06,643.26495
Hungary,HUN,2020-12-13,800.3839
Hungary,HUN,2020-12-20,912.68506
Hungary,HUN,2020-12-27,1022.77094
Hungary,HUN,2021-01-03,1110.1174
Hungary,HUN,2021-01-10,1144.8143
Hungary,HUN,2021-01-17,1174.2589
Hungary,HUN,2021-01-24,1186.5867
Hungary,HUN,2021-01-31,1171.2104
Hungary,HUN,2021-02-07,1153.5066
Hungary,HUN,2021-02-14,1134.9583
Hungary,HUN,2021-02-21,1129.0776
Hungary,HUN,2021-02-28,1151.3748
Hungary,HUN,2021-03-07,1190.253
Hungary,HUN,2021-03-14,1292.9639
Hungary,HUN,2021-03-21,1456.9325
Hungary,HUN,2021-03-28,1656.0204
Hungary,HUN,2021-04-04,1856.0969
Hungary,HUN,2021-04-11,2023.835
Hungary,HUN,2021-04-18,2132.3955
Hungary,HUN,2021-04-25,2216.9597
Hungary,HUN,2021-05-02,2271.9043
Hungary,HUN,2021-05-09,2308.7021
Hungary,HUN,2021-05-16,2333.1826
Hungary,HUN,2021-05-23,2345.5928
Hungary,HUN,2021-05-30,2351.6177
Hungary,HUN,2021-06-06,2364.3574
Hungary,HUN,2021-06-13,2376.0056
Hungary,HUN,2021-06-20,2384.0696
Hungary,HUN,2021-06-27,2428.1797
Hungary,HUN,2021-07-04,2448.3552
Hungary,HUN,2021-07-11,2463.1135
Hungary,HUN,2021-07-18,2477.8718
Hungary,HUN,2021-07-25,2460.477
Hungary,HUN,2021-08-01,2473.3403
Hungary,HUN,2021-08-08,2461.0742
Hungary,HUN,2021-08-15,2467.923
Hungary,HUN,2021-08-22,2457.3875
Hungary,HUN,2021-08-29,2454.926
Hungary,HUN,2021-09-05,2452.7322
Hungary,HUN,2021-09-12,2471.7544
Hungary,HUN,2021-09-19,2492.2388
Hungary,HUN,2021-09-26,2498.1401
Hungary,HUN,2021-10-03,2505.442
Hungary,HUN,2021-10-10,2519.1292
Hungary,HUN,2021-10-17,2541.0967
Hungary,HUN,2021-10-24,2565.8655
Hungary,HUN,2021-10-31,2623.7556
Hungary,HUN,2021-11-07,2721.1934
Hungary,HUN,2021-11-14,2837.087
Hungary,HUN,2021-11-21,2968.4697
Hungary,HUN,2021-11-28,3129.4104
Hungary,HUN,2021-12-05,3303.9663
Hungary,HUN,2021-12-12,3447.0488
Hungary,HUN,2021-12-19,3560.347
Hungary,HUN,2021-12-26,3643.7783
Hungary,HUN,2022-01-02,3617.6082
Hungary,HUN,2022-01-09,3642.3892
Hungary,HUN,2022-01-16,3640.5833
Hungary,HUN,2022-01-23,3633.9417
Hungary,HUN,2022-01-30,3625.6946
Hungary,HUN,2022-02-06,3633.741
Hungary,HUN,2022-02-13,3644.175
Hungary,HUN,2022-02-20,3664.9429
Hungary,HUN,2022-02-27,3670.6216
Hungary,HUN,2022-03-06,3670.0798
Hungary,HUN,2022-03-13,3664.8025
Hungary,HUN,2022-03-20,3680.273
Hungary,HUN,2022-03-27,3693.135
Hungary,HUN,2022-04-03,3711.7761
Hungary,HUN,2022-04-10,3734.8315
Hungary,HUN,2022-04-17,3740.5703
Hungary,HUN,2022-04-24,3758.4487
Hungary,HUN,2022-05-01,3775.8657
Hungary,HUN,2022-05-08,3783.029
Hungary,HUN,2022-05-15,3789.6306
Hungary,HUN,2022-05-22,3786.2798
Hungary,HUN,2022-05-29,3776.2068
Hungary,HUN,2022-06-05,3781.3035
Hungary,HUN,2022-06-12,3787.7444
Hungary,HUN,2022-06-19,3765.8127
Hungary,HUN,2022-06-26,3772.7754
Hungary,HUN,2022-07-03,3827.2537
Hungary,HUN,2022-07-10,3832.611
Hungary,HUN,2022-07-17,3822.6184
Hungary,HUN,2022-07-24,3858.9573
Hungary,HUN,2022-07-31,3872.6018
Hungary,HUN,2022-08-07,3876.314
Hungary,HUN,2022-08-14,3887.1094
Hungary,HUN,2022-08-21,3914.0774
Hungary,HUN,2022-08-28,3929.3474
Hungary,HUN,2022-09-04,3922.0034
Hungary,HUN,2022-09-11,3933.6213
Hungary,HUN,2022-09-18,3933.6213
Hungary,HUN,2022-09-25,3952.4229
Hungary,HUN,2022-10-02,3994.059
Hungary,HUN,2022-10-09,4012.5193
Hungary,HUN,2022-10-16,4029.7156
Hungary,HUN,2022-10-23,4039.2065
Hungary,HUN,2022-10-30,4056.1821
Hungary,HUN,2022-11-06,4068.3418
Hungary,HUN,2022-11-13,4080.02
Hungary,HUN,2022-11-20,4096.3535
Hungary,HUN,2022-11-27,4111.383
Hungary,HUN,2022-12-04,4130.5454
Hungary,HUN,2022-12-11,4157.975
Hungary,HUN,2022-12-18,4182.676
Hungary,HUN,2022-12-25,4207.176
Hungary,HUN,2023-01-01,4159.984
Hungary,HUN,2023-01-08,4151.2207
Hungary,HUN,2023-01-15,4125.0303
Hungary,HUN,2023-01-22,4097.835
Hungary,HUN,2023-01-29,4046.6152
Hungary,HUN,2023-02-05,4009.0227
Hungary,HUN,2023-02-12,3972.5918
Hungary,HUN,2023-02-19,3959.8904
Hungary,HUN,2023-02-26,3947.7402
Hungary,HUN,2023-03-05,3930.0762
Hungary,HUN,2023-03-12,3924.897
Hungary,HUN,2023-03-19,3931.4153
Hungary,HUN,2023-03-26,3939.115
Hungary,HUN,2023-04-02,3938.9968
Hungary,HUN,2023-04-09,3934.4478
Hungary,HUN,2023-04-16,3937.9136
Hungary,HUN,2023-04-23,3938.1304
Hungary,HUN,2023-04-30,3926.8662
Hungary,HUN,2023-05-07,3927.2996
Hungary,HUN,2023-05-14,3918.812
Hungary,HUN,2023-05-21,3922.6128
Hungary,HUN,2023-05-28,3922.6719
Hungary,HUN,2023-06-04,3914.283
Hungary,HUN,2023-06-11,3907.2134
Hungary,HUN,2023-06-18,3895.0435
Hungary,HUN,2023-06-25,3902.6643
Hungary,HUN,2023-07-02,3890.9475
Hungary,HUN,2023-07-09,3884.0945
Hungary,HUN,2023-07-16,3894.374
Hungary,HUN,2023-07-23,3888.092
Hungary,HUN,2023-07-30,3864.6582
Hungary,HUN,2023-08-06,3834.6274
Hungary,HUN,2023-08-13,3809.4802
Hungary,HUN,2023-08-20,3816.5498
Hungary,HUN,2023-08-27,3841.6772
Hungary,HUN,2023-09-03,3826.2976
Hungary,HUN,2023-09-10,3821.5518
Hungary,HUN,2023-09-17,3818.401
Hungary,HUN,2023-09-24,3804.3604
Hungary,HUN,2023-10-01,3779.351
Hungary,HUN,2023-10-08,3771.868
Hungary,HUN,2023-10-15,3779.9812
Hungary,HUN,2023-10-22,3787.5234
Hungary,HUN,2023-10-29,3804.6753
Hungary,HUN,2023-11-05,3814.935
Hungary,HUN,2023-11-12,3816.2544
Hungary,HUN,2023-11-19,3822.7332
Hungary,HUN,2023-11-26,3835.7104
Hungary,HUN,2023-12-03,3855.7966
Hungary,HUN,2023-12-10,3880.5498
Hungary,HUN,2023-12-17,3911.4866
Hungary,HUN,2023-12-24,3945.9678
Hungary,HUN,2023-12-31,3960.8945
Iceland,ISL,2020-01-05,28.362455
Iceland,ISL,2020-01-12,45.816273
Iceland,ISL,2020-01-19,64.360954
Iceland,ISL,2020-01-26,90.54167
Iceland,ISL,2020-02-02,70.360695
Iceland,ISL,2020-02-09,65.997246
Iceland,ISL,2020-02-16,68.7244
Iceland,ISL,2020-02-23,71.45156
Iceland,ISL,2020-03-01,67.63353
Iceland,ISL,2020-03-08,80.72389
Iceland,ISL,2020-03-15,69.81526
Iceland,ISL,2020-03-22,60.542915
Iceland,ISL,2020-03-29,46.90712
Iceland,ISL,2020-04-05,62.72464
Iceland,ISL,2020-04-12,75.815
Iceland,ISL,2020-04-19,104.72288
Iceland,ISL,2020-04-26,76.90585
Iceland,ISL,2020-05-03,85.08733
Iceland,ISL,2020-05-10,70.36067
Iceland,ISL,2020-05-17,67.08808
Iceland,ISL,2020-05-24,82.36016
Iceland,ISL,2020-05-31,100.359406
Iceland,ISL,2020-06-07,68.17893
Iceland,ISL,2020-06-14,67.088066
Iceland,ISL,2020-06-21,47.452522
Iceland,ISL,2020-06-28,11.999461
Iceland,ISL,2020-07-05,-11.999534
Iceland,ISL,2020-07-12,7.090577
Iceland,ISL,2020-07-19,12.544894
Iceland,ISL,2020-07-26,-16.908417
Iceland,ISL,2020-08-02,-19.090141
Iceland,ISL,2020-08-09,-26.18075
Iceland,ISL,2020-08-16,-17.45384
Iceland,ISL,2020-08-23,-45.816296
Iceland,ISL,2020-08-30,-69.81529
Iceland,ISL,2020-09-06,-28.90791
Iceland,ISL,2020-09-13,-35.453094
Iceland,ISL,2020-09-20,-29.453342
Iceland,ISL,2020-09-27,-67.08813
Iceland,ISL,2020-10-04,-81.269356
Iceland,ISL,2020-10-11,-54.543205
Iceland,ISL,2020-10-18,-43.63457
Iceland,ISL,2020-10-25,-34.90766
Iceland,ISL,2020-11-01,2.7271276
Iceland,ISL,2020-11-08,32.18044
Iceland,ISL,2020-11-15,46.361668
Iceland,ISL,2020-11-22,46.361668
Iceland,ISL,2020-11-29,19.635513
Iceland,ISL,2020-12-06,9.817746
Iceland,ISL,2020-12-13,17.453789
Iceland,ISL,2020-12-20,13.090339
Iceland,ISL,2020-12-27,40.90736
Iceland,ISL,2021-01-03,49.144276
Iceland,ISL,2021-01-10,44.283855
Iceland,ISL,2021-01-17,66.42579
Iceland,ISL,2021-01-24,73.4464
Iceland,ISL,2021-01-31,63.725555
Iceland,ISL,2021-02-07,51.304474
Iceland,ISL,2021-02-14,43.743816
Iceland,ISL,2021-02-21,62.10542
Iceland,ISL,2021-02-28,58.86513
Iceland,ISL,2021-03-07,62.645466
Iceland,ISL,2021-03-14,48.06419
Iceland,ISL,2021-03-21,36.723194
Iceland,ISL,2021-03-28,21.601877
Iceland,ISL,2021-04-04,31.862772
Iceland,ISL,2021-04-11,19.98173
Iceland,ISL,2021-04-18,43.203754
Iceland,ISL,2021-04-25,30.782675
Iceland,ISL,2021-05-02,35.103046
Iceland,ISL,2021-05-09,69.66607
Iceland,ISL,2021-05-16,65.345695
Iceland,ISL,2021-05-23,61.565357
Iceland,ISL,2021-05-30,35.643097
Iceland,ISL,2021-06-06,20.52178
Iceland,ISL,2021-06-13,17.821543
Iceland,ISL,2021-06-20,48.604237
Iceland,ISL,2021-06-27,63.725555
Iceland,ISL,2021-07-04,55.084797
Iceland,ISL,2021-07-11,52.384563
Iceland,ISL,2021-07-18,73.4464
Iceland,ISL,2021-07-25,67.50588
Iceland,ISL,2021-08-01,94.50824
Iceland,ISL,2021-08-08,121.5106
Iceland,ISL,2021-08-15,140.9523
Iceland,ISL,2021-08-22,151.75325
Iceland,ISL,2021-08-29,152.83334
Iceland,ISL,2021-09-05,150.1331
Iceland,ISL,2021-09-12,157.69377
Iceland,ISL,2021-09-19,156.07362
Iceland,ISL,2021-09-26,126.37103
Iceland,ISL,2021-10-03,83.16726
Iceland,ISL,2021-10-10,79.386925
Iceland,ISL,2021-10-17,78.30682
Iceland,ISL,2021-10-24,45.36394
Iceland,ISL,2021-10-31,23.762054
Iceland,ISL,2021-11-07,44.283844
Iceland,ISL,2021-11-14,94.50823
Iceland,ISL,2021-11-21,75.606575
Iceland,ISL,2021-11-28,69.66605
Iceland,ISL,2021-12-05,64.26559
Iceland,ISL,2021-12-12,70.20611
Iceland,ISL,2021-12-19,117.730255
Iceland,ISL,2021-12-26,131.77148
Iceland,ISL,2022-01-02,165.72672
Iceland,ISL,2022-01-09,176.1852
Iceland,ISL,2022-01-16,189.32535
Iceland,ISL,2022-01-23,238.39977
Iceland,ISL,2022-01-30,227.94128
Iceland,ISL,2022-02-06,236.25444
Iceland,ISL,2022-02-13,235.98627
Iceland,ISL,2022-02-20,253.41708
Iceland,ISL,2022-02-27,313.7545
Iceland,ISL,2022-03-06,402.51752
Iceland,ISL,2022-03-13,473.04523
Iceland,ISL,2022-03-20,528.0193
Iceland,ISL,2022-03-27,568.5124
Iceland,ISL,2022-04-03,618.12317
Iceland,ISL,2022-04-10,648.42596
Iceland,ISL,2022-04-17,657.27545
Iceland,ISL,2022-04-24,649.4986
Iceland,ISL,2022-05-01,658.3481
Iceland,ISL,2022-05-08,683.8239
Iceland,ISL,2022-05-15,692.137
Iceland,ISL,2022-05-22,698.3049
Iceland,ISL,2022-05-29,701.2547
Iceland,ISL,2022-06-05,696.15955
Iceland,ISL,2022-06-12,689.9917
Iceland,ISL,2022-06-19,733.16644
Iceland,ISL,2022-06-26,755.42426
Iceland,ISL,2022-07-03,759.4468
Iceland,ISL,2022-07-10,814.95715
Iceland,ISL,2022-07-17,856.52295
Iceland,ISL,2022-07-24,884.6804
Iceland,ISL,2022-07-31,910.6925
Iceland,ISL,2022-08-07,923.2963
Iceland,ISL,2022-08-14,952.5265
Iceland,ISL,2022-08-21,951.722
Iceland,ISL,2022-08-28,946.62683
Iceland,ISL,2022-09-04,940.459
Iceland,ISL,2022-09-11,965.93475
Iceland,ISL,2022-09-18,960.8396
Iceland,ISL,2022-09-25,989.5334
Iceland,ISL,2022-10-02,980.6839
Iceland,ISL,2022-10-09,997.57837
Iceland,ISL,2022-10-16,1009.10956
Iceland,ISL,2022-10-23,991.6787
Iceland,ISL,2022-10-30,977.46594
Iceland,ISL,2022-11-06,967.54376
Iceland,ISL,2022-11-13,1013.9365
Iceland,ISL,2022-11-20,1023.8587
Iceland,ISL,2022-11-27,1041.2896
Iceland,ISL,2022-12-04,1016.35004
Iceland,ISL,2022-12-11,1042.8984
Iceland,ISL,2022-12-18,1057.1113
Iceland,ISL,2022-12-25,1134.6113
Iceland,ISL,2023-01-01,1177.1226
Iceland,ISL,2023-01-08,1229.3444
Iceland,ISL,2023-01-15,1244.2649
Iceland,ISL,2023-01-22,1270.9087
Iceland,ISL,2023-01-29,1313.0059
Iceland,ISL,2023-02-05,1307.1442
Iceland,ISL,2023-02-12,1335.3866
Iceland,ISL,2023-02-19,1338.5839
Iceland,ISL,2023-02-26,1339.1167
Iceland,ISL,2023-03-05,1351.9058
Iceland,ISL,2023-03-12,1343.9126
Iceland,ISL,2023-03-19,1365.7605
Iceland,ISL,2023-03-26,1354.5702
Iceland,ISL,2023-04-02,1352.4386
Iceland,ISL,2023-04-09,1341.7811
Iceland,ISL,2023-04-16,1336.4524
Iceland,ISL,2023-04-23,1293.2894
Iceland,ISL,2023-04-30,1319.9332
Iceland,ISL,2023-05-07,1301.8154
Iceland,ISL,2023-05-14,1298.6182
Iceland,ISL,2023-05-21,1314.6045
Iceland,ISL,2023-05-28,1330.0579
Iceland,ISL,2023-06-04,1321.5319
Iceland,ISL,2023-06-11,1293.2894
Iceland,ISL,2023-06-18,1314.0715
Iceland,ISL,2023-06-25,1351.3729
Iceland,ISL,2023-07-02,1365.2277
Iceland,ISL,2023-07-09,1387.6084
Iceland,ISL,2023-07-16,1385.4769
Iceland,ISL,2023-07-23,1404.6605
Iceland,ISL,2023-07-30,1416.3838
Iceland,ISL,2023-08-06,1449.422
Iceland,ISL,2023-08-13,1459.0138
Iceland,ISL,2023-08-20,1468.0728
Iceland,ISL,2023-08-27,1451.5536
Iceland,ISL,2023-09-03,1476.5988
Iceland,ISL,2023-09-10,1538.4124
Iceland,ISL,2023-09-17,1559.1945
Iceland,ISL,2023-09-24,1554.9314
Iceland,ISL,2023-10-01,1537.3466
Iceland,ISL,2023-10-08,1555.9972
Iceland,ISL,2023-10-15,1540.011
Iceland,ISL,2023-10-22,1585.8383
Iceland,ISL,2023-10-29,1629.534
Iceland,ISL,2023-11-05,1669.4998
Iceland,ISL,2023-11-12,1685.4861
Iceland,ISL,2023-11-19,1699.8737
Iceland,ISL,2023-11-26,1695.0778
Iceland,ISL,2023-12-03,1706.801
Iceland,ISL,2023-12-10,1737.7079
Iceland,ISL,2023-12-17,1753.6941
Iceland,ISL,2023-12-24,1768.6146
Iceland,ISL,2023-12-31,1814.9749
Iran,IRN,2020-01-05,-6.088886
Iran,IRN,2020-01-12,-12.72308
Iran,IRN,2020-01-19,-18.317062
Iran,IRN,2020-01-26,-25.882631
Iran,IRN,2020-02-02,-32.32436
Iran,IRN,2020-02-09,-29.478682
Iran,IRN,2020-02-16,-32.98423
Iran,IRN,2020-02-23,-30.450151
Iran,IRN,2020-03-01,-28.176126
Iran,IRN,2020-03-08,-16.209145
Iran,IRN,2020-03-15,15.078448
Iran,IRN,2020-03-22,67.05337
Iran,IRN,2020-03-29,78.45327
Iran,IRN,2020-04-05,89.72029
Iran,IRN,2020-04-12,115.978676
Iran,IRN,2020-04-19,138.44626
Iran,IRN,2020-04-26,149.31691
Iran,IRN,2020-05-03,161.35835
Iran,IRN,2020-05-10,166.0118
Iran,IRN,2020-05-17,169.68803
Iran,IRN,2020-05-24,174.50417
Iran,IRN,2020-05-31,175.79181
Iran,IRN,2020-06-07,193.02055
Iran,IRN,2020-06-14,215.22237
Iran,IRN,2020-06-21,231.15314
Iran,IRN,2020-06-28,263.4397
Iran,IRN,2020-07-05,290.41867
Iran,IRN,2020-07-12,319.93973
Iran,IRN,2020-07-19,354.3136
Iran,IRN,2020-07-26,390.6258
Iran,IRN,2020-08-02,437.09952
Iran,IRN,2020-08-09,477.79483
Iran,IRN,2020-08-16,508.61502
Iran,IRN,2020-08-23,539.69183
Iran,IRN,2020-08-30,564.2662
Iran,IRN,2020-09-06,578.5037
Iran,IRN,2020-09-13,607.25726
Iran,IRN,2020-09-20,631.59216
Iran,IRN,2020-09-27,655.1618
Iran,IRN,2020-10-04,687.97534
Iran,IRN,2020-10-11,722.99304
Iran,IRN,2020-10-18,772.3915
Iran,IRN,2020-10-25,819.9856
Iran,IRN,2020-11-01,886.55896
Iran,IRN,2020-11-08,961.08624
Iran,IRN,2020-11-15,1048.615
Iran,IRN,2020-11-22,1124.9935
Iran,IRN,2020-11-29,1191.0422
Iran,IRN,2020-12-06,1236.6132
Iran,IRN,2020-12-13,1270.8014
Iran,IRN,2020-12-20,1297.9855
Iran,IRN,2020-12-27,1311.4888
Iran,IRN,2021-01-03,1310.3503
Iran,IRN,2021-01-10,1314.8987
Iran,IRN,2021-01-17,1319.3707
Iran,IRN,2021-01-24,1322.975
Iran,IRN,2021-01-31,1330.1995
Iran,IRN,2021-02-07,1333.5183
Iran,IRN,2021-02-14,1333.2635
Iran,IRN,2021-02-21,1341.7925
Iran,IRN,2021-02-28,1344.5858
Iran,IRN,2021-03-07,1354.2124
Iran,IRN,2021-03-14,1361.9009
Iran,IRN,2021-03-21,1377.651
Iran,IRN,2021-03-28,1371.6117
Iran,IRN,2021-04-04,1393.4989
Iran,IRN,2021-04-11,1432.5192
Iran,IRN,2021-04-18,1467.0355
Iran,IRN,2021-04-25,1520.639
Iran,IRN,2021-05-02,1575.3684
Iran,IRN,2021-05-09,1617.3652
Iran,IRN,2021-05-16,1657.1726
Iran,IRN,2021-05-23,1701.3542
Iran,IRN,2021-05-30,1735.7352
Iran,IRN,2021-06-06,1763.0533
Iran,IRN,2021-06-13,1793.6061
Iran,IRN,2021-06-20,1812.2223
Iran,IRN,2021-06-27,1828.9027
Iran,IRN,2021-07-04,1849.3273
Iran,IRN,2021-07-11,1865.8951
Iran,IRN,2021-07-18,1891.0364
Iran,IRN,2021-07-25,1912.2708
Iran,IRN,2021-08-01,1958.818
Iran,IRN,2021-08-08,2022.6019
Iran,IRN,2021-08-15,2084.417
Iran,IRN,2021-08-22,2169.0122
Iran,IRN,2021-08-29,2298.1633
Iran,IRN,2021-09-05,2398.9397
Iran,IRN,2021-09-12,2490.5818
Iran,IRN,2021-09-19,2563.352
Iran,IRN,2021-09-26,2619.329
Iran,IRN,2021-10-03,2656.9983
Iran,IRN,2021-10-10,2684.9998
Iran,IRN,2021-10-17,2729.5852
Iran,IRN,2021-10-24,2761.1138
Iran,IRN,2021-10-31,2785.8523
Iran,IRN,2021-11-07,2812.1514
Iran,IRN,2021-11-14,2830.083
Iran,IRN,2021-11-21,2839.5764
Iran,IRN,2021-11-28,2852.541
Iran,IRN,2021-12-05,2861.8354
Iran,IRN,2021-12-12,2863.322
Iran,IRN,2021-12-19,2862.4111
Iran,IRN,2021-12-26,2862.2063
Iran,IRN,2022-01-02,2836.062
Iran,IRN,2022-01-09,2829.4998
Iran,IRN,2022-01-16,2831.0806
Iran,IRN,2022-01-23,2825.3733
Iran,IRN,2022-01-30,2826.7441
Iran,IRN,2022-02-06,2830.6594
Iran,IRN,2022-02-13,2842.551
Iran,IRN,2022-02-20,2864.7903
Iran,IRN,2022-02-27,2898.1802
Iran,IRN,2022-03-06,2923.0361
Iran,IRN,2022-03-13,2947.9834
Iran,IRN,2022-03-27,2935.2336
Iran,IRN,2022-04-03,2978.6765
Iran,IRN,2022-04-10,2983.913
Iran,IRN,2022-04-17,2981.659
Iran,IRN,2022-04-24,2980.8752
Iran,IRN,2022-05-01,2973.2683
Iran,IRN,2022-05-08,2960.8708
Iran,IRN,2022-05-15,2967.1013
Iran,IRN,2022-05-22,2967.457
Iran,IRN,2022-05-29,2970.8777
Iran,IRN,2022-06-05,2978.027
Iran,IRN,2022-06-12,2983.9707
Iran,IRN,2022-06-19,2983.4863
Iran,IRN,2022-06-26,2984.323
Iran,IRN,2022-07-03,2985.3643
Iran,IRN,2022-07-10,2983.378
Iran,IRN,2022-07-17,2979.7402
Iran,IRN,2022-07-24,2981.8726
Iran,IRN,2022-07-31,2995.2864
Iran,IRN,2022-08-07,3002.2258
Iran,IRN,2022-08-14,3007.7954
Iran,IRN,2022-08-21,3033.4792
Iran,IRN,2022-08-28,3048.1792
Iran,IRN,2022-09-04,3058.6704
Iran,IRN,2022-09-11,3064.4512
Iran,IRN,2022-09-18,3069.0103
Iran,IRN,2022-09-25,3069.5298
Iran,IRN,2022-10-02,3062.5518
Iran,IRN,2022-10-09,3064.1272
Ireland,IRL,2020-01-05,-2.1228747
Ireland,IRL,2020-01-12,-0.32348076
Ireland,IRL,2020-01-19,-14.294014
Ireland,IRL,2020-01-26,-26.323639
Ireland,IRL,2020-02-02,-36.93801
Ireland,IRL,2020-02-09,-41.28485
Ireland,IRL,2020-02-16,-40.53679
Ireland,IRL,2020-02-23,-38.535213
Ireland,IRL,2020-03-01,-40.69853
Ireland,IRL,2020-03-08,-46.986275
Ireland,IRL,2020-03-15,-46.44039
Ireland,IRL,2020-03-22,-38.494778
Ireland,IRL,2020-03-29,-19.874138
Ireland,IRL,2020-04-05,33.64253
Ireland,IRL,2020-04-12,101.87779
Ireland,IRL,2020-04-19,163.23898
Ireland,IRL,2020-04-26,202.36053
Ireland,IRL,2020-05-03,225.22693
Ireland,IRL,2020-05-10,244.3328
Ireland,IRL,2020-05-17,255.83676
Ireland,IRL,2020-05-24,254.92696
Ireland,IRL,2020-05-31,257.61594
Ireland,IRL,2020-06-07,256.05914
Ireland,IRL,2020-06-14,254.34064
Ireland,IRL,2020-06-21,248.8616
Ireland,IRL,2020-06-28,245.3639
Ireland,IRL,2020-07-05,232.28296
Ireland,IRL,2020-07-12,231.29228
Ireland,IRL,2020-07-19,239.92531
Ireland,IRL,2020-07-26,240.9564
Ireland,IRL,2020-08-02,235.11345
Ireland,IRL,2020-08-09,238.81332
Ireland,IRL,2020-08-16,241.25967
Ireland,IRL,2020-08-23,243.38255
Ireland,IRL,2020-08-30,246.63762
Ireland,IRL,2020-09-06,246.1726
Ireland,IRL,2020-09-13,255.97827
Ireland,IRL,2020-09-20,248.63919
Ireland,IRL,2020-09-27,245.62672
Ireland,IRL,2020-10-04,257.13068
Ireland,IRL,2020-10-11,266.73416
Ireland,IRL,2020-10-18,271.40448
Ireland,IRL,2020-10-25,277.16656
Ireland,IRL,2020-11-01,294.37198
Ireland,IRL,2020-11-08,295.0796
Ireland,IRL,2020-11-15,300.0734
Ireland,IRL,2020-11-22,297.2227
Ireland,IRL,2020-11-29,292.87585
Ireland,IRL,2020-12-06,291.60214
Ireland,IRL,2020-12-13,280.78558
Ireland,IRL,2020-12-20,271.95038
Ireland,IRL,2020-12-27,263.43866
Ireland,IRL,2021-01-03,262.68796
Ireland,IRL,2021-01-10,275.8033
Ireland,IRL,2021-01-17,313.86588
Ireland,IRL,2021-01-24,370.17764
Ireland,IRL,2021-01-31,425.4065
Ireland,IRL,2021-02-07,465.79535
Ireland,IRL,2021-02-14,501.7723
Ireland,IRL,2021-02-21,518.3369
Ireland,IRL,2021-02-28,523.7114
Ireland,IRL,2021-03-07,517.93585
Ireland,IRL,2021-03-14,495.63574
Ireland,IRL,2021-03-21,483.5231
Ireland,IRL,2021-03-28,477.547
Ireland,IRL,2021-04-04,477.74756
Ireland,IRL,2021-04-11,469.0441
Ireland,IRL,2021-04-18,468.92377
Ireland,IRL,2021-04-25,470.00668
Ireland,IRL,2021-05-02,471.4907
Ireland,IRL,2021-05-09,480.9161
Ireland,IRL,2021-05-16,487.61414
Ireland,IRL,2021-05-23,488.9778
Ireland,IRL,2021-05-30,494.87372
Ireland,IRL,2021-06-06,495.91653
Ireland,IRL,2021-06-13,502.1734
Ireland,IRL,2021-06-20,494.83362
Ireland,IRL,2021-06-27,490.58215
Ireland,IRL,2021-07-04,499.92734
Ireland,IRL,2021-07-11,496.95935
Ireland,IRL,2021-07-18,512.6015
Ireland,IRL,2021-07-25,537.9899
Ireland,IRL,2021-08-01,546.2121
Ireland,IRL,2021-08-08,558.04395
Ireland,IRL,2021-08-15,576.9349
Ireland,IRL,2021-08-22,589.5689
Ireland,IRL,2021-08-29,598.07184
Ireland,IRL,2021-09-05,612.7113
Ireland,IRL,2021-09-12,631.88293
Ireland,IRL,2021-09-19,634.5702
Ireland,IRL,2021-09-26,647.3246
Ireland,IRL,2021-10-03,673.39484
Ireland,IRL,2021-10-10,685.5877
Ireland,IRL,2021-10-17,702.91437
Ireland,IRL,2021-10-24,722.7679
Ireland,IRL,2021-10-31,735.4822
Ireland,IRL,2021-11-07,769.3735
Ireland,IRL,2021-11-14,793.31805
Ireland,IRL,2021-11-21,803.26483
Ireland,IRL,2021-11-28,828.2923
Ireland,IRL,2021-12-05,847.2233
Ireland,IRL,2021-12-12,865.1917
Ireland,IRL,2021-12-19,869.8844
Ireland,IRL,2021-12-26,887.3715
Ireland,IRL,2022-01-02,879.67456
Ireland,IRL,2022-01-09,881.745
Ireland,IRL,2022-01-16,867.9686
Ireland,IRL,2022-01-23,868.1279
Ireland,IRL,2022-01-30,862.8324
Ireland,IRL,2022-02-06,860.324
Ireland,IRL,2022-02-13,861.7972
Ireland,IRL,2022-02-20,859.72675
Ireland,IRL,2022-02-27,865.46027
Ireland,IRL,2022-03-06,866.0973
Ireland,IRL,2022-03-13,867.25195
Ireland,IRL,2022-03-20,870.95483
Ireland,IRL,2022-03-27,880.7496
Ireland,IRL,2022-04-03,889.5091
Ireland,IRL,2022-04-10,912.5227
Ireland,IRL,2022-04-17,944.85333
Ireland,IRL,2022-04-24,963.6465
Ireland,IRL,2022-05-01,979.85156
Ireland,IRL,2022-05-08,983.8332
Ireland,IRL,2022-05-15,1002.62634
Ireland,IRL,2022-05-22,1021.8973
Ireland,IRL,2022-05-29,1040.4913
Ireland,IRL,2022-06-05,1047.4989
Ireland,IRL,2022-06-12,1062.8679
Ireland,IRL,2022-06-19,1079.2721
Ireland,IRL,2022-06-26,1095.3578
Ireland,IRL,2022-07-03,1113.3944
Ireland,IRL,2022-07-10,1127.768
Ireland,IRL,2022-07-17,1148.8705
Ireland,IRL,2022-07-24,1162.7264
Ireland,IRL,2022-07-31,1186.2179
Ireland,IRL,2022-08-07,1206.325
Ireland,IRL,2022-08-14,1226.6709
Ireland,IRL,2022-08-21,1239.8102
Ireland,IRL,2022-08-28,1254.4226
Ireland,IRL,2022-09-04,1262.1868
Ireland,IRL,2022-09-11,1275.8436
Ireland,IRL,2022-09-18,1278.1132
Ireland,IRL,2022-09-25,1289.3811
Ireland,IRL,2022-10-02,1309.8864
Ireland,IRL,2022-10-09,1322.9857
Ireland,IRL,2022-10-16,1345.1632
Ireland,IRL,2022-10-23,1360.0942
Ireland,IRL,2022-10-30,1377.6929
Ireland,IRL,2022-11-06,1397.4019
Ireland,IRL,2022-11-13,1416.7922
Ireland,IRL,2022-11-20,1431.8427
Ireland,IRL,2022-11-27,1452.7063
Ireland,IRL,2022-12-04,1473.092
Ireland,IRL,2022-12-11,1497.3002
Ireland,IRL,2022-12-18,1527.0427
Ireland,IRL,2022-12-25,1580.8341
Ireland,IRL,2023-01-01,1626.5795
Ireland,IRL,2023-01-08,1666.406
Ireland,IRL,2023-01-15,1696.0288
Ireland,IRL,2023-01-22,1706.8654
Ireland,IRL,2023-01-29,1711.6904
Ireland,IRL,2023-02-05,1705.0461
Ireland,IRL,2023-02-12,1705.9161
Ireland,IRL,2023-02-19,1699.5092
Ireland,IRL,2023-02-26,1697.0966
Ireland,IRL,2023-03-05,1685.8645
Ireland,IRL,2023-03-12,1696.5034
Ireland,IRL,2023-03-19,1711.4531
Ireland,IRL,2023-03-26,1718.0184
Ireland,IRL,2023-04-02,1716.4364
Ireland,IRL,2023-04-09,1724.6627
Ireland,IRL,2023-04-16,1733.245
Ireland,IRL,2023-04-23,1741.8273
Ireland,IRL,2023-04-30,1756.342
Ireland,IRL,2023-05-07,1765.2407
Ireland,IRL,2023-05-14,1782.1284
Ireland,IRL,2023-05-21,1791.383
Ireland,IRL,2023-05-28,1797.5924
Ireland,IRL,2023-06-04,1805.3441
Ireland,IRL,2023-06-11,1814.2823
Ireland,IRL,2023-06-18,1833.1476
Ireland,IRL,2023-06-25,1843.5886
Ireland,IRL,2023-07-02,1849.442
Ireland,IRL,2023-07-09,1862.7307
Ireland,IRL,2023-07-16,1875.3866
Ireland,IRL,2023-07-23,1886.5791
Ireland,IRL,2023-07-30,1897.4553
Ireland,IRL,2023-08-06,1916.8346
Ireland,IRL,2023-08-13,1929.9255
Ireland,IRL,2023-08-20,1950.887
Ireland,IRL,2023-08-27,1972.9161
Ireland,IRL,2023-09-03,1988.5382
Ireland,IRL,2023-09-10,2001.7083
Ireland,IRL,2023-09-17,2009.4995
Ireland,IRL,2023-09-24,2021.483
Ireland,IRL,2023-10-01,2029.3931
Ireland,IRL,2023-10-08,2053.0833
Ireland,IRL,2023-10-15,2065.0273
Ireland,IRL,2023-10-22,2088.757
Ireland,IRL,2023-10-29,2104.0627
Ireland,IRL,2023-11-05,2116.9165
Ireland,IRL,2023-11-12,2128.8606
Ireland,IRL,2023-11-19,2136.8892
Ireland,IRL,2023-11-26,2156.031
Ireland,IRL,2023-12-03,2160.4607
Ireland,IRL,2023-12-10,2179.761
Ireland,IRL,2023-12-17,2196.0554
Ireland,IRL,2023-12-24,2205.1914
Ireland,IRL,2023-12-31,2208.7112
Israel,ISR,2020-01-05,6.4287906
Israel,ISR,2020-01-12,-1.3930881
Israel,ISR,2020-01-19,3.3228822
Israel,ISR,2020-01-26,-4.9557486
Israel,ISR,2020-02-02,-15.152743
Israel,ISR,2020-02-09,-30.259823
Israel,ISR,2020-02-16,-35.615242
Israel,ISR,2020-02-23,-37.864746
Israel,ISR,2020-03-01,-47.034042
Israel,ISR,2020-03-08,-50.95069
Israel,ISR,2020-03-15,-48.815372
Israel,ISR,2020-03-22,-48.1645
Israel,ISR,2020-03-29,-40.205593
Israel,ISR,2020-04-05,-24.687443
Israel,ISR,2020-04-12,-22.643475
Israel,ISR,2020-04-19,-13.611205
Israel,ISR,2020-04-26,-10.813599
Israel,ISR,2020-05-03,-11.852707
Israel,ISR,2020-05-10,-10.082793
Israel,ISR,2020-05-17,-7.6277504
Israel,ISR,2020-05-24,8.118778
Israel,ISR,2020-05-31,10.939223
Israel,ISR,2020-06-07,12.252386
Israel,ISR,2020-06-14,13.131635
Israel,ISR,2020-06-21,13.576971
Israel,ISR,2020-06-28,13.108803
Israel,ISR,2020-07-05,11.453076
Israel,ISR,2020-07-12,17.744833
Israel,ISR,2020-07-19,23.96808
Israel,ISR,2020-07-26,24.276388
Israel,ISR,2020-08-02,41.18763
Israel,ISR,2020-08-09,46.885616
Israel,ISR,2020-08-16,64.3678
Israel,ISR,2020-08-23,77.282455
Israel,ISR,2020-08-30,88.3016
Israel,ISR,2020-09-06,100.16573
Israel,ISR,2020-09-13,120.31992
Israel,ISR,2020-09-20,144.01393
Israel,ISR,2020-09-27,169.2609
Israel,ISR,2020-10-04,192.17844
Israel,ISR,2020-10-11,225.48708
Israel,ISR,2020-10-18,252.17282
Israel,ISR,2020-10-25,275.50143
Israel,ISR,2020-11-01,284.21396
Israel,ISR,2020-11-08,289.5237
Israel,ISR,2020-11-15,282.3641
Israel,ISR,2020-11-22,290.16315
Israel,ISR,2020-11-29,290.97388
Israel,ISR,2020-12-06,295.14175
Israel,ISR,2020-12-13,295.33588
Israel,ISR,2020-12-20,300.9425
Israel,ISR,2020-12-27,302.9408
Israel,ISR,2021-01-03,313.6497
Israel,ISR,2021-01-10,332.54843
Israel,ISR,2021-01-17,352.4809
Israel,ISR,2021-01-24,376.32343
Israel,ISR,2021-01-31,400.63788
Israel,ISR,2021-02-07,419.13214
Israel,ISR,2021-02-14,430.09836
Israel,ISR,2021-02-21,437.85114
Israel,ISR,2021-02-28,437.19943
Israel,ISR,2021-03-07,436.48035
Israel,ISR,2021-03-14,444.3005
Israel,ISR,2021-03-21,456.5027
Israel,ISR,2021-03-28,468.0307
Israel,ISR,2021-04-04,468.0981
Israel,ISR,2021-04-11,480.32275
Israel,ISR,2021-04-18,487.0418
Israel,ISR,2021-04-25,489.17664
Israel,ISR,2021-05-02,490.34515
Israel,ISR,2021-05-09,491.671
Israel,ISR,2021-05-16,498.1204
Israel,ISR,2021-05-23,503.2215
Israel,ISR,2021-05-30,504.09787
Israel,ISR,2021-06-06,501.58105
Israel,ISR,2021-06-13,499.15408
Israel,ISR,2021-06-20,501.58105
Israel,ISR,2021-06-27,509.53604
Israel,ISR,2021-07-04,515.13153
Israel,ISR,2021-07-11,518.99664
Israel,ISR,2021-07-18,514.38995
Israel,ISR,2021-07-25,527.1315
Israel,ISR,2021-08-01,534.72687
Israel,ISR,2021-08-08,551.58075
Israel,ISR,2021-08-15,574.5918
Israel,ISR,2021-08-22,602.23206
Israel,ISR,2021-08-29,629.1982
Israel,ISR,2021-09-05,659.80475
Israel,ISR,2021-09-12,681.2428
Israel,ISR,2021-09-19,708.14154
Israel,ISR,2021-09-26,725.0403
Israel,ISR,2021-10-03,741.55707
Israel,ISR,2021-10-10,757.6918
Israel,ISR,2021-10-17,767.9838
Israel,ISR,2021-10-24,781.75903
Israel,ISR,2021-10-31,785.6017
Israel,ISR,2021-11-07,790.56793
Israel,ISR,2021-11-14,799.48926
Israel,ISR,2021-11-21,796.5904
Israel,ISR,2021-11-28,793.57916
Israel,ISR,2021-12-05,789.53424
Israel,ISR,2021-12-12,797.44434
Israel,ISR,2021-12-19,803.3544
Israel,ISR,2021-12-26,808.18585
Israel,ISR,2022-01-02,806.5996
Israel,ISR,2022-01-09,808.7128
Israel,ISR,2022-01-16,821.6909
Israel,ISR,2022-01-23,857.3281
Israel,ISR,2022-01-30,901.39606
Israel,ISR,2022-02-06,954.1161
Israel,ISR,2022-02-13,994.77637
Israel,ISR,2022-02-20,1023.86365
Israel,ISR,2022-02-27,1042.9048
Israel,ISR,2022-03-06,1054.4667
Israel,ISR,2022-03-13,1059.0582
Israel,ISR,2022-03-20,1066.4158
Israel,ISR,2022-03-27,1079.1947
Israel,ISR,2022-04-03,1101.9313
Israel,ISR,2022-04-10,1118.9366
Israel,ISR,2022-04-17,1120.5631
Israel,ISR,2022-04-24,1127.301
Israel,ISR,2022-05-01,1131.2067
Israel,ISR,2022-05-08,1140.246
Israel,ISR,2022-05-15,1141.8281
Israel,ISR,2022-05-22,1142.6357
Israel,ISR,2022-05-29,1147.4708
Israel,ISR,2022-06-05,1149.0751
Israel,ISR,2022-06-12,1155.0828
Israel,ISR,2022-06-19,1163.1042
Israel,ISR,2022-06-26,1166.6116
Israel,ISR,2022-07-03,1180.187
Israel,ISR,2022-07-10,1197.0376
Israel,ISR,2022-07-17,1211.1885
Israel,ISR,2022-07-24,1227.0431
Israel,ISR,2022-07-31,1243.9158
Israel,ISR,2022-08-07,1254.3049
Israel,ISR,2022-08-14,1264.7825
Israel,ISR,2022-08-21,1272.5162
Israel,ISR,2022-08-28,1280.0287
Israel,ISR,2022-09-04,1284.3768
Israel,ISR,2022-09-11,1289.765
Israel,ISR,2022-09-18,1294.4451
Israel,ISR,2022-09-25,1299.0145
Israel,ISR,2022-10-02,1308.0759
Israel,ISR,2022-10-09,1318.974
Israel,ISR,2022-10-16,1322.3485
Israel,ISR,2022-10-23,1325.2805
Israel,ISR,2022-10-30,1328.3895
Israel,ISR,2022-11-06,1329.2856
Israel,ISR,2022-11-13,1332.3062
Israel,ISR,2022-11-20,1330.4363
Israel,ISR,2022-11-27,1336.3113
Israel,ISR,2022-12-04,1336.5215
Israel,ISR,2022-12-11,1341.4229
Israel,ISR,2022-12-18,1351.1039
Israel,ISR,2022-12-25,1356.6249
Israel,ISR,2023-01-01,1336.8438
Israel,ISR,2023-01-08,1341.6396
Israel,ISR,2023-01-15,1335.6666
Israel,ISR,2023-01-22,1334.2496
Israel,ISR,2023-01-29,1337.8684
Israel,ISR,2023-02-05,1328.5382
Israel,ISR,2023-02-12,1323.6769
Israel,ISR,2023-02-19,1327.906
Israel,ISR,2023-02-26,1330.631
Israel,ISR,2023-03-05,1338.7404
Israel,ISR,2023-03-12,1339.5469
Israel,ISR,2023-03-19,1344.2775
Israel,ISR,2023-03-26,1354.7848
Israel,ISR,2023-04-02,1350.7955
Israel,ISR,2023-04-09,1359.2537
Israel,ISR,2023-04-16,1367.4939
Israel,ISR,2023-04-23,1375.6469
Israel,ISR,2023-04-30,1376.5406
Israel,ISR,2023-05-07,1377.696
Israel,ISR,2023-05-14,1383.8218
Israel,ISR,2023-05-21,1389.9474
Israel,ISR,2023-05-28,1398.6235
Israel,ISR,2023-06-04,1405.6431
Israel,ISR,2023-06-11,1405.2289
Israel,ISR,2023-06-18,1402.5475
Israel,ISR,2023-06-25,1407.1908
Israel,ISR,2023-07-02,1408.1282
Israel,ISR,2023-07-09,1409.4579
Israel,ISR,2023-07-16,1407.2562
Israel,ISR,2023-07-23,1407.496
Israel,ISR,2023-07-30,1399.3647
Israel,ISR,2023-08-06,1405.8828
Israel,ISR,2023-08-13,1412.9241
Israel,ISR,2023-08-20,1416.1722
Israel,ISR,2023-08-27,1415.4965
Israel,ISR,2023-09-03,1417.4801
Israel,ISR,2023-09-10,1422.6685
Israel,ISR,2023-09-17,1426.9412
Israel,ISR,2023-09-24,1436.8817
Israel,ISR,2023-10-01,1445.2527
Israel,ISR,2023-10-08,1569.3356
Israel,ISR,2023-10-15,1579.4069
Israel,ISR,2023-10-22,1587.5164
Israel,ISR,2023-10-29,1596.2361
Israel,ISR,2023-11-05,1596.2361
Israel,ISR,2023-11-12,1595.168
Israel,ISR,2023-11-19,1591.353
Israel,ISR,2023-11-26,1588.519
Israel,ISR,2023-12-03,1587.9523
Israel,ISR,2023-12-10,1598.6559
Israel,ISR,2023-12-17,1597.2825
Israel,ISR,2023-12-24,1602.9286
Israel,ISR,2023-12-31,1607.2013
Italy,ITA,2020-01-05,-32.001366
Italy,ITA,2020-01-12,-60.74562
Italy,ITA,2020-01-19,-84.50169
Italy,ITA,2020-01-26,-100.18389
Italy,ITA,2020-02-02,-115.597176
Italy,ITA,2020-02-09,-129.1483
Italy,ITA,2020-02-16,-138.23561
Italy,ITA,2020-02-23,-149.39014
Italy,ITA,2020-03-01,-151.9128
Italy,ITA,2020-03-08,-132.49281
Italy,ITA,2020-03-15,-47.624718
Italy,ITA,2020-03-22,107.78722
Italy,ITA,2020-03-29,289.6325
Italy,ITA,2020-04-05,433.02777
Italy,ITA,2020-04-12,547.3981
Italy,ITA,2020-04-19,628.1284
Italy,ITA,2020-04-26,677.8573
Italy,ITA,2020-05-03,704.24866
Italy,ITA,2020-05-10,721.31573
Italy,ITA,2020-05-17,733.45844
Italy,ITA,2020-05-24,734.8921
Italy,ITA,2020-05-31,732.34924
Italy,ITA,2020-06-07,728.1123
Italy,ITA,2020-06-14,718.0435
Italy,ITA,2020-06-21,717.1981
Italy,ITA,2020-06-28,731.17615
Italy,ITA,2020-07-05,746.2096
Italy,ITA,2020-07-12,741.82477
Italy,ITA,2020-07-19,731.97784
Italy,ITA,2020-07-26,723.12244
Italy,ITA,2020-08-02,738.492
Italy,ITA,2020-08-09,737.69037
Italy,ITA,2020-08-16,755.5104
Italy,ITA,2020-08-23,771.7976
Italy,ITA,2020-08-30,786.3067
Italy,ITA,2020-09-06,795.46796
Italy,ITA,2020-09-13,809.7753
Italy,ITA,2020-09-20,825.27264
Italy,ITA,2020-09-27,828.6794
Italy,ITA,2020-10-04,841.9347
Italy,ITA,2020-10-11,850.0809
Italy,ITA,2020-10-18,868.6202
Italy,ITA,2020-10-25,914.8063
Italy,ITA,2020-11-01,983.8056
Italy,ITA,2020-11-08,1075.8971
Italy,ITA,2020-11-15,1186.6876
Italy,ITA,2020-11-22,1298.9941
Italy,ITA,2020-11-29,1412.4939
Italy,ITA,2020-12-06,1504.8912
Italy,ITA,2020-12-13,1581.8905
Italy,ITA,2020-12-20,1644.1807
Italy,ITA,2020-12-27,1674.1989
Italy,ITA,2021-01-03,1722.4226
Italy,ITA,2021-01-10,1747.0714
Italy,ITA,2021-01-17,1768.2225
Italy,ITA,2021-01-24,1797.9792
Italy,ITA,2021-01-31,1822.915
Italy,ITA,2021-02-07,1837.368
Italy,ITA,2021-02-14,1837.3174
Italy,ITA,2021-02-21,1850.815
Italy,ITA,2021-02-28,1859.9067
Italy,ITA,2021-03-07,1875.4569
Italy,ITA,2021-03-14,1904.5721
Italy,ITA,2021-03-21,1944.9332
Italy,ITA,2021-03-28,2000.9154
Italy,ITA,2021-04-04,2056.759
Italy,ITA,2021-04-11,2105.145
Italy,ITA,2021-04-18,2147.6565
Italy,ITA,2021-04-25,2192.2007
Italy,ITA,2021-05-02,2226.1504
Italy,ITA,2021-05-09,2247.1428
Italy,ITA,2021-05-16,2261.589
Italy,ITA,2021-05-23,2277.639
Italy,ITA,2021-05-30,2288.7732
Italy,ITA,2021-06-06,2302.953
Italy,ITA,2021-06-13,2311.2952
Italy,ITA,2021-06-20,2318.4727
Italy,ITA,2021-06-27,2347.4055
Italy,ITA,2021-07-04,2367.6113
Italy,ITA,2021-07-11,2376.9597
Italy,ITA,2021-07-18,2376.359
Italy,ITA,2021-07-25,2384.9072
Italy,ITA,2021-08-01,2400.8828
Italy,ITA,2021-08-08,2415.2783
Italy,ITA,2021-08-15,2442.3813
Italy,ITA,2021-08-22,2468.6406
Italy,ITA,2021-08-29,2487.9922
Italy,ITA,2021-09-05,2507.2292
Italy,ITA,2021-09-12,2531.5605
Italy,ITA,2021-09-19,2556.4019
Italy,ITA,2021-09-26,2569.0688
Italy,ITA,2021-10-03,2578.758
Italy,ITA,2021-10-10,2581.5603
Italy,ITA,2021-10-17,2594.558
Italy,ITA,2021-10-24,2618.957
Italy,ITA,2021-10-31,2634.494
Italy,ITA,2021-11-07,2654.8481
Italy,ITA,2021-11-14,2670.9656
Italy,ITA,2021-11-21,2683.4976
Italy,ITA,2021-11-28,2694.7332
Italy,ITA,2021-12-05,2724.4697
Italy,ITA,2021-12-12,2754.1116
Italy,ITA,2021-12-19,2789.3545
Italy,ITA,2021-12-26,2820.8127
Italy,ITA,2022-01-02,2849.4834
Italy,ITA,2022-01-09,2859.7395
Italy,ITA,2022-01-16,2881.0364
Italy,ITA,2022-01-23,2908.224
Italy,ITA,2022-01-30,2949.85
Italy,ITA,2022-02-06,2984.8704
Italy,ITA,2022-02-13,3006.3872
Italy,ITA,2022-02-20,3015.1597
Italy,ITA,2022-02-27,3015.2935
Italy,ITA,2022-03-06,3017.3005
Italy,ITA,2022-03-13,3026.974
Italy,ITA,2022-03-20,3042.1052
Italy,ITA,2022-03-27,3059.6653
Italy,ITA,2022-04-03,3080.3215
Italy,ITA,2022-04-10,3104.081
Italy,ITA,2022-04-17,3128.2979
Italy,ITA,2022-04-24,3147.6602
Italy,ITA,2022-05-01,3165.742
Italy,ITA,2022-05-08,3184.2878
Italy,ITA,2022-05-15,3204.0903
Italy,ITA,2022-05-22,3225.6716
Italy,ITA,2022-05-29,3242.0325
Italy,ITA,2022-06-05,3251.523
Italy,ITA,2022-06-12,3256.7314
Italy,ITA,2022-06-19,3269.393
Italy,ITA,2022-06-26,3291.452
Italy,ITA,2022-07-03,3327.0615
Italy,ITA,2022-07-10,3370.815
Italy,ITA,2022-07-17,3401.6887
Italy,ITA,2022-07-24,3473.333
Italy,ITA,2022-07-31,3544.8418
Italy,ITA,2022-08-07,3593.2703
Italy,ITA,2022-08-14,3610.3933
Italy,ITA,2022-08-21,3631.5986
Italy,ITA,2022-08-28,3649.057
Italy,ITA,2022-09-04,3662.843
Italy,ITA,2022-09-11,3683.3674
Italy,ITA,2022-09-18,3698.6104
Italy,ITA,2022-09-25,3709.0054
Italy,ITA,2022-10-02,3729.1501
Italy,ITA,2022-10-09,3750.2605
Italy,ITA,2022-10-16,3761.4956
Italy,ITA,2022-10-23,3777.1755
Italy,ITA,2022-10-30,3789.9421
Italy,ITA,2022-11-06,3799.9543
Italy,ITA,2022-11-13,3818.3342
Italy,ITA,2022-11-20,3844.3464
Italy,ITA,2022-11-27,3872.31
Italy,ITA,2022-12-04,3916.399
Italy,ITA,2022-12-11,3962.3918
Italy,ITA,2022-12-18,4006.9246
Italy,ITA,2022-12-25,4042.4766
Italy,ITA,2023-01-01,4081.6235
Italy,ITA,2023-01-08,4084.7117
Italy,ITA,2023-01-15,4076.1777
Italy,ITA,2023-01-22,4067.5894
Italy,ITA,2023-01-29,4070.6096
Italy,ITA,2023-02-05,4073.9866
Italy,ITA,2023-02-12,4084.4944
Italy,ITA,2023-02-19,4102.452
Italy,ITA,2023-02-26,4108.6895
Italy,ITA,2023-03-05,4099.4287
Italy,ITA,2023-03-12,4099.4014
Italy,ITA,2023-03-19,4090.5789
Italy,ITA,2023-03-26,4088.0308
Italy,ITA,2023-04-02,4081.8103
Italy,ITA,2023-04-09,4079.84
Italy,ITA,2023-04-16,4089.845
Italy,ITA,2023-04-23,4102.218
Italy,ITA,2023-04-30,4108.4316
Italy,ITA,2023-05-07,4110.49
Italy,ITA,2023-05-14,4106.811
Italy,ITA,2023-05-21,4104.7285
Italy,ITA,2023-05-28,4113.9893
Italy,ITA,2023-06-04,4114.1353
Italy,ITA,2023-06-11,4108.357
Italy,ITA,2023-06-18,4100.6753
Italy,ITA,2023-06-25,4110.3677
Italy,ITA,2023-07-02,4105.8936
Italy,ITA,2023-07-09,4100.227
Italy,ITA,2023-07-16,4104.7114
Italy,ITA,2023-07-23,4142.642
Italy,ITA,2023-07-30,4167.816
Italy,ITA,2023-08-06,4162.6245
Italy,ITA,2023-08-13,4142.2617
Italy,ITA,2023-08-20,4148.9233
Italy,ITA,2023-08-27,4184.2554
Italy,ITA,2023-09-03,4188.76
Italy,ITA,2023-09-10,4199.6143
Italy,ITA,2023-09-17,4210.268
Italy,ITA,2023-09-24,4214.5146
Italy,ITA,2023-10-01,4220.572
Italy,ITA,2023-10-08,4224.9985
Italy,ITA,2023-10-15,4219.981
Italy,ITA,2023-10-22,4218.758
Italy,ITA,2023-10-29,4220.321
Italy,ITA,2023-11-05,4223.368
Italy,ITA,2023-11-12,4230.56
Italy,ITA,2023-11-19,4247.1216
Italy,ITA,2023-11-26,4265.1816
Italy,ITA,2023-12-03,4298.0024
Italy,ITA,2023-12-10,4324.257
Italy,ITA,2023-12-17,4353.8877
Italy,ITA,2023-12-24,4388.6963
Italy,ITA,2023-12-31,4421.9893
Jamaica,JAM,2020-01-31,17.975914
Jamaica,JAM,2020-02-29,-67.57819
Jamaica,JAM,2020-03-31,-182.9149
Jamaica,JAM,2020-04-30,-252.58493
Jamaica,JAM,2020-05-31,-317.71664
Jamaica,JAM,2020-06-30,-344.13098
Jamaica,JAM,2020-07-31,-371.5381
Jamaica,JAM,2020-08-31,-406.24902
Jamaica,JAM,2020-09-30,-369.12714
Jamaica,JAM,2020-10-31,-316.47574
Jamaica,JAM,2020-11-30,-305.52
Jamaica,JAM,2020-12-31,-231.09892
Jamaica,JAM,2021-01-31,-235.95146
Jamaica,JAM,2021-02-28,-223.7154
Jamaica,JAM,2021-03-31,-24.401535
Jamaica,JAM,2021-04-30,252.99696
Jamaica,JAM,2021-05-31,258.0187
Jamaica,JAM,2021-06-30,325.35257
Jamaica,JAM,2021-07-31,289.13937
Jamaica,JAM,2021-08-31,372.59943
Jamaica,JAM,2021-09-30,1339.3212
Jamaica,JAM,2021-10-31,1675.4246
Jamaica,JAM,2021-11-30,1775.4352
Jamaica,JAM,2021-12-31,1801.8878
Jamaica,JAM,2022-01-31,1962.8052
Jamaica,JAM,2022-02-28,2080.3696
Jamaica,JAM,2022-03-31,2043.3744
Jamaica,JAM,2022-04-30,1974.8303
Jamaica,JAM,2022-05-31,1959.2683
Jamaica,JAM,2022-06-30,1973.1327
Jamaica,JAM,2022-07-31,1898.2931
Jamaica,JAM,2022-08-31,1942.4329
Jamaica,JAM,2022-09-30,1953.5386
Jamaica,JAM,2022-10-31,1903.0325
Jamaica,JAM,2022-11-30,1838.5205
Jamaica,JAM,2022-12-31,1740.7622
Japan,JPN,2020-01-31,-62.42015
Japan,JPN,2020-02-29,-106.05471
Japan,JPN,2020-03-31,-144.6368
Japan,JPN,2020-04-30,-152.03668
Japan,JPN,2020-05-31,-180.34288
Japan,JPN,2020-06-30,-208.45744
Japan,JPN,2020-07-31,-242.4293
Japan,JPN,2020-08-31,-240.16972
Japan,JPN,2020-09-30,-248.9733
Japan,JPN,2020-10-31,-241.75063
Japan,JPN,2020-11-30,-255.17554
Japan,JPN,2020-12-31,-223.59418
Japan,JPN,2021-01-31,-238.12614
Japan,JPN,2021-02-28,-282.7822
Japan,JPN,2021-03-31,-302.74725
Japan,JPN,2021-04-30,-288.25034
Japan,JPN,2021-05-31,-251.05421
Japan,JPN,2021-06-30,-229.25784
Japan,JPN,2021-07-31,-220.87585
Japan,JPN,2021-08-31,-185.38747
Japan,JPN,2021-09-30,-144.76793
Japan,JPN,2021-10-31,-132.1376
Japan,JPN,2021-11-30,-127.35558
Japan,JPN,2021-12-31,-105.50623
Japan,JPN,2022-01-31,-110.87062
Japan,JPN,2022-02-28,-15.255943
Japan,JPN,2022-03-31,76.96061
Japan,JPN,2022-04-30,104.09051
Japan,JPN,2022-05-31,147.65909
Japan,JPN,2022-06-30,178.41621
Japan,JPN,2022-07-31,213.24266
Japan,JPN,2022-08-31,376.15775
Japan,JPN,2022-09-30,491.70276
Japan,JPN,2022-10-31,576.8908
Japan,JPN,2022-11-30,657.9885
Japan,JPN,2022-12-31,859.7607
Japan,JPN,2023-01-31,1045.2849
Japan,JPN,2023-02-28,1103.3645
Japan,JPN,2023-03-31,1135.3344
Japan,JPN,2023-04-30,1155.8551
Japan,JPN,2023-05-31,1188.6765
Japan,JPN,2023-06-30,1215.7233
Japan,JPN,2023-07-31,1257.8914
Japan,JPN,2023-08-31,1365.9164
Japan,JPN,2023-09-30,1466.8966
Japan,JPN,2023-10-31,1553.1819
Japan,JPN,2023-11-30,1613.7319
Japan,JPN,2023-12-31,1702.1892
Jordan,JOR,2020-01-31,30.1865
Jordan,JOR,2020-02-29,40.95628
Jordan,JOR,2020-03-31,45.110462
Jordan,JOR,2020-04-30,30.625692
Jordan,JOR,2020-05-31,43.152306
Jordan,JOR,2020-06-30,41.0386
Jordan,JOR,2020-07-31,31.95245
Jordan,JOR,2020-08-31,27.459692
Jordan,JOR,2020-09-30,34.72494
Jordan,JOR,2020-10-31,127.29751
Jordan,JOR,2020-11-30,355.38455
Jordan,JOR,2020-12-31,418.0817
Jordan,JOR,2021-01-31,433.0171
Jordan,JOR,2021-02-28,472.30563
Jordan,JOR,2021-03-31,742.4637
Jordan,JOR,2021-04-30,959.1786
Jordan,JOR,2021-05-31,1038.7693
Jordan,JOR,2021-06-30,1073.8689
Jordan,JOR,2021-07-31,1109.1208
Jordan,JOR,2021-08-31,1153.2802
Jordan,JOR,2021-09-30,1168.9597
Jordan,JOR,2021-10-31,1184.9263
Jordan,JOR,2021-11-30,1241.7063
Jordan,JOR,2021-12-31,1349.3013
Jordan,JOR,2022-01-31,1389.8789
Jordan,JOR,2022-02-28,1471.255
Jordan,JOR,2022-03-31,1512.2886
Jordan,JOR,2022-04-30,1517.6404
Jordan,JOR,2022-05-31,1512.3772
Jordan,JOR,2022-06-30,1509.595
Jordan,JOR,2022-07-31,1508.2126
Jordan,JOR,2022-08-31,1510.9241
Jordan,JOR,2022-09-30,1499.3254
Jordan,JOR,2022-10-31,1479.5131
Jordan,JOR,2022-11-30,1476.5359
Jordan,JOR,2022-12-31,1475.2865
Jordan,JOR,2023-01-31,1451.867
Jordan,JOR,2023-02-28,1460.1318
Jordan,JOR,2023-03-31,1472.0837
Jordan,JOR,2023-04-30,1480.1724
Jordan,JOR,2023-05-31,1480.1724
Jordan,JOR,2023-06-30,1474.7035
Jordan,JOR,2023-07-31,1478.9991
Jordan,JOR,2023-08-31,1479.0874
Jordan,JOR,2023-09-30,1463.6953
Jordan,JOR,2023-10-31,1433.8552
Jordan,JOR,2023-11-30,1411.6007
Jordan,JOR,2023-12-31,1427.4072
Kazakhstan,KAZ,2020-01-31,-21.375986
Kazakhstan,KAZ,2020-02-29,-6.8495855
Kazakhstan,KAZ,2020-03-31,-140.83278
Kazakhstan,KAZ,2020-04-30,-492.85403
Kazakhstan,KAZ,2020-05-31,-325.88745
Kazakhstan,KAZ,2020-06-30,-110.636604
Kazakhstan,KAZ,2020-07-31,760.6676
Kazakhstan,KAZ,2020-08-31,1143.4066
Kazakhstan,KAZ,2020-09-30,1304.7039
Kazakhstan,KAZ,2020-10-31,1377.3252
Kazakhstan,KAZ,2020-11-30,1464.9841
Kazakhstan,KAZ,2020-12-31,1588.0396
Kazakhstan,KAZ,2021-01-31,1579.3009
Kazakhstan,KAZ,2021-02-28,1610.1191
Kazakhstan,KAZ,2021-03-31,1682.7366
Kazakhstan,KAZ,2021-04-30,1795.6116
Kazakhstan,KAZ,2021-05-31,1951.0985
Kazakhstan,KAZ,2021-06-30,2055.92
Kazakhstan,KAZ,2021-07-31,2317.9785
Kazakhstan,KAZ,2021-08-31,3033.8914
Kazakhstan,KAZ,2021-09-30,3520.2412
Kazakhstan,KAZ,2021-10-31,3773.5796
Kazakhstan,KAZ,2021-11-30,4039.7534
Kazakhstan,KAZ,2021-12-31,4203.19
Kazakhstan,KAZ,2022-01-31,4207.625
Kazakhstan,KAZ,2022-02-28,4371.07
Kazakhstan,KAZ,2022-03-31,4367.1465
Kazakhstan,KAZ,2022-04-30,4284.339
Kazakhstan,KAZ,2022-05-31,4259.5273
Kazakhstan,KAZ,2022-06-30,4249.325
Kazakhstan,KAZ,2022-07-31,4194.1904
Kazakhstan,KAZ,2022-08-31,4246.6133
Kazakhstan,KAZ,2022-09-30,4224.967
Kazakhstan,KAZ,2022-10-31,4189.1953
Kazakhstan,KAZ,2022-11-30,4193.1387
Kazakhstan,KAZ,2022-12-31,4240.0146
Kazakhstan,KAZ,2023-01-31,4184.1846
Kazakhstan,KAZ,2023-02-28,4134.018
Kazakhstan,KAZ,2023-03-31,4117.279
Kazakhstan,KAZ,2023-04-30,4030.451
Kazakhstan,KAZ,2023-05-31,4022.984
Kazakhstan,KAZ,2023-06-30,3992.28
Kazakhstan,KAZ,2023-07-31,3967.666
Kazakhstan,KAZ,2023-08-31,3992.6472
Kazakhstan,KAZ,2023-09-30,3964.9526
Kazakhstan,KAZ,2023-10-31,3962.5554
Kazakhstan,KAZ,2023-11-30,3957.8325
Kazakhstan,KAZ,2023-12-31,4047.5574
Kosovo,OWID_KOS,2020-01-31,9.69653
Kosovo,OWID_KOS,2020-02-29,4.309573
Kosovo,OWID_KOS,2020-03-31,-5.8657904
Kosovo,OWID_KOS,2020-04-30,-37.34955
Kosovo,OWID_KOS,2020-05-31,-7.900841
Kosovo,OWID_KOS,2020-06-30,55.66526
Kosovo,OWID_KOS,2020-07-31,461.24326
Kosovo,OWID_KOS,2020-08-31,843.8369
Kosovo,OWID_KOS,2020-09-30,938.7671
Kosovo,OWID_KOS,2020-10-31,1041.9573
Kosovo,OWID_KOS,2020-11-30,1530.9733
Kosovo,OWID_KOS,2020-12-31,1993.0544
Kosovo,OWID_KOS,2021-01-31,2206.5894
Kosovo,OWID_KOS,2021-02-28,2307.9116
Kosovo,OWID_KOS,2021-03-31,2595.152
Kosovo,OWID_KOS,2021-04-30,2909.1072
Kosovo,OWID_KOS,2021-05-31,2985.2793
Kosovo,OWID_KOS,2021-06-30,3010.309
Kosovo,OWID_KOS,2021-07-31,3012.7158
Kosovo,OWID_KOS,2021-08-31,3297.0684
Kosovo,OWID_KOS,2021-09-30,3750.7324
Kosovo,OWID_KOS,2021-10-31,3784.9077
Kosovo,OWID_KOS,2021-11-30,3775.5217
Kosovo,OWID_KOS,2021-12-31,3848.5652
Kosovo,OWID_KOS,2022-01-31,3830.3425
Kosovo,OWID_KOS,2022-02-28,3904.8733
Kosovo,OWID_KOS,2022-03-31,3823.956
Kosovo,OWID_KOS,2022-04-30,3764.3677
Kosovo,OWID_KOS,2022-05-31,3707.0688
Kosovo,OWID_KOS,2022-06-30,3612.4146
Kosovo,OWID_KOS,2022-07-31,3575.2395
Kosovo,OWID_KOS,2022-08-31,3503.4805
Kosovo,OWID_KOS,2022-09-30,3417.5022
Kosovo,OWID_KOS,2022-10-31,3342.851
Kosovo,OWID_KOS,2022-11-30,3286.0342
Kosovo,OWID_KOS,2022-12-31,3184.0293
Kosovo,OWID_KOS,2023-01-31,3120.8843
Kosovo,OWID_KOS,2023-02-28,3059.6316
Kosovo,OWID_KOS,2023-03-31,2964.1157
Kosovo,OWID_KOS,2023-04-30,2894.087
Kosovo,OWID_KOS,2023-05-31,2810.7134
Kosovo,OWID_KOS,2023-06-30,2714.7168
Kosovo,OWID_KOS,2023-07-31,2673.6611
Kosovo,OWID_KOS,2023-08-31,2602.3098
Kosovo,OWID_KOS,2023-09-30,2539.6145
Kosovo,OWID_KOS,2023-10-31,2438.9292
Kosovo,OWID_KOS,2023-11-30,2368.0586
Kosovo,OWID_KOS,2023-12-31,2258.7173
Kuwait,KWT,2020-01-31,-28.162222
Kuwait,KWT,2020-02-29,-26.052345
Kuwait,KWT,2020-03-31,-25.914751
Kuwait,KWT,2020-04-30,-0.45866814
Kuwait,KWT,2020-05-31,171.72536
Kuwait,KWT,2020-06-30,320.74664
Kuwait,KWT,2020-07-31,427.02005
Kuwait,KWT,2020-08-31,506.46136
Kuwait,KWT,2020-09-30,577.9219
Kuwait,KWT,2020-10-31,653.28107
Kuwait,KWT,2020-11-30,713.0455
Kuwait,KWT,2020-12-31,736.3458
Kuwait,KWT,2021-01-31,761.2507
Kuwait,KWT,2021-02-28,792.6852
Kuwait,KWT,2021-03-31,883.0357
Kuwait,KWT,2021-04-30,998.18567
Kuwait,KWT,2021-05-31,1086.9363
Kuwait,KWT,2021-06-30,1187.9219
Kuwait,KWT,2021-07-31,1390.2225
Kuwait,KWT,2021-08-31,1521.2308
Kuwait,KWT,2021-09-30,1557.4652
Kuwait,KWT,2021-10-31,1559.1122
Kuwait,KWT,2021-11-30,1552.9948
Kuwait,KWT,2021-12-31,1548.0537
Kuwait,KWT,2022-01-31,1568.1609
Kuwait,KWT,2022-02-28,1619.9073
Kuwait,KWT,2022-03-31,1622.0859
Kuwait,KWT,2022-04-30,1614.2853
Kuwait,KWT,2022-05-31,1608.7804
Kuwait,KWT,2022-06-30,1611.24
Kuwait,KWT,2022-07-31,1616.8855
Kuwait,KWT,2022-08-31,1628.1531
Kuwait,KWT,2022-09-30,1618.619
Kuwait,KWT,2022-10-31,1620.5632
Kuwait,KWT,2022-11-30,1613.1375
Kuwait,KWT,2022-12-31,1601.9636
Kuwait,KWT,2023-01-31,1572.5596
Kuwait,KWT,2023-02-28,1573.7892
Kuwait,KWT,2023-03-31,1571.3994
Kuwait,KWT,2023-04-30,1560.982
Kuwait,KWT,2023-05-31,1552.3744
Kuwait,KWT,2023-06-30,1538.1985
Kuwait,KWT,2023-07-31,1529.73
Kuwait,KWT,2023-08-31,1523.1176
Kuwait,KWT,2023-09-30,1505.183
Kuwait,KWT,2023-10-31,1500.7052
Kuwait,KWT,2023-11-30,1485.3228
Kuwait,KWT,2023-12-31,1457.4116
Kyrgyzstan,KGZ,2020-01-31,18.552868
Kyrgyzstan,KGZ,2020-02-29,74.709564
Kyrgyzstan,KGZ,2020-03-31,24.840946
Kyrgyzstan,KGZ,2020-04-30,-188.95294
Kyrgyzstan,KGZ,2020-05-31,-159.84735
Kyrgyzstan,KGZ,2020-06-30,-5.323049
Kyrgyzstan,KGZ,2020-07-31,182.91391
Kyrgyzstan,KGZ,2020-08-31,491.9625
Kyrgyzstan,KGZ,2020-09-30,636.3699
Kyrgyzstan,KGZ,2020-10-31,745.97504
Kyrgyzstan,KGZ,2020-11-30,971.09985
Kyrgyzstan,KGZ,2020-12-31,1164.5665
Kyrgyzstan,KGZ,2021-01-31,1154.5646
Kyrgyzstan,KGZ,2021-02-28,1171.5844
Kyrgyzstan,KGZ,2021-03-31,1241.4247
Kyrgyzstan,KGZ,2021-04-30,1305.2599
Kyrgyzstan,KGZ,2021-05-31,1330.5826
Kyrgyzstan,KGZ,2021-06-30,1458.9731
Kyrgyzstan,KGZ,2021-07-31,1616.562
Kyrgyzstan,KGZ,2021-08-31,1808.4967
Kyrgyzstan,KGZ,2021-09-30,1939.185
Kyrgyzstan,KGZ,2021-10-31,2026.1217
Kyrgyzstan,KGZ,2021-11-30,2133.77
Kyrgyzstan,KGZ,2021-12-31,2226.191
Kyrgyzstan,KGZ,2022-01-31,2186.6277
Kyrgyzstan,KGZ,2022-02-28,2261.4775
Kyrgyzstan,KGZ,2022-03-31,2307.1897
Kyrgyzstan,KGZ,2022-04-30,2305.6665
Kyrgyzstan,KGZ,2022-05-31,2250.3926
Kyrgyzstan,KGZ,2022-06-30,2427.646
Kyrgyzstan,KGZ,2022-07-31,2397.6187
Kyrgyzstan,KGZ,2022-08-31,2454.7927
Kyrgyzstan,KGZ,2022-09-30,2511.243
Kyrgyzstan,KGZ,2022-10-31,2359.779
Kyrgyzstan,KGZ,2022-11-30,2100.6628
Kyrgyzstan,KGZ,2022-12-31,2132.5605
Kyrgyzstan,KGZ,2023-01-31,2090.774
Kyrgyzstan,KGZ,2023-02-28,2099.9048
Kyrgyzstan,KGZ,2023-03-31,2116.4294
Kyrgyzstan,KGZ,2023-04-30,2058.9863
Kyrgyzstan,KGZ,2023-05-31,2064.2869
Kyrgyzstan,KGZ,2023-06-30,2081.1382
Kyrgyzstan,KGZ,2023-07-31,2055.4675
Kyrgyzstan,KGZ,2023-08-31,2082.5337
Kyrgyzstan,KGZ,2023-09-30,2075.7783
Kyrgyzstan,KGZ,2023-10-31,2084.8203
Kyrgyzstan,KGZ,2023-11-30,2109.4812
Kyrgyzstan,KGZ,2023-12-31,2107.952
Latvia,LVA,2020-01-05,-1.0542645
Latvia,LVA,2020-01-12,-12.3349085
Latvia,LVA,2020-01-19,-58.089985
Latvia,LVA,2020-01-26,-85.81713
Latvia,LVA,2020-02-02,-106.16442
Latvia,LVA,2020-02-09,-130.93964
Latvia,LVA,2020-02-16,-159.29935
Latvia,LVA,2020-02-23,-198.62341
Latvia,LVA,2020-03-01,-250.91493
Latvia,LVA,2020-03-08,-307.00183
Latvia,LVA,2020-03-15,-326.822
Latvia,LVA,2020-03-22,-353.6003
Latvia,LVA,2020-03-29,-383.64685
Latvia,LVA,2020-04-05,-386.07162
Latvia,LVA,2020-04-12,-386.80963
Latvia,LVA,2020-04-19,-403.04532
Latvia,LVA,2020-04-26,-395.34918
Latvia,LVA,2020-05-03,-385.64996
Latvia,LVA,2020-05-10,-428.4531
Latvia,LVA,2020-05-17,-395.13834
Latvia,LVA,2020-05-24,-383.01428
Latvia,LVA,2020-05-31,-389.867
Latvia,LVA,2020-06-07,-385.0174
Latvia,LVA,2020-06-14,-358.97705
Latvia,LVA,2020-06-21,-363.29956
Latvia,LVA,2020-06-28,-327.77084
Latvia,LVA,2020-07-05,-313.53827
Latvia,LVA,2020-07-12,-328.50882
Latvia,LVA,2020-07-19,-327.24368
Latvia,LVA,2020-07-26,-325.02972
Latvia,LVA,2020-08-02,-322.39407
Latvia,LVA,2020-08-09,-306.47467
Latvia,LVA,2020-08-16,-286.86533
Latvia,LVA,2020-08-23,-265.46375
Latvia,LVA,2020-08-30,-265.78003
Latvia,LVA,2020-09-06,-259.45447
Latvia,LVA,2020-09-13,-267.36145
Latvia,LVA,2020-09-20,-273.15988
Latvia,LVA,2020-09-27,-266.20175
Latvia,LVA,2020-10-04,-259.45447
Latvia,LVA,2020-10-11,-263.35526
Latvia,LVA,2020-10-18,-249.2281
Latvia,LVA,2020-10-25,-217.49474
Latvia,LVA,2020-11-01,-203.3676
Latvia,LVA,2020-11-08,-175.32416
Latvia,LVA,2020-11-15,-148.44041
Latvia,LVA,2020-11-22,-111.541145
Latvia,LVA,2020-11-29,-65.36437
Latvia,LVA,2020-12-06,2.2139943
Latvia,LVA,2020-12-13,91.088486
Latvia,LVA,2020-12-20,168.8932
Latvia,LVA,2020-12-27,296.98636
Latvia,LVA,2021-01-03,389.2363
Latvia,LVA,2021-01-10,515.92224
Latvia,LVA,2021-01-17,630.6546
Latvia,LVA,2021-01-24,723.2943
Latvia,LVA,2021-01-31,822.44446
Latvia,LVA,2021-02-07,912.5227
Latvia,LVA,2021-02-14,982.10925
Latvia,LVA,2021-02-21,1027.7887
Latvia,LVA,2021-02-28,1055.9648
Latvia,LVA,2021-03-07,1046.9998
Latvia,LVA,2021-03-14,1046.4661
Latvia,LVA,2021-03-21,1071.4404
Latvia,LVA,2021-03-28,1066.9578
Latvia,LVA,2021-04-04,1079.9786
Latvia,LVA,2021-04-11,1071.8673
Latvia,LVA,2021-04-18,1087.8765
Latvia,LVA,2021-04-25,1120.215
Latvia,LVA,2021-05-02,1169.8434
Latvia,LVA,2021-05-09,1227.3696
Latvia,LVA,2021-05-16,1294.1813
Latvia,LVA,2021-05-23,1340.9281
Latvia,LVA,2021-05-30,1372.6262
Latvia,LVA,2021-06-06,1401.1226
Latvia,LVA,2021-06-13,1479.354
Latvia,LVA,2021-06-20,1508.5974
Latvia,LVA,2021-06-27,1612.2301
Latvia,LVA,2021-07-04,1680.4292
Latvia,LVA,2021-07-11,1735.0739
Latvia,LVA,2021-07-18,1806.5814
Latvia,LVA,2021-07-25,1802.2056
Latvia,LVA,2021-08-01,1836.6787
Latvia,LVA,2021-08-08,1872.1123
Latvia,LVA,2021-08-15,1886.8408
Latvia,LVA,2021-08-22,1923.4484
Latvia,LVA,2021-08-29,1931.9866
Latvia,LVA,2021-09-05,1966.0328
Latvia,LVA,2021-09-12,2039.8884
Latvia,LVA,2021-09-19,2075.8557
Latvia,LVA,2021-09-26,2144.375
Latvia,LVA,2021-10-03,2215.6692
Latvia,LVA,2021-10-10,2288.8843
Latvia,LVA,2021-10-17,2430.8323
Latvia,LVA,2021-10-24,2642.7937
Latvia,LVA,2021-10-31,2860.8386
Latvia,LVA,2021-11-07,3072.8
Latvia,LVA,2021-11-14,3282.3066
Latvia,LVA,2021-11-21,3453.8184
Latvia,LVA,2021-11-28,3559.6924
Latvia,LVA,2021-12-05,3641.8728
Latvia,LVA,2021-12-12,3726.5078
Latvia,LVA,2021-12-19,3787.8762
Latvia,LVA,2021-12-26,3835.37
Latvia,LVA,2022-01-02,3952.981
Latvia,LVA,2022-01-09,4002.531
Latvia,LVA,2022-01-16,4048.0825
Latvia,LVA,2022-01-23,4070.7231
Latvia,LVA,2022-01-30,4068.6157
Latvia,LVA,2022-02-06,4111.3574
Latvia,LVA,2022-02-13,4167.932
Latvia,LVA,2022-02-20,4244.6074
Latvia,LVA,2022-02-27,4278.7036
Latvia,LVA,2022-03-06,4327.065
Latvia,LVA,2022-03-13,4356.406
Latvia,LVA,2022-03-20,4418.6
Latvia,LVA,2022-03-27,4463.9355
Latvia,LVA,2022-04-03,4478.9033
Latvia,LVA,2022-04-10,4500.031
Latvia,LVA,2022-04-17,4505.596
Latvia,LVA,2022-04-24,4520.6724
Latvia,LVA,2022-05-01,4539.206
Latvia,LVA,2022-05-08,4557.632
Latvia,LVA,2022-05-15,4561.6846
Latvia,LVA,2022-05-22,4575.6797
Latvia,LVA,2022-05-29,4586.3247
Latvia,LVA,2022-06-05,4599.131
Latvia,LVA,2022-06-12,4619.07
Latvia,LVA,2022-06-19,4642.8994
Latvia,LVA,2022-06-26,4664.783
Latvia,LVA,2022-07-03,4730.2197
Latvia,LVA,2022-07-10,4726.2754
Latvia,LVA,2022-07-17,4719.953
Latvia,LVA,2022-07-24,4716.2246
Latvia,LVA,2022-07-31,4738.865
Latvia,LVA,2022-08-07,4769.503
Latvia,LVA,2022-08-14,4794.8457
Latvia,LVA,2022-08-21,4843.9634
Latvia,LVA,2022-08-28,4851.15
Latvia,LVA,2022-09-04,4864.713
Latvia,LVA,2022-09-11,4894.27
Latvia,LVA,2022-09-18,4917.343
Latvia,LVA,2022-09-25,4946.3594
Latvia,LVA,2022-10-02,4983.0493
Latvia,LVA,2022-10-09,5016.8213
Latvia,LVA,2022-10-16,5060.211
Latvia,LVA,2022-10-23,5073.99
Latvia,LVA,2022-10-30,5099.873
Latvia,LVA,2022-11-06,5103.3853
Latvia,LVA,2022-11-13,5108.7344
Latvia,LVA,2022-11-20,5148.558
Latvia,LVA,2022-11-27,5185.14
Latvia,LVA,2022-12-04,5208.537
Latvia,LVA,2022-12-11,5243.0654
Latvia,LVA,2022-12-18,5319.957
Latvia,LVA,2022-12-25,5395.228
Latvia,LVA,2023-01-01,5574.9766
Latvia,LVA,2023-01-08,5640.051
Latvia,LVA,2023-01-15,5719.113
Latvia,LVA,2023-01-22,5732.936
Latvia,LVA,2023-01-29,5733.756
Latvia,LVA,2023-02-05,5728.565
Latvia,LVA,2023-02-12,5726.9805
Latvia,LVA,2023-02-19,5740.804
Latvia,LVA,2023-02-26,5747.634
Latvia,LVA,2023-03-05,5719.714
Latvia,LVA,2023-03-12,5681.849
Latvia,LVA,2023-03-19,5640.051
Latvia,LVA,2023-03-26,5629.8335
Latvia,LVA,2023-04-02,5583.9917
Latvia,LVA,2023-04-09,5552.5747
Latvia,LVA,2023-04-16,5547.493
Latvia,LVA,2023-04-23,5578.255
Latvia,LVA,2023-04-30,5582.462
Latvia,LVA,2023-05-07,5594.209
Latvia,LVA,2023-05-14,5587.598
Latvia,LVA,2023-05-21,5587.2153
Latvia,LVA,2023-05-28,5562.6826
Latvia,LVA,2023-06-04,5552.9023
Latvia,LVA,2023-06-11,5532.85
Latvia,LVA,2023-06-18,5559.35
Latvia,LVA,2023-06-25,5570.223
Latvia,LVA,2023-07-02,5577.0527
Latvia,LVA,2023-07-09,5545.417
Latvia,LVA,2023-07-16,5510.831
Latvia,LVA,2023-07-23,5488.7026
Latvia,LVA,2023-07-30,5463.733
Latvia,LVA,2023-08-06,5462.6943
Latvia,LVA,2023-08-13,5473.2397
Latvia,LVA,2023-08-20,5483.239
Latvia,LVA,2023-08-27,5466.683
Latvia,LVA,2023-09-03,5451.6577
Latvia,LVA,2023-09-10,5446.795
Latvia,LVA,2023-09-17,5444.1177
Latvia,LVA,2023-09-24,5434.884
Latvia,LVA,2023-10-01,5421.934
Latvia,LVA,2023-10-08,5403.849
Latvia,LVA,2023-10-15,5397.675
Latvia,LVA,2023-10-22,5418.929
Latvia,LVA,2023-10-29,5451.3296
Latvia,LVA,2023-11-05,5479.687
Latvia,LVA,2023-11-12,5483.676
Latvia,LVA,2023-11-19,5513.235
Latvia,LVA,2023-11-26,5552.6294
Latvia,LVA,2023-12-03,5591.805
Latvia,LVA,2023-12-10,5648.793
Latvia,LVA,2023-12-17,5695.618
Latvia,LVA,2023-12-24,5716.763
Latvia,LVA,2023-12-31,5726.1064
Lebanon,LBN,2020-01-31,62.45889
Lebanon,LBN,2020-02-29,99.6305
Lebanon,LBN,2020-03-31,62.282303
Lebanon,LBN,2020-04-30,21.331745
Lebanon,LBN,2020-05-31,34.77005
Lebanon,LBN,2020-06-30,19.036133
Lebanon,LBN,2020-07-31,26.964903
Lebanon,LBN,2020-08-31,75.367455
Lebanon,LBN,2020-09-30,161.06525
Lebanon,LBN,2020-10-31,273.78088
Lebanon,LBN,2020-11-30,428.13574
Lebanon,LBN,2020-12-31,623.4942
Lebanon,LBN,2021-01-31,929.617
Lebanon,LBN,2021-02-28,1225.1848
Lebanon,LBN,2021-03-31,1555.6199
Lebanon,LBN,2021-04-30,1785.494
Lebanon,LBN,2021-05-31,1823.1508
Lebanon,LBN,2021-06-30,1820.1826
Lebanon,LBN,2021-07-31,1847.9692
Lebanon,LBN,2021-08-31,1953.9302
Lebanon,LBN,2021-09-30,2064.576
Lebanon,LBN,2021-10-31,2079.0234
Lebanon,LBN,2021-11-30,2177.4746
Lebanon,LBN,2021-12-31,2354.6365
Liechtenstein,LIE,2020-01-31,-170.17766
Liechtenstein,LIE,2020-02-29,67.039696
Liechtenstein,LIE,2020-03-31,-61.882774
Liechtenstein,LIE,2020-04-30,-30.941362
Liechtenstein,LIE,2020-05-31,20.627625
Liechtenstein,LIE,2020-06-30,-30.941362
Liechtenstein,LIE,2020-07-31,-113.45176
Liechtenstein,LIE,2020-08-31,-118.60868
Liechtenstein,LIE,2020-09-30,103.13797
Liechtenstein,LIE,2020-10-31,103.13797
Liechtenstein,LIE,2020-11-30,526.00366
Liechtenstein,LIE,2020-12-31,1289.2246
Liechtenstein,LIE,2021-01-31,1413.2828
Liechtenstein,LIE,2021-02-28,1464.4888
Liechtenstein,LIE,2021-03-31,1152.1327
Liechtenstein,LIE,2021-04-30,1356.9563
Liechtenstein,LIE,2021-05-31,1479.8505
Liechtenstein,LIE,2021-06-30,1244.3033
Liechtenstein,LIE,2021-07-31,1336.4739
Liechtenstein,LIE,2021-08-31,1249.424
Liechtenstein,LIE,2021-09-30,1157.2533
Liechtenstein,LIE,2021-10-31,1075.3239
Liechtenstein,LIE,2021-11-30,1131.6504
Liechtenstein,LIE,2021-12-31,1269.9062
Liechtenstein,LIE,2022-01-31,1489.0103
Liechtenstein,LIE,2022-02-28,1661.7964
Liechtenstein,LIE,2022-03-31,1651.6326
Liechtenstein,LIE,2022-04-30,1595.7311
Liechtenstein,LIE,2022-05-31,1585.5673
Liechtenstein,LIE,2022-06-30,1549.9937
Liechtenstein,LIE,2022-07-31,1687.2062
Liechtenstein,LIE,2022-08-31,1519.502
Liechtenstein,LIE,2022-09-30,1549.9937
Liechtenstein,LIE,2022-10-31,1387.3713
Liechtenstein,LIE,2022-11-30,1412.781
Liechtenstein,LIE,2022-12-31,1392.4532
Liechtenstein,LIE,2023-01-31,1504.5186
Liechtenstein,LIE,2023-02-28,1494.4211
Liechtenstein,LIE,2023-03-31,1428.7877
Liechtenstein,LIE,2023-04-30,1418.6903
Liechtenstein,LIE,2023-05-31,1479.275
Liechtenstein,LIE,2023-06-30,1489.3724
Liechtenstein,LIE,2023-07-31,1191.4979
Liechtenstein,LIE,2023-08-31,1146.0594
Liechtenstein,LIE,2023-09-30,994.59784
Liechtenstein,LIE,2023-10-31,777.50287
Lithuania,LTU,2020-01-05,-1.0991772
Lithuania,LTU,2020-01-12,-9.148059
Lithuania,LTU,2020-01-19,-39.322475
Lithuania,LTU,2020-01-26,-66.73121
Lithuania,LTU,2020-02-02,-102.7916
Lithuania,LTU,2020-02-09,-133.88792
Lithuania,LTU,2020-02-16,-140.73125
Lithuania,LTU,2020-02-23,-190.83284
Lithuania,LTU,2020-03-01,-194.27223
Lithuania,LTU,2020-03-08,-201.54105
Lithuania,LTU,2020-03-15,-201.00919
Lithuania,LTU,2020-03-22,-184.16681
Lithuania,LTU,2020-03-29,-156.68716
Lithuania,LTU,2020-04-05,-147.00725
Lithuania,LTU,2020-04-12,-125.058975
Lithuania,LTU,2020-04-19,-108.50027
Lithuania,LTU,2020-04-26,-83.43173
Lithuania,LTU,2020-05-03,-59.356007
Lithuania,LTU,2020-05-10,-58.611404
Lithuania,LTU,2020-05-17,-42.76185
Lithuania,LTU,2020-05-24,-47.548626
Lithuania,LTU,2020-05-31,-32.47914
Lithuania,LTU,2020-06-07,-17.976969
Lithuania,LTU,2020-06-14,37.44327
Lithuania,LTU,2020-06-21,71.872604
Lithuania,LTU,2020-06-28,117.932045
Lithuania,LTU,2020-07-05,132.22147
Lithuania,LTU,2020-07-12,149.56024
Lithuania,LTU,2020-07-19,187.60625
Lithuania,LTU,2020-07-26,210.97282
Lithuania,LTU,2020-08-02,237.38875
Lithuania,LTU,2020-08-09,256.85498
Lithuania,LTU,2020-08-16,291.07156
Lithuania,LTU,2020-08-23,338.4784
Lithuania,LTU,2020-08-30,362.55414
Lithuania,LTU,2020-09-06,378.26184
Lithuania,LTU,2020-09-13,422.12292
Lithuania,LTU,2020-09-20,448.11334
Lithuania,LTU,2020-09-27,489.0669
Lithuania,LTU,2020-10-04,508.604
Lithuania,LTU,2020-10-11,542.8206
Lithuania,LTU,2020-10-18,580.4411
Lithuania,LTU,2020-10-25,623.45123
Lithuania,LTU,2020-11-01,675.893
Lithuania,LTU,2020-11-08,741.525
Lithuania,LTU,2020-11-15,830.9137
Lithuania,LTU,2020-11-22,972.9214
Lithuania,LTU,2020-11-29,1117.2693
Lithuania,LTU,2020-12-06,1300.0533
Lithuania,LTU,2020-12-13,1485.5321
Lithuania,LTU,2020-12-20,1711.1488
Lithuania,LTU,2020-12-27,1931.1633
Lithuania,LTU,2021-01-03,2158.4683
Lithuania,LTU,2021-01-10,2302.3328
Lithuania,LTU,2021-01-17,2440.5989
Lithuania,LTU,2021-01-24,2526.329
Lithuania,LTU,2021-01-31,2613.064
Lithuania,LTU,2021-02-07,2658.3872
Lithuania,LTU,2021-02-14,2711.6052
Lithuania,LTU,2021-02-21,2754.919
Lithuania,LTU,2021-02-28,2737.5862
Lithuania,LTU,2021-03-07,2763.5312
Lithuania,LTU,2021-03-14,2806.7732
Lithuania,LTU,2021-03-21,2831.7134
Lithuania,LTU,2021-03-28,2864.5486
Lithuania,LTU,2021-04-04,2881.953
Lithuania,LTU,2021-04-11,2940.9126
Lithuania,LTU,2021-04-18,2982.8625
Lithuania,LTU,2021-04-25,3036.224
Lithuania,LTU,2021-05-02,3080.6143
Lithuania,LTU,2021-05-09,3150.9138
Lithuania,LTU,2021-05-16,3210.8782
Lithuania,LTU,2021-05-23,3269.9814
Lithuania,LTU,2021-05-30,3307.4814
Lithuania,LTU,2021-06-06,3359.6948
Lithuania,LTU,2021-06-13,3409.1807
Lithuania,LTU,2021-06-20,3465.2695
Lithuania,LTU,2021-06-27,3562.1958
Lithuania,LTU,2021-07-04,3570.0547
Lithuania,LTU,2021-07-11,3639.0623
Lithuania,LTU,2021-07-18,3726.9456
Lithuania,LTU,2021-07-25,3748.2256
Lithuania,LTU,2021-08-01,3775.8213
Lithuania,LTU,2021-08-08,3807.9387
Lithuania,LTU,2021-08-15,3855.6304
Lithuania,LTU,2021-08-22,3916.815
Lithuania,LTU,2021-08-29,3979.8655
Lithuania,LTU,2021-09-05,4027.916
Lithuania,LTU,2021-09-12,4118.8135
Lithuania,LTU,2021-09-19,4236.0513
Lithuania,LTU,2021-09-26,4358.528
Lithuania,LTU,2021-10-03,4488.2534
Lithuania,LTU,2021-10-10,4608.8643
Lithuania,LTU,2021-10-17,4755.4556
Lithuania,LTU,2021-10-24,4889.3438
Lithuania,LTU,2021-10-31,5033.711
Lithuania,LTU,2021-11-07,5162.8623
Lithuania,LTU,2021-11-14,5290.65
Lithuania,LTU,2021-11-21,5394.3945
Lithuania,LTU,2021-11-28,5505.8184
Lithuania,LTU,2021-12-05,5605.6157
Lithuania,LTU,2021-12-12,5698.3794
Lithuania,LTU,2021-12-19,5812.172
Lithuania,LTU,2021-12-26,5940.0312
Lithuania,LTU,2022-01-02,6100.7075
Lithuania,LTU,2022-01-09,6163.543
Lithuania,LTU,2022-01-16,6217.069
Lithuania,LTU,2022-01-23,6264.995
Lithuania,LTU,2022-01-30,6296.1216
Lithuania,LTU,2022-02-06,6315.8306
Lithuania,LTU,2022-02-13,6394.447
Lithuania,LTU,2022-02-20,6461.5728
Lithuania,LTU,2022-02-27,6509.0625
Lithuania,LTU,2022-03-06,6547.68
Lithuania,LTU,2022-03-13,6596.9155
Lithuania,LTU,2022-03-20,6651.9688
Lithuania,LTU,2022-03-27,6711.022
Lithuania,LTU,2022-04-03,6759.5303
Lithuania,LTU,2022-04-10,6795.239
Lithuania,LTU,2022-04-17,6825.347
Lithuania,LTU,2022-04-24,6890.291
Lithuania,LTU,2022-05-01,6933.4175
Lithuania,LTU,2022-05-08,6970.435
Lithuania,LTU,2022-05-15,6982.7983
Lithuania,LTU,2022-05-22,7012.1064
Lithuania,LTU,2022-05-29,7025.343
Lithuania,LTU,2022-06-05,7009.852
Lithuania,LTU,2022-06-12,7044.324
Lithuania,LTU,2022-06-19,7081.8506
Lithuania,LTU,2022-06-26,7123.304
Lithuania,LTU,2022-07-03,7208.6846
Lithuania,LTU,2022-07-10,7234.5747
Lithuania,LTU,2022-07-17,7245.7744
Lithuania,LTU,2022-07-24,7270.2104
Lithuania,LTU,2022-07-31,7293.0464
Lithuania,LTU,2022-08-07,7348.8267
Lithuania,LTU,2022-08-14,7366.9355
Lithuania,LTU,2022-08-21,7460.5337
Lithuania,LTU,2022-08-28,7528.3867
Lithuania,LTU,2022-09-04,7546.132
Lithuania,LTU,2022-09-11,7576.022
Lithuania,LTU,2022-09-18,7652.239
Lithuania,LTU,2022-09-25,7685.765
Lithuania,LTU,2022-10-02,7754.636
Lithuania,LTU,2022-10-09,7820.817
Lithuania,LTU,2022-10-16,7867.143
Lithuania,LTU,2022-10-23,7923.142
Lithuania,LTU,2022-10-30,7941.396
Lithuania,LTU,2022-11-06,7950.778
Lithuania,LTU,2022-11-13,7981.3228
Lithuania,LTU,2022-11-20,8005.6855
Lithuania,LTU,2022-11-27,8054.5576
Lithuania,LTU,2022-12-04,8097.466
Lithuania,LTU,2022-12-11,8165.973
Lithuania,LTU,2022-12-18,8262.335
Lithuania,LTU,2022-12-25,8358.042
Lithuania,LTU,2023-01-01,8565.3
Lithuania,LTU,2023-01-08,8648.365
Lithuania,LTU,2023-01-15,8698.469
Lithuania,LTU,2023-01-22,8694.717
Lithuania,LTU,2023-01-29,8705.974
Lithuania,LTU,2023-02-05,8684.343
Lithuania,LTU,2023-02-12,8646.525
Lithuania,LTU,2023-02-19,8563.607
Lithuania,LTU,2023-02-26,8548.746
Lithuania,LTU,2023-03-05,8540.358
Lithuania,LTU,2023-03-12,8553.381
Lithuania,LTU,2023-03-19,8561.621
Lithuania,LTU,2023-03-26,8579.794
Lithuania,LTU,2023-04-02,8576.63
Lithuania,LTU,2023-04-09,8577.808
Lithuania,LTU,2023-04-16,8594.656
Lithuania,LTU,2023-04-23,8604.073
Lithuania,LTU,2023-04-30,8609.444
Lithuania,LTU,2023-05-07,8626.66
Lithuania,LTU,2023-05-14,8668.966
Lithuania,LTU,2023-05-21,8691.994
Lithuania,LTU,2023-05-28,8701.706
Lithuania,LTU,2023-06-04,8710.314
Lithuania,LTU,2023-06-11,8716.862
Lithuania,LTU,2023-06-18,8756.666
Lithuania,LTU,2023-06-25,8787.567
Lithuania,LTU,2023-07-02,8782.343
Lithuania,LTU,2023-07-09,8805.96
Lithuania,LTU,2023-07-16,8816.555
Lithuania,LTU,2023-07-23,8833.551
Lithuania,LTU,2023-07-30,8848.192
Lithuania,LTU,2023-08-06,8860.479
Lithuania,LTU,2023-08-13,8862.244
Lithuania,LTU,2023-08-20,8896.972
Lithuania,LTU,2023-08-27,8928.094
Lithuania,LTU,2023-09-03,8938.32
Lithuania,LTU,2023-09-10,8957.522
Lithuania,LTU,2023-09-17,9006.67
Lithuania,LTU,2023-09-24,9034.702
Lithuania,LTU,2023-10-01,9061.336
Lithuania,LTU,2023-10-08,9060.968
Lithuania,LTU,2023-10-15,9085.763
Lithuania,LTU,2023-10-22,9096.799
Lithuania,LTU,2023-10-29,9132.923
Lithuania,LTU,2023-11-05,9182.88
Lithuania,LTU,2023-11-12,9220.035
Lithuania,LTU,2023-11-19,9252.775
Lithuania,LTU,2023-11-26,9316.196
Lithuania,LTU,2023-12-03,9358.869
Lithuania,LTU,2023-12-10,9418.243
Lithuania,LTU,2023-12-17,9485.563
Lithuania,LTU,2023-12-24,9538.61
Lithuania,LTU,2023-12-31,9580.694
Luxembourg,LUX,2020-01-05,-48.54053
Luxembourg,LUX,2020-01-12,-72.96943
Luxembourg,LUX,2020-01-19,-74.87297
Luxembourg,LUX,2020-01-26,-89.1496
Luxembourg,LUX,2020-02-02,-111.35769
Luxembourg,LUX,2020-02-09,-131.66223
Luxembourg,LUX,2020-02-16,-184.00986
Luxembourg,LUX,2020-02-23,-201.77632
Luxembourg,LUX,2020-03-01,-232.55038
Luxembourg,LUX,2020-03-08,-257.6138
Luxembourg,LUX,2020-03-15,-258.24832
Luxembourg,LUX,2020-03-22,-265.86252
Luxembourg,LUX,2020-03-29,-232.5504
Luxembourg,LUX,2020-04-05,-230.01234
Luxembourg,LUX,2020-04-12,-168.78148
Luxembourg,LUX,2020-04-19,-163.70534
Luxembourg,LUX,2020-04-26,-158.94647
Luxembourg,LUX,2020-05-03,-172.58858
Luxembourg,LUX,2020-05-10,-155.45662
Luxembourg,LUX,2020-05-17,-151.015
Luxembourg,LUX,2020-05-24,-159.2637
Luxembourg,LUX,2020-05-31,-156.09113
Luxembourg,LUX,2020-06-07,-166.56065
Luxembourg,LUX,2020-06-14,-183.05809
Luxembourg,LUX,2020-06-21,-174.17485
Luxembourg,LUX,2020-06-28,-186.23067
Luxembourg,LUX,2020-07-05,-203.67989
Luxembourg,LUX,2020-07-12,-224.61893
Luxembourg,LUX,2020-07-19,-232.55038
Luxembourg,LUX,2020-07-26,-247.7788
Luxembourg,LUX,2020-08-02,-231.59862
Luxembourg,LUX,2020-08-09,-211.61134
Luxembourg,LUX,2020-08-16,-181.15454
Luxembourg,LUX,2020-08-23,-182.74083
Luxembourg,LUX,2020-08-30,-215.73572
Luxembourg,LUX,2020-09-06,-209.07329
Luxembourg,LUX,2020-09-13,-219.54282
Luxembourg,LUX,2020-09-20,-197.65198
Luxembourg,LUX,2020-09-27,-216.05296
Luxembourg,LUX,2020-10-04,-217.63925
Luxembourg,LUX,2020-10-11,-251.90315
Luxembourg,LUX,2020-10-18,-241.75089
Luxembourg,LUX,2020-10-25,-221.44635
Luxembourg,LUX,2020-11-01,-210.3423
Luxembourg,LUX,2020-11-08,-171.95404
Luxembourg,LUX,2020-11-15,-121.1927
Luxembourg,LUX,2020-11-22,-65.35523
Luxembourg,LUX,2020-11-29,20.30453
Luxembourg,LUX,2020-12-06,60.9136
Luxembourg,LUX,2020-12-13,120.24092
Luxembourg,LUX,2020-12-20,144.66982
Luxembourg,LUX,2020-12-27,187.4997
Luxembourg,LUX,2021-01-03,197.39415
Luxembourg,LUX,2021-01-10,209.12517
Luxembourg,LUX,2021-01-17,196.14282
Luxembourg,LUX,2021-01-24,186.6016
Luxembourg,LUX,2021-01-31,205.52765
Luxembourg,LUX,2021-02-07,186.91441
Luxembourg,LUX,2021-02-14,162.35747
Luxembourg,LUX,2021-02-21,142.18008
Luxembourg,LUX,2021-02-28,124.81816
Luxembourg,LUX,2021-03-07,110.271675
Luxembourg,LUX,2021-03-14,116.997475
Luxembourg,LUX,2021-03-21,158.75993
Luxembourg,LUX,2021-03-28,134.20299
Luxembourg,LUX,2021-04-04,107.76906
Luxembourg,LUX,2021-04-11,104.17154
Luxembourg,LUX,2021-04-18,94.31747
Luxembourg,LUX,2021-04-25,86.96603
Luxembourg,LUX,2021-05-02,104.32795
Luxembourg,LUX,2021-05-09,103.54588
Luxembourg,LUX,2021-05-16,79.92741
Luxembourg,LUX,2021-05-23,89.15582
Luxembourg,LUX,2021-05-30,63.973213
Luxembourg,LUX,2021-06-06,43.795837
Luxembourg,LUX,2021-06-13,41.44963
Luxembourg,LUX,2021-06-20,45.6728
Luxembourg,LUX,2021-06-27,37.382862
Luxembourg,LUX,2021-07-04,53.80631
Luxembourg,LUX,2021-07-11,46.142033
Luxembourg,LUX,2021-07-18,41.29321
Luxembourg,LUX,2021-07-25,21.115831
Luxembourg,LUX,2021-08-01,-7.820711
Luxembourg,LUX,2021-08-08,-19.864565
Luxembourg,LUX,2021-08-15,-31.282772
Luxembourg,LUX,2021-08-22,-60.53214
Luxembourg,LUX,2021-08-29,-65.06814
Luxembourg,LUX,2021-09-05,-64.59889
Luxembourg,LUX,2021-09-12,-51.616547
Luxembourg,LUX,2021-09-19,-66.47585
Luxembourg,LUX,2021-09-26,-76.01709
Luxembourg,LUX,2021-10-03,-73.67088
Luxembourg,LUX,2021-10-10,-57.873096
Luxembourg,LUX,2021-10-17,-97.758606
Luxembourg,LUX,2021-10-24,-103.233086
Luxembourg,LUX,2021-10-31,-54.901234
Luxembourg,LUX,2021-11-07,-40.667587
Luxembourg,LUX,2021-11-14,-24.556965
Luxembourg,LUX,2021-11-21,-21.27228
Luxembourg,LUX,2021-11-28,-9.854071
Luxembourg,LUX,2021-12-05,26.277502
Luxembourg,LUX,2021-12-12,32.064804
Luxembourg,LUX,2021-12-19,29.7186
Luxembourg,LUX,2021-12-26,57.091003
Luxembourg,LUX,2022-01-02,102.84109
Luxembourg,LUX,2022-01-09,105.157326
Luxembourg,LUX,2022-01-16,81.53166
Luxembourg,LUX,2022-01-23,58.21484
Luxembourg,LUX,2022-01-30,49.10429
Luxembourg,LUX,2022-02-06,23.007973
Luxembourg,LUX,2022-02-13,6.4854584
Luxembourg,LUX,2022-02-20,-7.257574
Luxembourg,LUX,2022-02-27,6.4854584
Luxembourg,LUX,2022-03-06,-3.2427588
Luxembourg,LUX,2022-03-13,-38.2952
Luxembourg,LUX,2022-03-20,-49.567577
Luxembourg,LUX,2022-03-27,-67.634254
Luxembourg,LUX,2022-04-03,-75.200645
Luxembourg,LUX,2022-04-10,-77.20806
Luxembourg,LUX,2022-04-17,-69.95051
Luxembourg,LUX,2022-04-24,-57.13397
Luxembourg,LUX,2022-05-01,-41.53795
Luxembourg,LUX,2022-05-08,-54.663315
Luxembourg,LUX,2022-05-15,-56.36189
Luxembourg,LUX,2022-05-22,-62.692944
Luxembourg,LUX,2022-05-29,-98.36305
Luxembourg,LUX,2022-06-05,-73.50207
Luxembourg,LUX,2022-06-12,-91.25992
Luxembourg,LUX,2022-06-19,-87.09069
Luxembourg,LUX,2022-06-26,-92.186424
Luxembourg,LUX,2022-07-03,-120.753395
Luxembourg,LUX,2022-07-10,-120.59898
Luxembourg,LUX,2022-07-17,-128.4742
Luxembourg,LUX,2022-07-24,-131.40811
Luxembourg,LUX,2022-07-31,-116.73858
Luxembourg,LUX,2022-08-07,-113.187004
Luxembourg,LUX,2022-08-14,-112.1061
Luxembourg,LUX,2022-08-21,-103.92204
Luxembourg,LUX,2022-08-28,-119.209236
Luxembourg,LUX,2022-09-04,-146.54088
Luxembourg,LUX,2022-09-11,-164.60754
Luxembourg,LUX,2022-09-18,-163.83546
Luxembourg,LUX,2022-09-25,-171.7107
Luxembourg,LUX,2022-10-02,-183.29189
Luxembourg,LUX,2022-10-09,-186.2258
Luxembourg,LUX,2022-10-16,-188.54204
Luxembourg,LUX,2022-10-23,-180.04916
Luxembourg,LUX,2022-10-30,-191.0127
Luxembourg,LUX,2022-11-06,-207.84406
Luxembourg,LUX,2022-11-13,-225.91072
Luxembourg,LUX,2022-11-20,-238.10959
Luxembourg,LUX,2022-11-27,-242.27882
Luxembourg,LUX,2022-12-04,-223.59448
Luxembourg,LUX,2022-12-11,-227.14606
Luxembourg,LUX,2022-12-18,-252.62471
Luxembourg,LUX,2022-12-25,-254.94095
Luxembourg,LUX,2023-01-01,-215.34248
Luxembourg,LUX,2023-01-08,-157.91783
Luxembourg,LUX,2023-01-15,-162.80504
Luxembourg,LUX,2023-01-22,-178.07755
Luxembourg,LUX,2023-01-29,-193.04462
Luxembourg,LUX,2023-02-05,-244.66573
Luxembourg,LUX,2023-02-12,-271.54535
Luxembourg,LUX,2023-02-19,-312.47568
Luxembourg,LUX,2023-02-26,-344.54797
Luxembourg,LUX,2023-03-05,-373.8712
Luxembourg,LUX,2023-03-12,-417.5506
Luxembourg,LUX,2023-03-19,-413.2743
Luxembourg,LUX,2023-03-26,-450.84467
Luxembourg,LUX,2023-04-02,-464.2845
Luxembourg,LUX,2023-04-09,-470.69894
Luxembourg,LUX,2023-04-16,-466.42264
Luxembourg,LUX,2023-04-23,-464.2845
Luxembourg,LUX,2023-04-30,-485.36053
Luxembourg,LUX,2023-05-07,-458.48093
Luxembourg,LUX,2023-05-14,-440.1539
Luxembourg,LUX,2023-05-21,-441.68115
Luxembourg,LUX,2023-05-28,-464.58994
Luxembourg,LUX,2023-06-04,-474.97525
Luxembourg,LUX,2023-06-11,-496.96768
Luxembourg,LUX,2023-06-18,-514.0729
Luxembourg,LUX,2023-06-25,-517.4328
Luxembourg,LUX,2023-07-02,-537.898
Luxembourg,LUX,2023-07-09,-557.44684
Luxembourg,LUX,2023-07-16,-606.31885
Luxembourg,LUX,2023-07-23,-624.34045
Luxembourg,LUX,2023-07-30,-628.00586
Luxembourg,LUX,2023-08-06,-639.613
Luxembourg,LUX,2023-08-13,-662.8272
Luxembourg,LUX,2023-08-20,-665.27075
Luxembourg,LUX,2023-08-27,-663.4381
Luxembourg,LUX,2023-09-03,-679.62695
Luxembourg,LUX,2023-09-10,-694.2886
Luxembourg,LUX,2023-09-17,-690.3177
Luxembourg,LUX,2023-09-24,-714.7537
Luxembourg,LUX,2023-10-01,-710.7829
Luxembourg,LUX,2023-10-08,-716.5864
Luxembourg,LUX,2023-10-15,-712.6156
Luxembourg,LUX,2023-10-22,-707.1175
Luxembourg,LUX,2023-10-29,-714.7537
Luxembourg,LUX,2023-11-05,-709.8665
Luxembourg,LUX,2023-11-12,-700.0921
Luxembourg,LUX,2023-11-19,-698.25946
Luxembourg,LUX,2023-11-26,-729.7208
Luxembourg,LUX,2023-12-03,-727.8881
Luxembourg,LUX,2023-12-10,-719.03
Luxembourg,LUX,2023-12-17,-716.5864
Luxembourg,LUX,2023-12-24,-717.1973
Luxembourg,LUX,2023-12-31,-732.1644
Macao,MAC,2020-01-31,-25.285131
Macao,MAC,2020-02-29,-21.29275
Macao,MAC,2020-03-31,-63.730347
Macao,MAC,2020-04-30,-54.7105
Macao,MAC,2020-05-31,-80.29136
Macao,MAC,2020-06-30,-86.058136
Macao,MAC,2020-07-31,-95.07798
Macao,MAC,2020-08-31,-68.60994
Macao,MAC,2020-09-30,-50.12666
Macao,MAC,2020-10-31,-36.670826
Macao,MAC,2020-11-30,-14.934497
Macao,MAC,2020-12-31,-41.69829
Macao,MAC,2021-01-31,-54.615704
Macao,MAC,2021-02-28,-46.605404
Macao,MAC,2021-03-31,-62.48035
Macao,MAC,2021-04-30,-61.169582
Macao,MAC,2021-05-31,-67.723465
Macao,MAC,2021-06-30,-54.761353
Macao,MAC,2021-07-31,-81.41381
Macao,MAC,2021-08-31,-67.28656
Macao,MAC,2021-09-30,-62.480373
Macao,MAC,2021-10-31,-36.4105
Macao,MAC,2021-11-30,-35.68229
Macao,MAC,2021-12-31,-6.990856
Macao,MAC,2022-01-31,-33.51655
Macao,MAC,2022-02-28,-33.085
Macao,MAC,2022-03-31,-10.213235
Macao,MAC,2022-04-30,19.563221
Macao,MAC,2022-05-31,40.13344
Macao,MAC,2022-06-30,97.240944
Macao,MAC,2022-07-31,105.152565
Macao,MAC,2022-08-31,115.94114
Macao,MAC,2022-09-30,94.50785
Macao,MAC,2022-10-31,107.02259
Macao,MAC,2022-11-30,134.78519
Macao,MAC,2022-12-31,955.436
Macao,MAC,2023-01-31,1781.71
Macao,MAC,2023-02-28,1789.0947
Macao,MAC,2023-03-31,1793.071
Macao,MAC,2023-04-30,1808.1246
Macao,MAC,2023-05-31,1835.3914
Macao,MAC,2023-06-30,1843.3441
Macao,MAC,2023-07-31,1806.9885
Macao,MAC,2023-08-31,1777.7335
Macao,MAC,2023-09-30,1800.4558
Macao,MAC,2023-10-31,1798.4677
Macao,MAC,2023-11-30,1807.2725
Macao,MAC,2023-12-31,1807.8406
Malaysia,MYS,2020-01-31,17.484945
Malaysia,MYS,2020-02-29,2.2891574
Malaysia,MYS,2020-03-31,-25.352425
Malaysia,MYS,2020-04-30,-78.18077
Malaysia,MYS,2020-05-31,-118.44887
Malaysia,MYS,2020-06-30,-165.18082
Malaysia,MYS,2020-07-31,-218.35251
Malaysia,MYS,2020-08-31,-250.69289
Malaysia,MYS,2020-09-30,-281.35254
Malaysia,MYS,2020-10-31,-309.69293
Malaysia,MYS,2020-11-30,-365.11163
Malaysia,MYS,2020-12-31,-409.7532
Malaysia,MYS,2021-01-31,-394.61047
Malaysia,MYS,2021-02-28,-405.95264
Malaysia,MYS,2021-03-31,-423.3471
Malaysia,MYS,2021-04-30,-431.6333
Malaysia,MYS,2021-05-31,-357.62338
Malaysia,MYS,2021-06-30,-282.97604
Malaysia,MYS,2021-07-31,-23.417053
Malaysia,MYS,2021-08-31,315.95398
Malaysia,MYS,2021-09-30,543.47614
Malaysia,MYS,2021-10-31,669.6695
Malaysia,MYS,2021-11-30,732.1526
Malaysia,MYS,2021-12-31,782.71576
Malaysia,MYS,2022-01-31,791.66797
Malaysia,MYS,2022-02-28,816.4188
Malaysia,MYS,2022-03-31,971.2531
Malaysia,MYS,2022-04-30,1001.38434
Malaysia,MYS,2022-05-31,1031.6628
Malaysia,MYS,2022-06-30,1053.6145
Malaysia,MYS,2022-07-31,1139.8064
Malaysia,MYS,2022-08-31,1157.303
Malaysia,MYS,2022-09-30,1196.1853
Malaysia,MYS,2022-10-31,1220.394
Malaysia,MYS,2022-11-30,1256.8014
Malaysia,MYS,2022-12-31,1283.0078
Malaysia,MYS,2023-01-31,1274.2808
Malaysia,MYS,2023-02-28,1269.8707
Malaysia,MYS,2023-03-31,1265.9213
Malaysia,MYS,2023-04-30,1289.7142
Malaysia,MYS,2023-05-31,1343.3247
Malaysia,MYS,2023-06-30,1351.0109
Malaysia,MYS,2023-07-31,1356.0796
Malaysia,MYS,2023-08-31,1362.5358
Malaysia,MYS,2023-09-30,1330.3658
Malaysia,MYS,2023-10-31,1328.2178
Malaysia,MYS,2023-11-30,1332.278
Malaysia,MYS,2023-12-31,1352.5674
Maldives,MDV,2020-01-31,21.965168
Maldives,MDV,2020-02-29,26.43596
Maldives,MDV,2020-03-31,18.85506
Maldives,MDV,2020-04-30,8.164052
Maldives,MDV,2020-05-31,39.84832
Maldives,MDV,2020-06-30,47.817978
Maldives,MDV,2020-07-31,102.05055
Maldives,MDV,2020-08-31,181.55278
Maldives,MDV,2020-09-30,234.61906
Maldives,MDV,2020-10-31,259.69434
Maldives,MDV,2020-11-30,305.3741
Maldives,MDV,2020-12-31,312.17746
Maldives,MDV,2021-01-31,302.0314
Maldives,MDV,2021-02-28,321.01624
Maldives,MDV,2021-03-31,307.0173
Maldives,MDV,2021-04-30,372.40952
Maldives,MDV,2021-05-31,554.3954
Maldives,MDV,2021-06-30,732.1624
Maldives,MDV,2021-07-31,788.7334
Maldives,MDV,2021-08-31,826.12775
Maldives,MDV,2021-09-30,885.3834
Maldives,MDV,2021-10-31,1001.40186
Maldives,MDV,2021-11-30,1061.041
Maldives,MDV,2021-12-31,1109.1743
Malta,MLT,2020-01-05,-54.7186
Malta,MLT,2020-01-12,-47.345165
Malta,MLT,2020-01-19,-41.135967
Malta,MLT,2020-01-26,-49.673626
Malta,MLT,2020-02-02,-76.83889
Malta,MLT,2020-02-09,-81.10771
Malta,MLT,2020-02-16,-110.213356
Malta,MLT,2020-02-23,-147.46857
Malta,MLT,2020-03-01,-181.61919
Malta,MLT,2020-03-08,-209.17252
Malta,MLT,2020-03-15,-185.49994
Malta,MLT,2020-03-22,-139.31898
Malta,MLT,2020-03-29,-123.01982
Malta,MLT,2020-04-05,-126.512505
Malta,MLT,2020-04-12,-112.15372
Malta,MLT,2020-04-19,-71.405815
Malta,MLT,2020-04-26,-88.48113
Malta,MLT,2020-05-03,-81.1077
Malta,MLT,2020-05-10,-77.61501
Malta,MLT,2020-05-17,-66.74891
Malta,MLT,2020-05-24,-92.36187
Malta,MLT,2020-05-31,-97.406845
Malta,MLT,2020-06-07,-93.138016
Malta,MLT,2020-06-14,-114.870224
Malta,MLT,2020-06-21,-112.54177
Malta,MLT,2020-06-28,-141.25934
Malta,MLT,2020-07-05,-128.45285
Malta,MLT,2020-07-12,-126.90055
Malta,MLT,2020-07-19,-113.70599
Malta,MLT,2020-07-26,-123.795944
Malta,MLT,2020-08-02,-119.91519
Malta,MLT,2020-08-09,-114.09406
Malta,MLT,2020-08-16,-81.107666
Malta,MLT,2020-08-23,-38.807472
Malta,MLT,2020-08-30,-23.284462
Malta,MLT,2020-09-06,-15.134888
Malta,MLT,2020-09-13,-18.239487
Malta,MLT,2020-09-20,-8.149529
Malta,MLT,2020-09-27,30.269917
Malta,MLT,2020-10-04,73.734344
Malta,MLT,2020-10-11,83.824295
Malta,MLT,2020-10-18,71.017815
Malta,MLT,2020-10-25,74.5105
Malta,MLT,2020-11-01,122.243744
Malta,MLT,2020-11-08,166.48433
Malta,MLT,2020-11-15,214.60565
Malta,MLT,2020-11-22,254.57741
Malta,MLT,2020-11-29,291.8326
Malta,MLT,2020-12-06,359.7458
Malta,MLT,2020-12-13,412.13593
Malta,MLT,2020-12-20,482.37753
Malta,MLT,2020-12-27,526.6181
Malta,MLT,2021-01-03,512.9559
Malta,MLT,2021-01-10,494.16144
Malta,MLT,2021-01-17,482.9607
Malta,MLT,2021-01-24,506.69107
Malta,MLT,2021-01-31,504.60278
Malta,MLT,2021-02-07,499.47705
Malta,MLT,2021-02-14,499.66687
Malta,MLT,2021-02-21,540.10345
Malta,MLT,2021-02-28,566.87134
Malta,MLT,2021-03-07,604.2704
Malta,MLT,2021-03-14,640.5304
Malta,MLT,2021-03-21,668.0576
Malta,MLT,2021-03-28,673.94275
Malta,MLT,2021-04-04,679.06854
Malta,MLT,2021-04-11,655.33813
Malta,MLT,2021-04-18,649.0733
Malta,MLT,2021-04-25,632.557
Malta,MLT,2021-05-02,616.42035
Malta,MLT,2021-05-09,610.91486
Malta,MLT,2021-05-16,620.59686
Malta,MLT,2021-05-23,635.5945
Malta,MLT,2021-05-30,654.7686
Malta,MLT,2021-06-06,618.1289
Malta,MLT,2021-06-13,607.6875
Malta,MLT,2021-06-20,604.0805
Malta,MLT,2021-06-27,593.63916
Malta,MLT,2021-07-04,647.7444
Malta,MLT,2021-07-11,651.35144
Malta,MLT,2021-07-18,674.32245
Malta,MLT,2021-07-25,680.2076
Malta,MLT,2021-08-01,667.1084
Malta,MLT,2021-08-08,718.93555
Malta,MLT,2021-08-15,770.7627
Malta,MLT,2021-08-22,788.4181
Malta,MLT,2021-08-29,815.186
Malta,MLT,2021-09-05,821.4508
Malta,MLT,2021-09-12,828.0953
Malta,MLT,2021-09-19,838.9163
Malta,MLT,2021-09-26,818.9828
Malta,MLT,2021-10-03,862.83655
Malta,MLT,2021-10-10,867.96234
Malta,MLT,2021-10-17,842.3335
Malta,MLT,2021-10-24,874.0373
Malta,MLT,2021-10-31,855.2428
Malta,MLT,2021-11-07,864.5451
Malta,MLT,2021-11-14,862.83655
Malta,MLT,2021-11-21,878.2138
Malta,MLT,2021-11-28,898.90674
Malta,MLT,2021-12-05,907.44965
Malta,MLT,2021-12-12,911.81604
Malta,MLT,2021-12-19,933.2683
Malta,MLT,2021-12-26,994.9673
Malta,MLT,2022-01-02,996.0754
Malta,MLT,2022-01-09,982.0118
Malta,MLT,2022-01-16,982.94934
Malta,MLT,2022-01-23,1014.6393
Malta,MLT,2022-01-30,1062.0803
Malta,MLT,2022-02-06,1095.2704
Malta,MLT,2022-02-13,1131.8356
Malta,MLT,2022-02-20,1155.6499
Malta,MLT,2022-02-27,1128.4603
Malta,MLT,2022-03-06,1154.8999
Malta,MLT,2022-03-13,1178.3391
Malta,MLT,2022-03-20,1183.7771
Malta,MLT,2022-03-27,1175.3389
Malta,MLT,2022-04-03,1184.9021
Malta,MLT,2022-04-10,1233.4683
Malta,MLT,2022-04-17,1237.4061
Malta,MLT,2022-04-24,1255.595
Malta,MLT,2022-05-01,1289.16
Malta,MLT,2022-05-08,1286.3473
Malta,MLT,2022-05-15,1283.5345
Malta,MLT,2022-05-22,1287.8474
Malta,MLT,2022-05-29,1262.533
Malta,MLT,2022-06-05,1242.094
Malta,MLT,2022-06-12,1266.2833
Malta,MLT,2022-06-19,1280.3468
Malta,MLT,2022-06-26,1287.6599
Malta,MLT,2022-07-03,1276.2216
Malta,MLT,2022-07-10,1314.287
Malta,MLT,2022-07-17,1328.3505
Malta,MLT,2022-07-24,1366.7909
Malta,MLT,2022-07-31,1360.2279
Malta,MLT,2022-08-07,1352.1648
Malta,MLT,2022-08-14,1366.6034
Malta,MLT,2022-08-21,1362.2905
Malta,MLT,2022-08-28,1344.4767
Malta,MLT,2022-09-04,1342.0391
Malta,MLT,2022-09-11,1351.2272
Malta,MLT,2022-09-18,1366.4159
Malta,MLT,2022-09-25,1354.9775
Malta,MLT,2022-10-02,1359.6653
Malta,MLT,2022-10-09,1378.6042
Malta,MLT,2022-10-16,1380.2919
Malta,MLT,2022-10-23,1401.106
Malta,MLT,2022-10-30,1409.5441
Malta,MLT,2022-11-06,1430.7333
Malta,MLT,2022-11-13,1448.5471
Malta,MLT,2022-11-20,1451.3597
Malta,MLT,2022-11-27,1466.9235
Malta,MLT,2022-12-04,1446.1094
Malta,MLT,2022-12-11,1454.9226
Malta,MLT,2022-12-18,1456.2351
Malta,MLT,2022-12-25,1495.4257
Malta,MLT,2023-01-01,1474.5624
Malta,MLT,2023-01-08,1462.9752
Malta,MLT,2023-01-15,1466.3392
Malta,MLT,2023-01-22,1419.9905
Malta,MLT,2023-01-29,1454.7521
Malta,MLT,2023-02-05,1443.5387
Malta,MLT,2023-02-12,1424.476
Malta,MLT,2023-02-19,1405.7869
Malta,MLT,2023-02-26,1392.3308
Malta,MLT,2023-03-05,1389.3406
Malta,MLT,2023-03-12,1392.7046
Malta,MLT,2023-03-19,1411.7673
Malta,MLT,2023-03-26,1377.7534
Malta,MLT,2023-04-02,1361.6809
Malta,MLT,2023-04-09,1358.3169
Malta,MLT,2023-04-16,1338.5065
Malta,MLT,2023-04-23,1334.7687
Malta,MLT,2023-04-30,1342.618
Malta,MLT,2023-05-07,1349.7198
Malta,MLT,2023-05-14,1358.6907
Malta,MLT,2023-05-21,1352.3363
Malta,MLT,2023-05-28,1327.6669
Malta,MLT,2023-06-04,1311.5944
Malta,MLT,2023-06-11,1325.0504
Malta,MLT,2023-06-18,1300.381
Malta,MLT,2023-06-25,1325.0504
Malta,MLT,2023-07-02,1310.473
Malta,MLT,2023-07-09,1324.6766
Malta,MLT,2023-07-16,1350.4674
Malta,MLT,2023-07-23,1398.685
Malta,MLT,2023-07-30,1512.3142
Malta,MLT,2023-08-06,1510.4453
Malta,MLT,2023-08-13,1508.5764
Malta,MLT,2023-08-20,1517.9209
Malta,MLT,2023-08-27,1530.6295
Malta,MLT,2023-09-03,1530.6295
Malta,MLT,2023-09-10,1527.2655
Malta,MLT,2023-09-17,1535.4886
Malta,MLT,2023-09-24,1533.9935
Malta,MLT,2023-10-01,1507.4551
Malta,MLT,2023-10-08,1502.596
Malta,MLT,2023-10-15,1525.3966
Malta,MLT,2023-10-22,1501.8484
Malta,MLT,2023-10-29,1508.9502
Malta,MLT,2023-11-05,1485.7759
Malta,MLT,2023-11-12,1494.7466
Malta,MLT,2023-11-19,1466.3394
Malta,MLT,2023-11-26,1450.6405
Malta,MLT,2023-12-03,1422.9808
Malta,MLT,2023-12-10,1409.8986
Malta,MLT,2023-12-17,1417.3741
Malta,MLT,2023-12-24,1427.0924
Malta,MLT,2023-12-31,1421.1119
Martinique,MTQ,2020-01-05,-42.926685
Martinique,MTQ,2020-01-12,-65.87491
Martinique,MTQ,2020-01-19,-72.62439
Martinique,MTQ,2020-01-26,-119.33079
Martinique,MTQ,2020-02-02,-108.26165
Martinique,MTQ,2020-02-09,-110.69147
Martinique,MTQ,2020-02-16,-147.6786
Martinique,MTQ,2020-02-23,-156.58792
Martinique,MTQ,2020-03-01,-209.23384
Martinique,MTQ,2020-03-08,-190.60529
Martinique,MTQ,2020-03-15,-214.09346
Martinique,MTQ,2020-03-22,-214.36343
Martinique,MTQ,2020-03-29,-218.95306
Martinique,MTQ,2020-04-05,-188.44542
Martinique,MTQ,2020-04-12,-167.11707
Martinique,MTQ,2020-04-19,-158.74771
Martinique,MTQ,2020-04-26,-187.63548
Martinique,MTQ,2020-05-03,-190.60524
Martinique,MTQ,2020-05-10,-148.21852
Martinique,MTQ,2020-05-17,-146.32867
Martinique,MTQ,2020-05-24,-174.13654
Martinique,MTQ,2020-05-31,-159.82762
Martinique,MTQ,2020-06-07,-215.17336
Martinique,MTQ,2020-06-14,-217.06319
Martinique,MTQ,2020-06-21,-178.45618
Martinique,MTQ,2020-06-28,-194.9249
Martinique,MTQ,2020-07-05,-216.7932
Martinique,MTQ,2020-07-12,-219.76297
Martinique,MTQ,2020-07-19,-232.99194
Martinique,MTQ,2020-07-26,-251.62051
Martinique,MTQ,2020-08-02,-268.08923
Martinique,MTQ,2020-08-09,-289.4176
Martinique,MTQ,2020-08-16,-279.42838
Martinique,MTQ,2020-08-23,-280.2383
Martinique,MTQ,2020-08-30,-270.24908
Martinique,MTQ,2020-09-06,-276.45862
Martinique,MTQ,2020-09-13,-203.83423
Martinique,MTQ,2020-09-20,-109.07156
Martinique,MTQ,2020-09-27,-57.505554
Martinique,MTQ,2020-10-04,-39.95691
Martinique,MTQ,2020-10-11,-11.06914
Martinique,MTQ,2020-10-18,-2.6997912
Martinique,MTQ,2020-10-25,7.2894387
Martinique,MTQ,2020-11-01,21.59833
Martinique,MTQ,2020-11-08,22.948227
Martinique,MTQ,2020-11-15,80.99374
Martinique,MTQ,2020-11-22,95.84259
Martinique,MTQ,2020-11-29,93.41277
Martinique,MTQ,2020-12-06,70.46455
Martinique,MTQ,2020-12-13,78.8339
Martinique,MTQ,2020-12-20,39.146973
Martinique,MTQ,2020-12-27,18.898539
Martinique,MTQ,2021-01-03,-25.759289
Martinique,MTQ,2021-01-10,-11.659476
Martinique,MTQ,2021-01-17,-26.301601
Martinique,MTQ,2021-01-24,-51.789745
Martinique,MTQ,2021-01-31,-76.73557
Martinique,MTQ,2021-02-07,-76.19328
Martinique,MTQ,2021-02-14,-119.03506
Martinique,MTQ,2021-02-21,-134.21947
Martinique,MTQ,2021-02-28,-164.58832
Martinique,MTQ,2021-03-07,-206.34547
Martinique,MTQ,2021-03-14,-198.21097
Martinique,MTQ,2021-03-21,-207.97238
Martinique,MTQ,2021-03-28,-232.37592
Martinique,MTQ,2021-04-04,-239.42583
Martinique,MTQ,2021-04-11,-227.4952
Martinique,MTQ,2021-04-18,-241.05272
Martinique,MTQ,2021-04-25,-226.95291
Martinique,MTQ,2021-05-02,-234.0028
Martinique,MTQ,2021-05-09,-212.31078
Martinique,MTQ,2021-05-16,-250.81413
Martinique,MTQ,2021-05-23,-259.49094
Martinique,MTQ,2021-05-30,-224.78368
Martinique,MTQ,2021-06-06,-193.87253
Martinique,MTQ,2021-06-13,-189.53412
Martinique,MTQ,2021-06-20,-188.44951
Martinique,MTQ,2021-06-27,-141.26933
Martinique,MTQ,2021-07-04,-157.53836
Martinique,MTQ,2021-07-11,-141.26933
Martinique,MTQ,2021-07-18,-133.13483
Martinique,MTQ,2021-07-25,-100.05448
Martinique,MTQ,2021-08-01,33.35151
Martinique,MTQ,2021-08-08,326.19394
Martinique,MTQ,2021-08-15,695.5008
Martinique,MTQ,2021-08-22,1090.8381
Martinique,MTQ,2021-08-29,1380.4268
Martinique,MTQ,2021-09-05,1694.419
Martinique,MTQ,2021-09-12,1908.0854
Martinique,MTQ,2021-09-19,2013.8341
Martinique,MTQ,2021-09-26,2125.548
Martinique,MTQ,2021-10-03,2188.455
Martinique,MTQ,2021-10-10,2230.7544
Martinique,MTQ,2021-10-17,2311.5574
Martinique,MTQ,2021-10-24,2344.6377
Martinique,MTQ,2021-10-31,2384.7678
Martinique,MTQ,2021-11-07,2393.987
Martinique,MTQ,2021-11-14,2414.5945
Martinique,MTQ,2021-11-21,2413.5098
Martinique,MTQ,2021-11-28,2480.213
Martinique,MTQ,2021-12-05,2505.1587
Martinique,MTQ,2021-12-12,2536.612
Martinique,MTQ,2021-12-19,2526.3083
Martinique,MTQ,2021-12-26,2570.777
Martinique,MTQ,2022-01-02,2548.7603
Martinique,MTQ,2022-01-09,2584.9497
Martinique,MTQ,2022-01-16,2641.2742
Martinique,MTQ,2022-01-23,2694.878
Martinique,MTQ,2022-01-30,2732.7
Martinique,MTQ,2022-02-06,2812.425
Martinique,MTQ,2022-02-13,2864.9404
Martinique,MTQ,2022-02-20,2890.79
Martinique,MTQ,2022-02-27,2920.449
Martinique,MTQ,2022-03-06,2965.8896
Martinique,MTQ,2022-03-13,2987.9297
Martinique,MTQ,2022-03-20,3005.6162
Martinique,MTQ,2022-03-27,3011.3303
Martinique,MTQ,2022-04-03,3009.9697
Martinique,MTQ,2022-04-10,3016.7722
Martinique,MTQ,2022-04-17,2987.1133
Martinique,MTQ,2022-04-24,2996.0925
Martinique,MTQ,2022-05-01,2986.569
Martinique,MTQ,2022-05-08,2975.9573
Martinique,MTQ,2022-05-15,3024.663
Martinique,MTQ,2022-05-22,3065.206
Martinique,MTQ,2022-05-29,3119.354
Martinique,MTQ,2022-06-05,3191.4604
Martinique,MTQ,2022-06-12,3253.227
Martinique,MTQ,2022-06-19,3322.6125
Martinique,MTQ,2022-06-26,3405.603
Martinique,MTQ,2022-07-03,3482.0632
Martinique,MTQ,2022-07-10,3528.5923
Martinique,MTQ,2022-07-17,3542.4692
Martinique,MTQ,2022-07-24,3483.4236
Martinique,MTQ,2022-07-31,3484.24
Martinique,MTQ,2022-08-07,3506.28
Martinique,MTQ,2022-08-14,3566.9583
Martinique,MTQ,2022-08-21,3542.1973
Martinique,MTQ,2022-08-28,3525.599
Martinique,MTQ,2022-09-04,3566.142
Martinique,MTQ,2022-09-11,3576.754
Martinique,MTQ,2022-09-18,3620.562
Martinique,MTQ,2022-09-25,3648.5884
Martinique,MTQ,2022-10-02,3654.8467
Martinique,MTQ,2022-10-09,3618.6575
Martinique,MTQ,2022-10-16,3623.8274
Martinique,MTQ,2022-10-23,3651.8535
Martinique,MTQ,2022-10-30,3657.0234
Martinique,MTQ,2022-11-06,3685.594
Martinique,MTQ,2022-11-13,3739.1978
Martinique,MTQ,2022-11-20,3711.1714
Martinique,MTQ,2022-11-27,3743.007
Martinique,MTQ,2022-12-04,3713.8923
Martinique,MTQ,2022-12-11,3710.355
Martinique,MTQ,2022-12-18,3724.7764
Martinique,MTQ,2022-12-25,3709.8108
Martinique,MTQ,2023-01-01,3717.0862
Martinique,MTQ,2023-01-08,3729.076
Martinique,MTQ,2023-01-15,3679.4822
Martinique,MTQ,2023-01-22,3668.0374
Martinique,MTQ,2023-01-29,3673.4873
Martinique,MTQ,2023-02-05,3622.8035
Martinique,MTQ,2023-02-12,3566.6697
Martinique,MTQ,2023-02-19,3538.3303
Martinique,MTQ,2023-02-26,3481.1067
Martinique,MTQ,2023-03-05,3466.937
Martinique,MTQ,2023-03-12,3456.5823
Martinique,MTQ,2023-03-19,3444.5925
Martinique,MTQ,2023-03-26,3404.2634
Martinique,MTQ,2023-04-02,3367.7493
Martinique,MTQ,2023-04-09,3377.559
Martinique,MTQ,2023-04-16,3372.6543
Martinique,MTQ,2023-04-23,3395.5437
Martinique,MTQ,2023-04-30,3405.3535
Martinique,MTQ,2023-05-07,3373.1992
Martinique,MTQ,2023-05-14,3414.0732
Martinique,MTQ,2023-05-21,3430.4229
Martinique,MTQ,2023-05-28,3389.5488
Martinique,MTQ,2023-06-04,3418.433
Martinique,MTQ,2023-06-11,3415.163
Martinique,MTQ,2023-06-18,3438.5977
Martinique,MTQ,2023-06-25,3432.0579
Martinique,MTQ,2023-07-02,3421.7031
Martinique,MTQ,2023-07-09,3375.924
Martinique,MTQ,2023-07-16,3360.1194
Martinique,MTQ,2023-07-23,3347.5847
Martinique,MTQ,2023-07-30,3370.474
Martinique,MTQ,2023-08-06,3390.0938
Martinique,MTQ,2023-08-13,3467.482
Martinique,MTQ,2023-08-20,3467.482
Martinique,MTQ,2023-08-27,3554.68
Martinique,MTQ,2023-09-03,3633.7031
Martinique,MTQ,2023-09-10,3652.7776
Martinique,MTQ,2023-09-17,3696.9216
Martinique,MTQ,2023-09-24,3719.811
Martinique,MTQ,2023-10-01,3764.5
Martinique,MTQ,2023-10-08,3750.3303
Martinique,MTQ,2023-10-15,3758.5051
Martinique,MTQ,2023-10-22,3726.896
Martinique,MTQ,2023-10-29,3743.2456
Martinique,MTQ,2023-11-05,3780.3047
Martinique,MTQ,2023-11-12,3763.4102
Martinique,MTQ,2023-11-19,3732.8909
Martinique,MTQ,2023-11-26,3735.0708
Martinique,MTQ,2023-12-03,3681.662
Martinique,MTQ,2023-12-10,3656.5925
Martinique,MTQ,2023-12-17,3630.433
Martinique,MTQ,2023-12-24,3615.7185
Martinique,MTQ,2023-12-31,3552.5
Mauritius,MUS,2020-01-31,-18.569439
Mauritius,MUS,2020-02-29,-40.06688
Mauritius,MUS,2020-03-31,-74.97129
Mauritius,MUS,2020-04-30,-106.02311
Mauritius,MUS,2020-05-31,-135.07161
Mauritius,MUS,2020-06-30,-125.59426
Mauritius,MUS,2020-07-31,-180.22394
Mauritius,MUS,2020-08-31,-192.47517
Mauritius,MUS,2020-09-30,-259.7413
Mauritius,MUS,2020-10-31,-272.60892
Mauritius,MUS,2020-11-30,-272.37778
Mauritius,MUS,2020-12-31,-296.49496
Mauritius,MUS,2021-01-31,-344.74744
Mauritius,MUS,2021-02-28,-382.31705
Mauritius,MUS,2021-03-31,-421.73438
Mauritius,MUS,2021-04-30,-464.23117
Mauritius,MUS,2021-05-31,-519.35376
Mauritius,MUS,2021-06-30,-499.79907
Mauritius,MUS,2021-07-31,-572.0128
Mauritius,MUS,2021-08-31,-471.00604
Mauritius,MUS,2021-09-30,-331.81372
Mauritius,MUS,2021-10-31,-145.1974
Mauritius,MUS,2021-11-30,496.4116
Mauritius,MUS,2021-12-31,845.00836
Mauritius,MUS,2022-01-31,911.6737
Mauritius,MUS,2022-02-28,1019.6401
Mauritius,MUS,2022-03-31,1230.4171
Mauritius,MUS,2022-04-30,1254.9655
Mauritius,MUS,2022-05-31,1269.9714
Mauritius,MUS,2022-06-30,1319.6067
Mauritius,MUS,2022-07-31,1409.8738
Mauritius,MUS,2022-08-31,1506.2971
Mauritius,MUS,2022-09-30,1468.5128
Mauritius,MUS,2022-10-31,1465.0498
Mauritius,MUS,2022-11-30,1475.4386
Mauritius,MUS,2022-12-31,1459.971
Mauritius,MUS,2023-01-31,1403.623
Mauritius,MUS,2023-02-28,1380.9406
Mauritius,MUS,2023-03-31,1281.0607
Mauritius,MUS,2023-04-30,1227.3147
Mauritius,MUS,2023-05-31,1255.5332
Mauritius,MUS,2023-06-30,1199.9419
Mauritius,MUS,2023-07-31,1076.5338
Mauritius,MUS,2023-08-31,989.264
Mauritius,MUS,2023-09-30,884.00183
Mauritius,MUS,2023-10-31,868.3932
Mauritius,MUS,2023-11-30,875.8515
Mauritius,MUS,2023-12-31,962.8138
Mayotte,MYT,2020-01-05,-2.6178787
Mayotte,MYT,2020-01-12,1.3089378
Mayotte,MYT,2020-01-19,5.2357545
Mayotte,MYT,2020-01-26,-10.471512
Mayotte,MYT,2020-02-02,-28.142189
Mayotte,MYT,2020-02-09,11.780453
Mayotte,MYT,2020-02-16,2.6178818
Mayotte,MYT,2020-02-23,32.72348
Mayotte,MYT,2020-03-01,55.629913
Mayotte,MYT,2020-03-08,49.73969
Mayotte,MYT,2020-03-15,62.829082
Mayotte,MYT,2020-03-22,90.971275
Mayotte,MYT,2020-03-29,98.17044
Mayotte,MYT,2020-04-05,150.528
Mayotte,MYT,2020-04-12,173.43443
Mayotte,MYT,2020-04-19,235.60904
Mayotte,MYT,2020-04-26,223.17412
Mayotte,MYT,2020-05-03,251.97078
Mayotte,MYT,2020-05-10,257.861
Mayotte,MYT,2020-05-17,301.71045
Mayotte,MYT,2020-05-24,316.76324
Mayotte,MYT,2020-05-31,348.83228
Mayotte,MYT,2020-06-07,339.66968
Mayotte,MYT,2020-06-14,360.61273
Mayotte,MYT,2020-06-21,345.5599
Mayotte,MYT,2020-06-28,342.28757
Mayotte,MYT,2020-07-05,351.45013
Mayotte,MYT,2020-07-12,368.46634
Mayotte,MYT,2020-07-19,357.99484
Mayotte,MYT,2020-07-26,361.92166
Mayotte,MYT,2020-08-02,373.70212
Mayotte,MYT,2020-08-09,378.2834
Mayotte,MYT,2020-08-16,390.71832
Mayotte,MYT,2020-08-23,407.08005
Mayotte,MYT,2020-08-30,407.08005
Mayotte,MYT,2020-09-06,395.2996
Mayotte,MYT,2020-09-13,384.1736
Mayotte,MYT,2020-09-20,396.60855
Mayotte,MYT,2020-09-27,433.25882
Mayotte,MYT,2020-10-04,420.16943
Mayotte,MYT,2020-10-11,415.58817
Mayotte,MYT,2020-10-18,413.62476
Mayotte,MYT,2020-10-25,392.68173
Mayotte,MYT,2020-11-01,379.59235
Mayotte,MYT,2020-11-08,392.02725
Mayotte,MYT,2020-11-15,394.64514
Mayotte,MYT,2020-11-22,410.3524
Mayotte,MYT,2020-11-29,399.2264
Mayotte,MYT,2020-12-06,422.78732
Mayotte,MYT,2020-12-13,439.14908
Mayotte,MYT,2020-12-20,439.80353
Mayotte,MYT,2020-12-27,465.98233
Mayotte,MYT,2021-01-03,450.60156
Mayotte,MYT,2021-01-10,487.30786
Mayotte,MYT,2021-01-17,495.53513
Mayotte,MYT,2021-01-24,510.0911
Mayotte,MYT,2021-01-31,521.48267
Mayotte,MYT,2021-02-07,540.4687
Mayotte,MYT,2021-02-14,643.6261
Mayotte,MYT,2021-02-21,740.4548
Mayotte,MYT,2021-02-28,840.4478
Mayotte,MYT,2021-03-07,911.329
Mayotte,MYT,2021-03-14,960.6926
Mayotte,MYT,2021-03-21,974.6157
Mayotte,MYT,2021-03-28,990.4374
Mayotte,MYT,2021-04-04,1001.829
Mayotte,MYT,2021-04-11,1006.2591
Mayotte,MYT,2021-04-18,1010.68915
Mayotte,MYT,2021-04-25,1021.4479
Mayotte,MYT,2021-05-02,1017.0178
Mayotte,MYT,2021-05-09,986.0073
Mayotte,MYT,2021-05-16,1018.28357
Mayotte,MYT,2021-05-23,1023.9794
Mayotte,MYT,2021-05-30,1027.1437
Mayotte,MYT,2021-06-06,1056.2556
Mayotte,MYT,2021-06-13,1039.1682
Mayotte,MYT,2021-06-20,1029.0424
Mayotte,MYT,2021-06-27,1025.2451
Mayotte,MYT,2021-07-04,1029.6752
Mayotte,MYT,2021-07-11,1039.801
Mayotte,MYT,2021-07-18,1041.6997
Mayotte,MYT,2021-07-25,1045.4968
Mayotte,MYT,2021-08-01,1041.0668
Mayotte,MYT,2021-08-08,1018.91644
Mayotte,MYT,2021-08-15,1030.9409
Mayotte,MYT,2021-08-22,1047.3955
Mayotte,MYT,2021-08-29,1067.6472
Mayotte,MYT,2021-09-05,1062.5842
Mayotte,MYT,2021-09-12,1065.1157
Mayotte,MYT,2021-09-19,1093.5947
Mayotte,MYT,2021-09-26,1122.7067
Mayotte,MYT,2021-10-03,1156.2487
Mayotte,MYT,2021-10-10,1154.35
Mayotte,MYT,2021-10-17,1185.9934
Mayotte,MYT,2021-10-24,1185.3605
Mayotte,MYT,2021-10-31,1182.1962
Mayotte,MYT,2021-11-07,1180.2976
Mayotte,MYT,2021-11-14,1199.9165
Mayotte,MYT,2021-11-21,1210.0424
Mayotte,MYT,2021-11-28,1204.3466
Mayotte,MYT,2021-12-05,1204.3466
Mayotte,MYT,2021-12-12,1215.7382
Mayotte,MYT,2021-12-19,1235.9899
Mayotte,MYT,2021-12-26,1294.8466
Mayotte,MYT,2022-01-02,1298.9363
Mayotte,MYT,2022-01-09,1335.7333
Mayotte,MYT,2022-01-16,1372.5304
Mayotte,MYT,2022-01-23,1418.5267
Mayotte,MYT,2022-01-30,1427.726
Mayotte,MYT,2022-02-06,1425.8861
Mayotte,MYT,2022-02-13,1413.6205
Mayotte,MYT,2022-02-20,1392.1555
Mayotte,MYT,2022-02-27,1398.2883
Mayotte,MYT,2022-03-06,1406.8743
Mayotte,MYT,2022-03-13,1422.2064
Mayotte,MYT,2022-03-20,1415.4603
Mayotte,MYT,2022-03-27,1425.8861
Mayotte,MYT,2022-04-03,1422.8197
Mayotte,MYT,2022-04-10,1425.2728
Mayotte,MYT,2022-04-17,1421.5931
Mayotte,MYT,2022-04-24,1427.1127
Mayotte,MYT,2022-05-01,1424.0463
Mayotte,MYT,2022-05-08,1419.7533
Mayotte,MYT,2022-05-15,1409.3274
Mayotte,MYT,2022-05-22,1428.3392
Mayotte,MYT,2022-05-29,1420.3666
Mayotte,MYT,2022-06-05,1431.4056
Mayotte,MYT,2022-06-12,1416.0736
Mayotte,MYT,2022-06-19,1422.8197
Mayotte,MYT,2022-06-26,1444.898
Mayotte,MYT,2022-07-03,1444.2847
Mayotte,MYT,2022-07-10,1439.9917
Mayotte,MYT,2022-07-17,1452.2573
Mayotte,MYT,2022-07-24,1441.8315
Mayotte,MYT,2022-07-31,1423.433
Mayotte,MYT,2022-08-07,1409.3275
Mayotte,MYT,2022-08-14,1409.9408
Mayotte,MYT,2022-08-21,1417.9135
Mayotte,MYT,2022-08-28,1423.433
Mayotte,MYT,2022-09-04,1441.2183
Mayotte,MYT,2022-09-11,1438.7651
Mayotte,MYT,2022-09-18,1479.8551
Mayotte,MYT,2022-09-25,1515.4257
Mayotte,MYT,2022-10-02,1521.5585
Mayotte,MYT,2022-10-09,1511.746
Mayotte,MYT,2022-10-16,1543.6367
Mayotte,MYT,2022-10-23,1544.25
Mayotte,MYT,2022-10-30,1520.9452
Mayotte,MYT,2022-11-06,1504.9998
Mayotte,MYT,2022-11-13,1516.039
Mayotte,MYT,2022-11-20,1542.4102
Mayotte,MYT,2022-11-27,1535.0508
Mayotte,MYT,2022-12-04,1524.0116
Mayotte,MYT,2022-12-11,1536.2773
Mayotte,MYT,2022-12-18,1557.129
Mayotte,MYT,2022-12-25,1557.129
Mayotte,MYT,2023-01-01,1519.5886
Mayotte,MYT,2023-01-08,1514.8269
Mayotte,MYT,2023-01-15,1516.0173
Mayotte,MYT,2023-01-22,1526.136
Mayotte,MYT,2023-01-29,1506.4938
Mayotte,MYT,2023-02-05,1508.8746
Mayotte,MYT,2023-02-12,1521.9695
Mayotte,MYT,2023-02-19,1514.2317
Mayotte,MYT,2023-02-26,1509.4698
Mayotte,MYT,2023-03-05,1489.2325
Mayotte,MYT,2023-03-12,1496.3751
Mayotte,MYT,2023-03-19,1505.8986
Mayotte,MYT,2023-03-26,1502.3273
Mayotte,MYT,2023-04-02,1509.4698
Mayotte,MYT,2023-04-09,1513.0413
Mayotte,MYT,2023-04-16,1498.756
Mayotte,MYT,2023-04-23,1526.136
Mayotte,MYT,2023-04-30,1512.446
Mayotte,MYT,2023-05-07,1503.5177
Mayotte,MYT,2023-05-14,1488.6373
Mayotte,MYT,2023-05-21,1484.4708
Mayotte,MYT,2023-05-28,1492.8038
Mayotte,MYT,2023-06-04,1507.6842
Mayotte,MYT,2023-06-11,1511.8507
Mayotte,MYT,2023-06-18,1495.7799
Mayotte,MYT,2023-06-25,1491.6134
Mayotte,MYT,2023-07-02,1483.2804
Mayotte,MYT,2023-07-09,1477.3282
Mayotte,MYT,2023-07-16,1487.4469
Mayotte,MYT,2023-07-23,1481.4948
Mayotte,MYT,2023-07-30,1461.8525
Mayotte,MYT,2023-08-06,1440.4248
Mayotte,MYT,2023-08-13,1436.2582
Mayotte,MYT,2023-08-20,1430.306
Mayotte,MYT,2023-08-27,1433.8773
Mayotte,MYT,2023-09-03,1440.4248
Mayotte,MYT,2023-09-10,1448.1626
Mayotte,MYT,2023-09-17,1465.4238
Mayotte,MYT,2023-09-24,1474.352
Mayotte,MYT,2023-10-01,1487.4469
Mayotte,MYT,2023-10-08,1467.2095
Mayotte,MYT,2023-10-15,1484.4708
Mayotte,MYT,2023-10-22,1480.3043
Mayotte,MYT,2023-10-29,1470.7808
Mayotte,MYT,2023-11-05,1438.639
Mayotte,MYT,2023-11-12,1456.4956
Mayotte,MYT,2023-11-19,1459.4717
Mayotte,MYT,2023-11-26,1453.5195
Mayotte,MYT,2023-12-03,1473.7568
Mayotte,MYT,2023-12-10,1504.7081
Mayotte,MYT,2023-12-17,1535.0642
Mayotte,MYT,2023-12-24,1577.9198
Mayotte,MYT,2023-12-31,1602.3237
Mexico,MEX,2020-01-05,1.5158935
Mexico,MEX,2020-01-12,5.0826116
Mexico,MEX,2020-01-19,5.758805
Mexico,MEX,2020-01-26,3.7492523
Mexico,MEX,2020-02-02,-0.88255316
Mexico,MEX,2020-02-09,-1.6190695
Mexico,MEX,2020-02-16,-6.7334275
Mexico,MEX,2020-02-23,-12.898589
Mexico,MEX,2020-03-01,-21.027271
Mexico,MEX,2020-03-08,-26.267027
Mexico,MEX,2020-03-15,-30.721056
Mexico,MEX,2020-03-22,-40.29579
Mexico,MEX,2020-03-29,-43.22758
Mexico,MEX,2020-04-05,-48.42924
Mexico,MEX,2020-04-12,-46.729218
Mexico,MEX,2020-04-19,-35.981453
Mexico,MEX,2020-04-26,-9.9588785
Mexico,MEX,2020-05-03,30.479765
Mexico,MEX,2020-05-10,85.62337
Mexico,MEX,2020-05-17,153.70047
Mexico,MEX,2020-05-24,227.56815
Mexico,MEX,2020-05-31,304.13425
Mexico,MEX,2020-06-07,389.44336
Mexico,MEX,2020-06-14,481.06363
Mexico,MEX,2020-06-21,573.54266
Mexico,MEX,2020-06-28,665.5042
Mexico,MEX,2020-07-05,764.3246
Mexico,MEX,2020-07-12,871.2467
Mexico,MEX,2020-07-19,977.1053
Mexico,MEX,2020-07-26,1076.5018
Mexico,MEX,2020-08-02,1166.9427
Mexico,MEX,2020-08-09,1250.0836
Mexico,MEX,2020-08-16,1323.7052
Mexico,MEX,2020-08-23,1391.0918
Mexico,MEX,2020-08-30,1451.8751
Mexico,MEX,2020-09-06,1506.4998
Mexico,MEX,2020-09-13,1553.5242
Mexico,MEX,2020-09-20,1594.366
Mexico,MEX,2020-09-27,1638.0554
Mexico,MEX,2020-10-04,1675.948
Mexico,MEX,2020-10-11,1716.9677
Mexico,MEX,2020-10-18,1757.7809
Mexico,MEX,2020-10-25,1804.4832
Mexico,MEX,2020-11-01,1854.7283
Mexico,MEX,2020-11-08,1914.1497
Mexico,MEX,2020-11-15,1973.9362
Mexico,MEX,2020-11-22,2034.0433
Mexico,MEX,2020-11-29,2097.3743
Mexico,MEX,2020-12-06,2167.769
Mexico,MEX,2020-12-13,2247.1226
Mexico,MEX,2020-12-20,2335.7236
Mexico,MEX,2020-12-27,2442.1711
Mexico,MEX,2021-01-03,2559.4985
Mexico,MEX,2021-01-10,2715.3752
Mexico,MEX,2021-01-17,2929.4614
Mexico,MEX,2021-01-24,3154.374
Mexico,MEX,2021-01-31,3317.8813
Mexico,MEX,2021-02-07,3443.8098
Mexico,MEX,2021-02-14,3529.6516
Mexico,MEX,2021-02-21,3605.4734
Mexico,MEX,2021-02-28,3673.1155
Mexico,MEX,2021-03-07,3714.9465
Mexico,MEX,2021-03-14,3753.6443
Mexico,MEX,2021-03-21,3784.56
Mexico,MEX,2021-03-28,3810.147
Mexico,MEX,2021-04-04,3831.5906
Mexico,MEX,2021-04-11,3855.4727
Mexico,MEX,2021-04-18,3879.115
Mexico,MEX,2021-04-25,3896.0803
Mexico,MEX,2021-05-02,3907.9678
Mexico,MEX,2021-05-09,3917.4907
Mexico,MEX,2021-05-16,3924.5496
Mexico,MEX,2021-05-23,3927.5725
Mexico,MEX,2021-05-30,3929.7317
Mexico,MEX,2021-06-06,3932.0332
Mexico,MEX,2021-06-13,3936.3833
Mexico,MEX,2021-06-20,3943.7107
Mexico,MEX,2021-06-27,3949.8557
Mexico,MEX,2021-07-04,3959.8188
Mexico,MEX,2021-07-11,3975.9714
Mexico,MEX,2021-07-18,4000.938
Mexico,MEX,2021-07-25,4040.8528
Mexico,MEX,2021-08-01,4100.189
Mexico,MEX,2021-08-08,4182.694
Mexico,MEX,2021-08-15,4284.505
Mexico,MEX,2021-08-22,4399.0435
Mexico,MEX,2021-08-29,4508.344
Mexico,MEX,2021-09-05,4615.278
Mexico,MEX,2021-09-12,4705.945
Mexico,MEX,2021-09-19,4785.0923
Mexico,MEX,2021-09-26,4847.8477
Mexico,MEX,2021-10-03,4901.0596
Mexico,MEX,2021-10-10,4942.6426
Mexico,MEX,2021-10-17,4974.597
Mexico,MEX,2021-10-24,4996.6704
Mexico,MEX,2021-10-31,5013.937
Mexico,MEX,2021-11-07,5029.7944
Mexico,MEX,2021-11-14,5044.9824
Mexico,MEX,2021-11-21,5060.218
Mexico,MEX,2021-11-28,5067.217
Mexico,MEX,2021-12-05,5077.406
Mexico,MEX,2021-12-12,5085.3535
Mexico,MEX,2021-12-19,5090.5137
Mexico,MEX,2021-12-26,5099.9053
Mexico,MEX,2022-01-02,5075.1597
Mexico,MEX,2022-01-09,5081.856
Mexico,MEX,2022-01-16,5105.6216
Mexico,MEX,2022-01-23,5164.3257
Mexico,MEX,2022-01-30,5294.154
Mexico,MEX,2022-02-06,5382.96
Mexico,MEX,2022-02-13,5437.7505
Mexico,MEX,2022-02-20,5473.4546
Mexico,MEX,2022-02-27,5488.3325
Mexico,MEX,2022-03-06,5491.184
Mexico,MEX,2022-03-13,5492.279
Mexico,MEX,2022-03-20,5487.5073
Mexico,MEX,2022-03-27,5477.9185
Mexico,MEX,2022-04-03,5473.71
Mexico,MEX,2022-04-10,5463.996
Mexico,MEX,2022-04-17,5457.7373
Mexico,MEX,2022-04-24,5450.9062
Mexico,MEX,2022-05-01,5437.696
Mexico,MEX,2022-05-08,5433.366
Mexico,MEX,2022-05-15,5430.526
Mexico,MEX,2022-05-22,5426.694
Mexico,MEX,2022-05-29,5416.341
Mexico,MEX,2022-06-05,5408.4824
Mexico,MEX,2022-06-12,5406.04
Mexico,MEX,2022-06-19,5402.674
Mexico,MEX,2022-06-26,5397.545
Mexico,MEX,2022-07-03,5399.2607
Mexico,MEX,2022-07-10,5401.3706
Mexico,MEX,2022-07-17,5411.3765
Mexico,MEX,2022-07-24,5423.139
Mexico,MEX,2022-07-31,5430.971
Mexico,MEX,2022-08-07,5439.043
Mexico,MEX,2022-08-14,5444.332
Mexico,MEX,2022-08-21,5445.391
Mexico,MEX,2022-08-28,5444.006
Mexico,MEX,2022-09-04,5441.7114
Mexico,MEX,2022-09-11,5438.483
Mexico,MEX,2022-09-18,5434.419
Mexico,MEX,2022-09-25,5430.786
Mexico,MEX,2022-10-02,5427.285
Mexico,MEX,2022-10-09,5422.918
Mexico,MEX,2022-10-16,5420.0176
Mexico,MEX,2022-10-23,5412.4194
Mexico,MEX,2022-10-30,5407.6763
Mexico,MEX,2022-11-06,5402.301
Mexico,MEX,2022-11-13,5397.5854
Mexico,MEX,2022-11-20,5393.1216
Mexico,MEX,2022-11-27,5393.1777
Mexico,MEX,2022-12-04,5395.942
Mexico,MEX,2022-12-11,5398.086
Mexico,MEX,2022-12-18,5398.519
Mexico,MEX,2022-12-25,5406.9375
Mexico,MEX,2023-01-01,5379.2207
Mexico,MEX,2023-01-08,5381.885
Mexico,MEX,2023-01-15,5375.0933
Mexico,MEX,2023-01-22,5368.471
Mexico,MEX,2023-01-29,5358.141
Mexico,MEX,2023-02-05,5345.0127
Mexico,MEX,2023-02-12,5333.0273
Mexico,MEX,2023-02-19,5322.2046
Mexico,MEX,2023-02-26,5309.0903
Mexico,MEX,2023-03-05,5296.0586
Mexico,MEX,2023-03-12,5283.2915
Mexico,MEX,2023-03-19,5268.2827
Mexico,MEX,2023-03-26,5259.017
Mexico,MEX,2023-04-02,5250.1953
Mexico,MEX,2023-04-09,5241.576
Mexico,MEX,2023-04-16,5233.0005
Mexico,MEX,2023-04-23,5236.997
Mexico,MEX,2023-04-30,5226.8535
Mexico,MEX,2023-05-07,5222.5596
Mexico,MEX,2023-05-14,5217.54
Mexico,MEX,2023-05-21,5210.2983
Mexico,MEX,2023-05-28,5201.5903
Mexico,MEX,2023-06-04,5196.9536
Mexico,MEX,2023-06-11,5191.987
Mexico,MEX,2023-06-18,5206.515
Mexico,MEX,2023-06-25,5223.4424
Mexico,MEX,2023-07-02,5217.644
Mexico,MEX,2023-07-09,5209.8936
Mexico,MEX,2023-07-16,5204.796
Mexico,MEX,2023-07-23,5200.4927
Mexico,MEX,2023-07-30,5189.5474
Mexico,MEX,2023-08-06,5193.32
Mexico,MEX,2023-08-13,5190.391
Mexico,MEX,2023-08-20,5181.4805
Mexico,MEX,2023-08-27,5171.5303
Mexico,MEX,2023-09-03,5165.2617
Mexico,MEX,2023-09-10,5157.421
Mexico,MEX,2023-09-17,5150.424
Mexico,MEX,2023-09-24,5145.3887
Mexico,MEX,2023-10-01,5164.9287
Mexico,MEX,2023-10-08,5151.567
Mexico,MEX,2023-10-15,5137.279
Mexico,MEX,2023-10-22,5124.1895
Mexico,MEX,2023-10-29,5113.591
Mexico,MEX,2023-11-05,5103.105
Mexico,MEX,2023-11-12,5095.353
Mexico,MEX,2023-11-19,5083.8096
Mexico,MEX,2023-11-26,5071.0083
Mexico,MEX,2023-12-03,5067.2856
Mexico,MEX,2023-12-10,5058.207
Mexico,MEX,2023-12-17,5050.4736
Moldova,MDA,2020-01-31,-102.59825
Moldova,MDA,2020-02-29,-113.39296
Moldova,MDA,2020-03-31,-272.65527
Moldova,MDA,2020-04-30,-478.338
Moldova,MDA,2020-05-31,-199.06981
Moldova,MDA,2020-06-30,-14.522612
Moldova,MDA,2020-07-31,239.91454
Moldova,MDA,2020-08-31,315.08838
Moldova,MDA,2020-09-30,585.3448
Moldova,MDA,2020-10-31,866.6228
Moldova,MDA,2020-11-30,1083.003
Moldova,MDA,2020-12-31,1666.727
Moldova,MDA,2021-01-31,1809.0751
Moldova,MDA,2021-02-28,2012.2755
Moldova,MDA,2021-03-31,2590.781
Moldova,MDA,2021-04-30,3080.0496
Moldova,MDA,2021-05-31,3220.1438
Moldova,MDA,2021-06-30,3323.5896
Moldova,MDA,2021-07-31,3466.7544
Moldova,MDA,2021-08-31,3494.943
Moldova,MDA,2021-09-30,3822.592
Moldova,MDA,2021-10-31,4431.8013
Moldova,MDA,2021-11-30,4989.337
Moldova,MDA,2021-12-31,5128.8433
Moldova,MDA,2022-01-31,4869.9463
Moldova,MDA,2022-02-28,5108.1074
Moldova,MDA,2022-03-31,5183.115
Moldova,MDA,2022-04-30,5228.12
Moldova,MDA,2022-05-31,5192.159
Moldova,MDA,2022-06-30,5161.0254
Moldova,MDA,2022-07-31,5236.7056
Moldova,MDA,2022-08-31,5332.856
Moldova,MDA,2022-09-30,5347.3687
Moldova,MDA,2022-10-31,5366.1587
Moldova,MDA,2022-11-30,5338.7524
Moldova,MDA,2022-12-31,5433.009
Moldova,MDA,2023-01-31,5142.967
Moldova,MDA,2023-02-28,5123.729
Moldova,MDA,2023-03-31,5179.2886
Moldova,MDA,2023-04-30,5175.418
Moldova,MDA,2023-05-31,5210.547
Moldova,MDA,2023-06-30,5205.7446
Moldova,MDA,2023-07-31,5194.132
Moldova,MDA,2023-08-31,5248.004
Moldova,MDA,2023-09-30,5303.8545
Moldova,MDA,2023-10-31,5281.415
Moldova,MDA,2023-11-30,5263.283
Monaco,MCO,2020-01-31,-110.98174
Monaco,MCO,2020-02-29,-308.58344
Monaco,MCO,2020-03-31,18.94813
Monaco,MCO,2020-04-30,184.06732
Monaco,MCO,2020-05-31,203.01546
Monaco,MCO,2020-06-30,313.9972
Monaco,MCO,2020-07-31,257.15292
Monaco,MCO,2020-08-31,470.9959
Monaco,MCO,2020-09-30,652.3564
Monaco,MCO,2020-10-31,860.78564
Monaco,MCO,2020-11-30,684.83887
Monaco,MCO,2020-12-31,1044.8529
Monaco,MCO,2021-01-31,1536.2406
Monaco,MCO,2021-02-28,2315.256
Monaco,MCO,2021-03-31,2996.2139
Monaco,MCO,2021-04-30,3023.4521
Monaco,MCO,2021-05-31,3639.0378
Monaco,MCO,2021-06-30,3421.1313
Monaco,MCO,2021-07-31,3470.1604
Monaco,MCO,2021-08-31,3764.334
Monaco,MCO,2021-09-30,3998.5835
Monaco,MCO,2021-10-31,4232.833
Monaco,MCO,2021-11-30,3889.6304
Monaco,MCO,2021-12-31,4385.3677
Monaco,MCO,2022-01-31,4540.8457
Monaco,MCO,2022-02-28,4335.3154
Monaco,MCO,2022-03-31,4606.615
Monaco,MCO,2022-04-30,4905.3193
Monaco,MCO,2022-05-31,5083.4453
Monaco,MCO,2022-06-30,5245.129
Monaco,MCO,2022-07-31,5346.524
Monaco,MCO,2022-08-31,5502.7266
Monaco,MCO,2022-09-30,5790.4688
Monaco,MCO,2022-10-31,5968.595
Monaco,MCO,2022-11-30,5702.776
Monaco,MCO,2022-12-31,5897.3447
Mongolia,MNG,2020-01-31,-36.092213
Mongolia,MNG,2020-02-29,-58.28178
Mongolia,MNG,2020-03-31,-123.87913
Mongolia,MNG,2020-04-30,-155.84306
Mongolia,MNG,2020-05-31,-217.43355
Mongolia,MNG,2020-06-30,-245.57271
Mongolia,MNG,2020-07-31,-259.08072
Mongolia,MNG,2020-08-31,-291.22678
Mongolia,MNG,2020-09-30,-307.5882
Mongolia,MNG,2020-10-31,-319.76056
Mongolia,MNG,2020-11-30,-351.48163
Mongolia,MNG,2020-12-31,-455.99423
Mongolia,MNG,2021-01-31,-555.44244
Mongolia,MNG,2021-02-28,-602.48846
Mongolia,MNG,2021-03-31,-647.4436
Mongolia,MNG,2021-04-30,-633.9123
Mongolia,MNG,2021-05-31,-667.1582
Mongolia,MNG,2021-06-30,-579.6674
Mongolia,MNG,2021-07-31,-475.3894
Mongolia,MNG,2021-08-31,-410.3613
Mongolia,MNG,2021-09-30,-247.95528
Mongolia,MNG,2021-10-31,-5.555983
Mongolia,MNG,2021-11-30,156.96953
Mongolia,MNG,2021-12-31,216.20279
Mongolia,MNG,2022-01-31,158.01672
Mongolia,MNG,2022-02-28,178.32056
Mongolia,MNG,2022-03-31,160.9593
Mongolia,MNG,2022-04-30,189.14928
Mongolia,MNG,2022-05-31,179.79184
Mongolia,MNG,2022-06-30,173.43587
Mongolia,MNG,2022-07-31,157.13394
Mongolia,MNG,2022-08-31,193.97508
Mongolia,MNG,2022-09-30,189.32579
Mongolia,MNG,2022-10-31,180.7923
Mongolia,MNG,2022-11-30,193.3277
Mongolia,MNG,2022-12-31,211.21863
Mongolia,MNG,2023-01-31,171.9097
Mongolia,MNG,2023-02-28,141.33377
Mongolia,MNG,2023-03-31,143.82858
Mongolia,MNG,2023-04-30,102.75125
Mongolia,MNG,2023-05-31,33.65085
Mongolia,MNG,2023-06-30,69.62252
Mongolia,MNG,2023-07-31,70.26071
Mongolia,MNG,2023-08-31,51.34659
Mongolia,MNG,2023-09-30,-1.5085461
Mongolia,MNG,2023-10-31,-63.124546
Mongolia,MNG,2023-11-30,-21.58308
Mongolia,MNG,2023-12-31,-4.931671
Montenegro,MNE,2020-01-05,-108.41607
Montenegro,MNE,2020-01-12,-164.69069
Montenegro,MNE,2020-01-19,-180.26953
Montenegro,MNE,2020-01-26,-202.52504
Montenegro,MNE,2020-02-02,-220.32944
Montenegro,MNE,2020-02-09,-198.39186
Montenegro,MNE,2020-02-16,-199.98154
Montenegro,MNE,2020-02-23,-211.74515
Montenegro,MNE,2020-03-01,-252.12297
Montenegro,MNE,2020-03-08,-253.71266
Montenegro,MNE,2020-03-15,-270.56323
Montenegro,MNE,2020-03-22,-283.91653
Montenegro,MNE,2020-03-29,-236.22618
Montenegro,MNE,2020-04-05,-270.2453
Montenegro,MNE,2020-04-12,-270.56323
Montenegro,MNE,2020-04-19,-282.64478
Montenegro,MNE,2020-04-26,-324.29434
Montenegro,MNE,2020-05-03,-343.37048
Montenegro,MNE,2020-05-10,-371.34882
Montenegro,MNE,2020-05-17,-368.4874
Montenegro,MNE,2020-05-24,-370.39502
Montenegro,MNE,2020-05-31,-367.5336
Montenegro,MNE,2020-06-07,-387.56354
Montenegro,MNE,2020-06-14,-406.32175
Montenegro,MNE,2020-06-21,-433.6642
Montenegro,MNE,2020-06-28,-444.47403
Montenegro,MNE,2020-07-05,-381.20483
Montenegro,MNE,2020-07-12,-349.7292
Montenegro,MNE,2020-07-19,-302.6747
Montenegro,MNE,2020-07-26,-265.79416
Montenegro,MNE,2020-08-02,-220.6473
Montenegro,MNE,2020-08-09,-214.28857
Montenegro,MNE,2020-08-16,-214.6065
Montenegro,MNE,2020-08-23,-176.77216
Montenegro,MNE,2020-08-30,-130.0356
Montenegro,MNE,2020-09-06,-90.29364
Montenegro,MNE,2020-09-13,-72.171295
Montenegro,MNE,2020-09-20,-50.23373
Montenegro,MNE,2020-09-27,8.584375
Montenegro,MNE,2020-10-04,40.377945
Montenegro,MNE,2020-10-11,83.29927
Montenegro,MNE,2020-10-18,146.25053
Montenegro,MNE,2020-10-25,245.12854
Montenegro,MNE,2020-11-01,329.3815
Montenegro,MNE,2020-11-08,406.32193
Montenegro,MNE,2020-11-15,462.27863
Montenegro,MNE,2020-11-22,573.874
Montenegro,MNE,2020-11-29,643.50195
Montenegro,MNE,2020-12-06,702.00214
Montenegro,MNE,2020-12-13,737.9289
Montenegro,MNE,2020-12-20,804.6954
Montenegro,MNE,2020-12-27,883.8614
Montenegro,MNE,2021-01-03,923.46027
Montenegro,MNE,2021-01-10,994.65497
Montenegro,MNE,2021-01-17,1033.6766
Montenegro,MNE,2021-01-24,1094.3594
Montenegro,MNE,2021-01-31,1134.0181
Montenegro,MNE,2021-02-07,1216.3618
Montenegro,MNE,2021-02-14,1324.1891
Montenegro,MNE,2021-02-21,1449.8549
Montenegro,MNE,2021-02-28,1560.5491
Montenegro,MNE,2021-03-07,1680.7996
Montenegro,MNE,2021-03-14,1790.5381
Montenegro,MNE,2021-03-21,1961.4371
Montenegro,MNE,2021-03-28,2038.6841
Montenegro,MNE,2021-04-04,2199.3896
Montenegro,MNE,2021-04-11,2289.3787
Montenegro,MNE,2021-04-18,2390.835
Montenegro,MNE,2021-04-25,2504.396
Montenegro,MNE,2021-05-02,2601.0742
Montenegro,MNE,2021-05-09,2648.6965
Montenegro,MNE,2021-05-16,2731.996
Montenegro,MNE,2021-05-23,2798.4124
Montenegro,MNE,2021-05-30,2791.5637
Montenegro,MNE,2021-06-06,2838.8677
Montenegro,MNE,2021-06-13,2791.5637
Montenegro,MNE,2021-06-20,2810.8357
Montenegro,MNE,2021-06-27,2819.9143
Montenegro,MNE,2021-07-04,2834.408
Montenegro,MNE,2021-07-11,2868.97
Montenegro,MNE,2021-07-18,2865.307
Montenegro,MNE,2021-07-25,2888.4011
Montenegro,MNE,2021-08-01,2909.2659
Montenegro,MNE,2021-08-08,2928.8564
Montenegro,MNE,2021-08-15,3016.2969
Montenegro,MNE,2021-08-22,3101.826
Montenegro,MNE,2021-08-29,3208.0605
Montenegro,MNE,2021-09-05,3300.9163
Montenegro,MNE,2021-09-12,3386.764
Montenegro,MNE,2021-09-19,3514.6594
Montenegro,MNE,2021-09-26,3624.0796
Montenegro,MNE,2021-10-03,3733.818
Montenegro,MNE,2021-10-10,3802.1458
Montenegro,MNE,2021-10-17,3926.2188
Montenegro,MNE,2021-10-24,4003.4658
Montenegro,MNE,2021-10-31,4116.7085
Montenegro,MNE,2021-11-07,4239.1885
Montenegro,MNE,2021-11-14,4322.4883
Montenegro,MNE,2021-11-21,4434.1377
Montenegro,MNE,2021-11-28,4521.897
Montenegro,MNE,2021-12-05,4644.0586
Montenegro,MNE,2021-12-12,4699.326
Montenegro,MNE,2021-12-19,4749.4966
Montenegro,MNE,2021-12-26,4750.93
Montenegro,MNE,2022-01-02,4799.3726
Montenegro,MNE,2022-01-09,4849.7646
Montenegro,MNE,2022-01-16,4954.057
Montenegro,MNE,2022-01-23,5080.0376
Montenegro,MNE,2022-01-30,5258.3237
Montenegro,MNE,2022-02-06,5378.882
Montenegro,MNE,2022-02-13,5440.437
Montenegro,MNE,2022-02-20,5499.1216
Montenegro,MNE,2022-02-27,5518.8955
Montenegro,MNE,2022-03-06,5492.424
Montenegro,MNE,2022-03-13,5469.7793
Montenegro,MNE,2022-03-20,5474.8823
Montenegro,MNE,2022-03-27,5464.3574
Montenegro,MNE,2022-04-03,5472.0117
Montenegro,MNE,2022-04-10,5453.513
Montenegro,MNE,2022-04-17,5428.955
Montenegro,MNE,2022-04-24,5440.437
Montenegro,MNE,2022-05-01,5412.6895
Montenegro,MNE,2022-05-08,5394.8286
Montenegro,MNE,2022-05-15,5414.284
Montenegro,MNE,2022-05-22,5435.9717
Montenegro,MNE,2022-05-29,5476.796
Montenegro,MNE,2022-06-05,5495.294
Montenegro,MNE,2022-06-12,5489.2344
Montenegro,MNE,2022-06-26,5469.46
Montenegro,MNE,2022-07-03,5456.7026
Montenegro,MNE,2022-07-10,5486.364
Montenegro,MNE,2022-07-17,5500.078
Montenegro,MNE,2022-07-24,5513.4736
Montenegro,MNE,2022-07-31,5526.231
Montenegro,MNE,2022-08-07,5548.8755
Montenegro,MNE,2022-08-14,5543.7725
Montenegro,MNE,2022-08-21,5554.2974
Montenegro,MNE,2022-08-28,5553.6597
Montenegro,MNE,2022-09-04,5589.0615
Montenegro,MNE,2022-09-11,5569.6064
Montenegro,MNE,2022-09-18,5561.952
Montenegro,MNE,2022-09-25,5551.746
Montenegro,MNE,2022-10-02,5559.4004
Montenegro,MNE,2022-10-09,5528.7827
Montenegro,MNE,2022-10-16,5522.085
Montenegro,MNE,2022-10-23,5506.776
Montenegro,MNE,2022-10-30,5509.9653
Montenegro,MNE,2022-11-06,5492.105
Montenegro,MNE,2022-11-13,5465.314
Montenegro,MNE,2022-11-20,5460.53
Montenegro,MNE,2022-11-27,5425.447
Montenegro,MNE,2022-12-04,5407.2676
Montenegro,MNE,2022-12-11,5405.0347
Montenegro,MNE,2022-12-18,5361.0215
Montenegro,MNE,2022-12-25,5335.1875
Montenegro,MNE,2023-01-01,5320.47
Montenegro,MNE,2023-01-08,5289.344
Montenegro,MNE,2023-01-15,5278.809
Montenegro,MNE,2023-01-22,5253.27
Montenegro,MNE,2023-01-29,5246.566
Montenegro,MNE,2023-02-05,5190.06
Montenegro,MNE,2023-02-12,5181.441
Montenegro,MNE,2023-02-19,5198.6797
Montenegro,MNE,2023-02-26,5191.337
Montenegro,MNE,2023-03-05,5168.0327
Montenegro,MNE,2023-03-12,5150.1553
Montenegro,MNE,2023-03-19,5142.493
Montenegro,MNE,2023-03-26,5119.1885
Montenegro,MNE,2023-04-02,5082.1567
Montenegro,MNE,2023-04-09,5046.0825
Montenegro,MNE,2023-04-16,5067.791
Montenegro,MNE,2023-04-23,5082.476
Montenegro,MNE,2023-04-30,5053.106
Montenegro,MNE,2023-05-07,5027.247
Montenegro,MNE,2023-05-14,5017.9893
Montenegro,MNE,2023-05-21,5031.717
Montenegro,MNE,2023-05-28,5051.8286
Montenegro,MNE,2023-06-04,5055.979
Montenegro,MNE,2023-06-11,5065.8755
Montenegro,MNE,2023-06-18,5049.9136
Montenegro,MNE,2023-06-25,5047.6787
Montenegro,MNE,2023-07-02,5036.5054
Montenegro,MNE,2023-07-09,5040.6553
Montenegro,MNE,2023-07-16,5041.6133
Montenegro,MNE,2023-07-23,5034.2705
Montenegro,MNE,2023-07-30,5016.7124
Montenegro,MNE,2023-08-06,4994.6846
Montenegro,MNE,2023-08-13,4987.9805
Montenegro,MNE,2023-08-20,4960.2065
Montenegro,MNE,2023-08-27,4945.202
Montenegro,MNE,2023-09-03,4932.752
Montenegro,MNE,2023-09-10,4943.606
Montenegro,MNE,2023-09-17,4931.156
Montenegro,MNE,2023-09-24,4912.959
Montenegro,MNE,2023-10-01,4919.0244
Montenegro,MNE,2023-10-08,4896.3584
Montenegro,MNE,2023-10-15,4883.2695
Montenegro,MNE,2023-10-22,4842.4067
Montenegro,MNE,2023-10-29,4829.637
Montenegro,MNE,2023-11-05,4805.375
Montenegro,MNE,2023-11-12,4776.9624
Montenegro,MNE,2023-11-19,4745.038
Montenegro,MNE,2023-11-26,4700.3447
Montenegro,MNE,2023-12-03,4674.1665
Montenegro,MNE,2023-12-10,4640.008
Montenegro,MNE,2023-12-17,4610.3184
Montenegro,MNE,2023-12-24,4541.3623
Montenegro,MNE,2023-12-31,4553.4937
Namibia,NAM,2020-01-31,27.238792
Namibia,NAM,2020-02-29,37.764668
Namibia,NAM,2020-03-31,49.41547
Namibia,NAM,2020-04-30,-20.650053
Namibia,NAM,2020-05-31,-155.31723
Namibia,NAM,2020-06-30,-241.29211
Namibia,NAM,2020-07-31,-313.5271
Namibia,NAM,2020-08-31,-406.81387
Namibia,NAM,2020-09-30,-478.80777
Namibia,NAM,2020-10-31,-496.8866
Namibia,NAM,2020-11-30,-554.8192
Namibia,NAM,2020-12-31,-568.31805
Namibia,NAM,2021-01-31,-500.52365
Namibia,NAM,2021-02-28,-394.36395
Namibia,NAM,2021-03-31,-299.3498
Namibia,NAM,2021-04-30,-247.96945
Namibia,NAM,2021-05-31,-102.83974
Namibia,NAM,2021-06-30,572.37714
Namibia,NAM,2021-07-31,959.9431
Namibia,NAM,2021-08-31,1041.045
Namibia,NAM,2021-09-30,1079.8569
Namibia,NAM,2021-10-31,1106.1005
Namibia,NAM,2021-11-30,1105.389
Namibia,NAM,2021-12-31,1225.8562
Netherlands,NLD,2020-01-05,-14.867019
Netherlands,NLD,2020-01-12,-18.778786
Netherlands,NLD,2020-01-19,-30.892653
Netherlands,NLD,2020-01-26,-52.103397
Netherlands,NLD,2020-02-02,-64.962906
Netherlands,NLD,2020-02-09,-74.90866
Netherlands,NLD,2020-02-16,-87.24049
Netherlands,NLD,2020-02-23,-116.423904
Netherlands,NLD,2020-03-01,-133.13783
Netherlands,NLD,2020-03-08,-150.9645
Netherlands,NLD,2020-03-15,-153.95854
Netherlands,NLD,2020-03-22,-127.103836
Netherlands,NLD,2020-03-29,-50.451504
Netherlands,NLD,2020-04-05,69.66622
Netherlands,NLD,2020-04-12,187.65025
Netherlands,NLD,2020-04-19,267.78992
Netherlands,NLD,2020-04-26,327.18918
Netherlands,NLD,2020-05-03,360.05493
Netherlands,NLD,2020-05-10,367.37375
Netherlands,NLD,2020-05-17,365.84802
Netherlands,NLD,2020-05-24,364.15024
Netherlands,NLD,2020-05-31,360.84647
Netherlands,NLD,2020-06-07,358.43744
Netherlands,NLD,2020-06-14,357.27884
Netherlands,NLD,2020-06-21,357.32474
Netherlands,NLD,2020-06-28,352.6673
Netherlands,NLD,2020-07-05,342.36594
Netherlands,NLD,2020-07-12,336.97433
Netherlands,NLD,2020-07-19,325.00958
Netherlands,NLD,2020-07-26,319.618
Netherlands,NLD,2020-08-02,318.90677
Netherlands,NLD,2020-08-09,315.20148
Netherlands,NLD,2020-08-16,347.20688
Netherlands,NLD,2020-08-23,357.33618
Netherlands,NLD,2020-08-30,360.4335
Netherlands,NLD,2020-09-06,363.06046
Netherlands,NLD,2020-09-13,364.1732
Netherlands,NLD,2020-09-20,365.03354
Netherlands,NLD,2020-09-27,371.79025
Netherlands,NLD,2020-10-04,383.5026
Netherlands,NLD,2020-10-11,390.9017
Netherlands,NLD,2020-10-18,413.06458
Netherlands,NLD,2020-10-25,445.72382
Netherlands,NLD,2020-11-01,492.53888
Netherlands,NLD,2020-11-08,530.71594
Netherlands,NLD,2020-11-15,568.0785
Netherlands,NLD,2020-11-22,588.26825
Netherlands,NLD,2020-11-29,612.5763
Netherlands,NLD,2020-12-06,640.50934
Netherlands,NLD,2020-12-13,666.89374
Netherlands,NLD,2020-12-20,710.7262
Netherlands,NLD,2020-12-27,755.4534
Netherlands,NLD,2021-01-03,810.99567
Netherlands,NLD,2021-01-10,854.20294
Netherlands,NLD,2021-01-17,876.55505
Netherlands,NLD,2021-01-24,903.3067
Netherlands,NLD,2021-01-31,918.8252
Netherlands,NLD,2021-02-07,932.5496
Netherlands,NLD,2021-02-14,941.4059
Netherlands,NLD,2021-02-21,946.62823
Netherlands,NLD,2021-02-28,930.0927
Netherlands,NLD,2021-03-07,912.323
Netherlands,NLD,2021-03-14,900.8727
Netherlands,NLD,2021-03-21,886.42834
Netherlands,NLD,2021-03-28,879.20624
Netherlands,NLD,2021-04-04,880.7946
Netherlands,NLD,2021-04-11,889.2281
Netherlands,NLD,2021-04-18,899.9928
Netherlands,NLD,2021-04-25,911.79736
Netherlands,NLD,2021-05-02,924.36755
Netherlands,NLD,2021-05-09,934.1609
Netherlands,NLD,2021-05-16,941.5316
Netherlands,NLD,2021-05-23,950.6622
Netherlands,NLD,2021-05-30,949.45087
Netherlands,NLD,2021-06-06,960.52405
Netherlands,NLD,2021-06-13,968.1462
Netherlands,NLD,2021-06-20,975.814
Netherlands,NLD,2021-06-27,973.0257
Netherlands,NLD,2021-07-04,974.4656
Netherlands,NLD,2021-07-11,974.05414
Netherlands,NLD,2021-07-18,981.6763
Netherlands,NLD,2021-07-25,982.40765
Netherlands,NLD,2021-08-01,989.40125
Netherlands,NLD,2021-08-08,1003.857
Netherlands,NLD,2021-08-15,1010.01636
Netherlands,NLD,2021-08-22,1022.60944
Netherlands,NLD,2021-08-29,1035.2368
Netherlands,NLD,2021-09-05,1043.9445
Netherlands,NLD,2021-09-12,1067.9536
Netherlands,NLD,2021-09-19,1077.6555
Netherlands,NLD,2021-09-26,1086.6489
Netherlands,NLD,2021-10-03,1102.2017
Netherlands,NLD,2021-10-10,1116.3489
Netherlands,NLD,2021-10-17,1124.5995
Netherlands,NLD,2021-10-24,1148.1858
Netherlands,NLD,2021-10-31,1175.7717
Netherlands,NLD,2021-11-07,1211.2312
Netherlands,NLD,2021-11-14,1259.1122
Netherlands,NLD,2021-11-21,1319.095
Netherlands,NLD,2021-11-28,1386.6542
Netherlands,NLD,2021-12-05,1465.915
Netherlands,NLD,2021-12-12,1540.3878
Netherlands,NLD,2021-12-19,1590.1772
Netherlands,NLD,2021-12-26,1624.494
Netherlands,NLD,2022-01-02,1651.023
Netherlands,NLD,2022-01-09,1652.0306
Netherlands,NLD,2022-01-16,1633.339
Netherlands,NLD,2022-01-23,1620.2839
Netherlands,NLD,2022-01-30,1604.9742
Netherlands,NLD,2022-02-06,1596.0753
Netherlands,NLD,2022-02-13,1586.5957
Netherlands,NLD,2022-02-20,1581.7506
Netherlands,NLD,2022-02-27,1572.1344
Netherlands,NLD,2022-03-06,1560.2635
Netherlands,NLD,2022-03-13,1555.5436
Netherlands,NLD,2022-03-20,1571.639
Netherlands,NLD,2022-03-27,1596.2405
Netherlands,NLD,2022-04-03,1618.4052
Netherlands,NLD,2022-04-10,1648.586
Netherlands,NLD,2022-04-17,1679.2682
Netherlands,NLD,2022-04-24,1694.7031
Netherlands,NLD,2022-05-01,1706.8586
Netherlands,NLD,2022-05-08,1722.0544
Netherlands,NLD,2022-05-15,1734.21
Netherlands,NLD,2022-05-22,1745.6709
Netherlands,NLD,2022-05-29,1749.7303
Netherlands,NLD,2022-06-05,1756.6935
Netherlands,NLD,2022-06-12,1766.3097
Netherlands,NLD,2022-06-19,1780.5262
Netherlands,NLD,2022-06-26,1802.5999
Netherlands,NLD,2022-07-03,1820.1755
Netherlands,NLD,2022-07-10,1825.9999
Netherlands,NLD,2022-07-17,1844.2703
Netherlands,NLD,2022-07-24,1866.7195
Netherlands,NLD,2022-07-31,1884.7052
Netherlands,NLD,2022-08-07,1897.8286
Netherlands,NLD,2022-08-14,1910.7129
Netherlands,NLD,2022-08-21,1932.1715
Netherlands,NLD,2022-08-28,1949.7358
Netherlands,NLD,2022-09-04,1963.4514
Netherlands,NLD,2022-09-11,1976.9847
Netherlands,NLD,2022-09-18,1979.45
Netherlands,NLD,2022-09-25,1994.0764
Netherlands,NLD,2022-10-02,2015.7515
Netherlands,NLD,2022-10-09,2041.7762
Netherlands,NLD,2022-10-16,2062.7795
Netherlands,NLD,2022-10-23,2090.239
Netherlands,NLD,2022-10-30,2111.891
Netherlands,NLD,2022-11-06,2129.6035
Netherlands,NLD,2022-11-13,2140.6772
Netherlands,NLD,2022-11-20,2153.7893
Netherlands,NLD,2022-11-27,2175.248
Netherlands,NLD,2022-12-04,2197.9478
Netherlands,NLD,2022-12-11,2227.776
Netherlands,NLD,2022-12-18,2272.9192
Netherlands,NLD,2022-12-25,2329.8596
Netherlands,NLD,2023-01-01,2349.8525
Netherlands,NLD,2023-01-08,2383.5222
Netherlands,NLD,2023-01-15,2404.0237
Netherlands,NLD,2023-01-22,2417.2031
Netherlands,NLD,2023-01-29,2414.2288
Netherlands,NLD,2023-02-05,2423.0378
Netherlands,NLD,2023-02-12,2423.1514
Netherlands,NLD,2023-02-19,2426.3525
Netherlands,NLD,2023-02-26,2420.5972
Netherlands,NLD,2023-03-05,2422.8677
Netherlands,NLD,2023-03-12,2439.3052
Netherlands,NLD,2023-03-19,2457.8198
Netherlands,NLD,2023-03-26,2477.6062
Netherlands,NLD,2023-04-02,2487.8115
Netherlands,NLD,2023-04-09,2499.2542
Netherlands,NLD,2023-04-16,2502.6824
Netherlands,NLD,2023-04-23,2516.3955
Netherlands,NLD,2023-04-30,2513.5574
Netherlands,NLD,2023-05-07,2520.902
Netherlands,NLD,2023-05-14,2524.251
Netherlands,NLD,2023-05-21,2526.056
Netherlands,NLD,2023-05-28,2531.38
Netherlands,NLD,2023-06-04,2532.163
Netherlands,NLD,2023-06-11,2548.4756
Netherlands,NLD,2023-06-18,2572.2124
Netherlands,NLD,2023-06-25,2586.1865
Netherlands,NLD,2023-07-02,2590.909
Netherlands,NLD,2023-07-09,2584.5405
Netherlands,NLD,2023-07-16,2593.3608
Netherlands,NLD,2023-07-23,2591.1926
Netherlands,NLD,2023-07-30,2596.1533
Netherlands,NLD,2023-08-06,2597.6292
Netherlands,NLD,2023-08-13,2603.8613
Netherlands,NLD,2023-08-20,2614.7817
Netherlands,NLD,2023-08-27,2622.6714
Netherlands,NLD,2023-09-03,2628.4268
Netherlands,NLD,2023-09-10,2641.9468
Netherlands,NLD,2023-09-17,2648.5193
Netherlands,NLD,2023-09-24,2660.9155
Netherlands,NLD,2023-10-01,2673.9814
Netherlands,NLD,2023-10-08,2687.4675
Netherlands,NLD,2023-10-15,2694.5852
Netherlands,NLD,2023-10-22,2706.9473
Netherlands,NLD,2023-10-29,2732.591
Netherlands,NLD,2023-11-05,2761.7427
Netherlands,NLD,2023-11-12,2790.86
Netherlands,NLD,2023-11-19,2813.9497
Netherlands,NLD,2023-11-26,2827.3677
Netherlands,NLD,2023-12-03,2854.8503
Netherlands,NLD,2023-12-10,2881.3796
Netherlands,NLD,2023-12-17,2903.0842
Netherlands,NLD,2023-12-24,2940.8064
Netherlands,NLD,2023-12-31,2956.0293
New Caledonia,NCL,2020-01-31,-13.965896
New Caledonia,NCL,2020-02-29,16.759085
New Caledonia,NCL,2020-03-31,76.81242
New Caledonia,NCL,2020-04-30,-39.104496
New Caledonia,NCL,2020-05-31,-40.501064
New Caledonia,NCL,2020-06-30,-50.277203
New Caledonia,NCL,2020-07-31,-69.13114
New Caledonia,NCL,2020-08-31,-118.01177
New Caledonia,NCL,2020-09-30,-231.83385
New Caledonia,NCL,2020-10-31,-238.81679
New Caledonia,NCL,2020-11-30,-351.94052
New Caledonia,NCL,2020-12-31,-360.32007
New Caledonia,NCL,2021-01-31,-374.55396
New Caledonia,NCL,2021-02-28,-391.2317
New Caledonia,NCL,2021-03-31,-455.16293
New Caledonia,NCL,2021-04-30,-444.04446
New Caledonia,NCL,2021-05-31,-492.68784
New Caledonia,NCL,2021-06-30,-487.12857
New Caledonia,NCL,2021-07-31,-528.8229
New Caledonia,NCL,2021-08-31,-478.78973
New Caledonia,NCL,2021-09-30,142.45561
New Caledonia,NCL,2021-10-31,626.80457
New Caledonia,NCL,2021-11-30,665.02435
New Caledonia,NCL,2021-12-31,713.6677
New Caledonia,NCL,2022-01-31,676.6474
New Caledonia,NCL,2022-02-28,833.911
New Caledonia,NCL,2022-03-31,954.61774
New Caledonia,NCL,2022-04-30,1067.0475
New Caledonia,NCL,2022-05-31,1120.1583
New Caledonia,NCL,2022-06-30,1147.7485
New Caledonia,NCL,2022-07-31,1259.4884
New Caledonia,NCL,2022-08-31,1300.1838
New Caledonia,NCL,2022-09-30,1345.7075
New Caledonia,NCL,2022-10-31,1372.6079
New Caledonia,NCL,2022-11-30,1339.4998
New Caledonia,NCL,2022-12-31,1385.7131
New Caledonia,NCL,2023-01-31,1334.8031
New Caledonia,NCL,2023-02-28,1369.2739
New Caledonia,NCL,2023-03-31,1456.3041
New Caledonia,NCL,2023-04-30,1559.0337
New Caledonia,NCL,2023-05-31,1575.7572
New Caledonia,NCL,2023-06-30,1618.419
New Caledonia,NCL,2023-07-31,1665.8589
New Caledonia,NCL,2023-08-31,1738.5547
New Caledonia,NCL,2023-09-30,1798.9637
New Caledonia,NCL,2023-10-31,1796.5747
New Caledonia,NCL,2023-11-30,1799.6464
New Caledonia,NCL,2023-12-31,1908.5193
New Zealand,NZL,2020-01-05,-3.7541022
New Zealand,NZL,2020-01-12,-12.92202
New Zealand,NZL,2020-01-19,-7.3501396
New Zealand,NZL,2020-01-26,-10.353424
New Zealand,NZL,2020-02-02,-9.839709
New Zealand,NZL,2020-02-09,-13.475266
New Zealand,NZL,2020-02-16,-8.417112
New Zealand,NZL,2020-02-23,-5.6904507
New Zealand,NZL,2020-03-01,-9.800202
New Zealand,NZL,2020-03-08,-11.025228
New Zealand,NZL,2020-03-15,-16.280966
New Zealand,NZL,2020-03-22,-16.8342
New Zealand,NZL,2020-03-29,-20.785887
New Zealand,NZL,2020-04-05,-21.141537
New Zealand,NZL,2020-04-12,-16.083382
New Zealand,NZL,2020-04-19,-14.621253
New Zealand,NZL,2020-04-26,-16.992266
New Zealand,NZL,2020-05-03,-34.814373
New Zealand,NZL,2020-05-10,-42.836292
New Zealand,NZL,2020-05-17,-49.90981
New Zealand,NZL,2020-05-24,-63.306026
New Zealand,NZL,2020-05-31,-82.43219
New Zealand,NZL,2020-06-07,-99.26637
New Zealand,NZL,2020-06-14,-111.87225
New Zealand,NZL,2020-06-21,-127.16528
New Zealand,NZL,2020-06-28,-145.81725
New Zealand,NZL,2020-07-05,-166.0499
New Zealand,NZL,2020-07-12,-191.02455
New Zealand,NZL,2020-07-19,-204.10464
New Zealand,NZL,2020-07-26,-221.05737
New Zealand,NZL,2020-08-02,-239.82788
New Zealand,NZL,2020-08-09,-266.02756
New Zealand,NZL,2020-08-16,-290.0143
New Zealand,NZL,2020-08-23,-304.00327
New Zealand,NZL,2020-08-30,-328.8989
New Zealand,NZL,2020-09-06,-343.24353
New Zealand,NZL,2020-09-13,-362.9229
New Zealand,NZL,2020-09-20,-383.86685
New Zealand,NZL,2020-09-27,-398.84375
New Zealand,NZL,2020-10-04,-405.24548
New Zealand,NZL,2020-10-11,-422.3958
New Zealand,NZL,2020-10-18,-429.98303
New Zealand,NZL,2020-10-25,-423.26517
New Zealand,NZL,2020-11-01,-437.96545
New Zealand,NZL,2020-11-08,-441.8381
New Zealand,NZL,2020-11-15,-450.0181
New Zealand,NZL,2020-11-22,-457.40775
New Zealand,NZL,2020-11-29,-453.0214
New Zealand,NZL,2020-12-06,-447.80515
New Zealand,NZL,2020-12-13,-447.6471
New Zealand,NZL,2020-12-20,-438.16302
New Zealand,NZL,2020-12-27,-438.1235
New Zealand,NZL,2021-01-03,-422.4784
New Zealand,NZL,2021-01-10,-413.14066
New Zealand,NZL,2021-01-17,-414.9926
New Zealand,NZL,2021-01-24,-409.12485
New Zealand,NZL,2021-01-31,-416.00632
New Zealand,NZL,2021-02-07,-412.9847
New Zealand,NZL,2021-02-14,-407.6238
New Zealand,NZL,2021-02-21,-410.64542
New Zealand,NZL,2021-02-28,-414.0179
New Zealand,NZL,2021-03-07,-412.24393
New Zealand,NZL,2021-03-14,-414.64172
New Zealand,NZL,2021-03-21,-416.7276
New Zealand,NZL,2021-03-28,-416.31824
New Zealand,NZL,2021-04-04,-409.7097
New Zealand,NZL,2021-04-11,-412.22446
New Zealand,NZL,2021-04-18,-413.88144
New Zealand,NZL,2021-04-25,-419.4763
New Zealand,NZL,2021-05-02,-413.84247
New Zealand,NZL,2021-05-09,-415.0706
New Zealand,NZL,2021-05-16,-424.17438
New Zealand,NZL,2021-05-23,-421.23077
New Zealand,NZL,2021-05-30,-427.2545
New Zealand,NZL,2021-06-06,-433.2782
New Zealand,NZL,2021-06-13,-440.54953
New Zealand,NZL,2021-06-20,-436.82614
New Zealand,NZL,2021-06-27,-450.1797
New Zealand,NZL,2021-07-04,-463.1433
New Zealand,NZL,2021-07-11,-461.4863
New Zealand,NZL,2021-07-18,-460.41412
New Zealand,NZL,2021-07-25,-464.1765
New Zealand,NZL,2021-08-01,-469.03058
New Zealand,NZL,2021-08-08,-469.82983
New Zealand,NZL,2021-08-15,-469.96628
New Zealand,NZL,2021-08-22,-469.47894
New Zealand,NZL,2021-08-29,-476.08746
New Zealand,NZL,2021-09-05,-476.88672
New Zealand,NZL,2021-09-12,-477.21814
New Zealand,NZL,2021-09-19,-495.4842
New Zealand,NZL,2021-09-26,-509.34457
New Zealand,NZL,2021-10-03,-519.65704
New Zealand,NZL,2021-10-10,-529.8915
New Zealand,NZL,2021-10-17,-541.17865
New Zealand,NZL,2021-10-24,-538.93677
New Zealand,NZL,2021-10-31,-544.6096
New Zealand,NZL,2021-11-07,-548.9958
New Zealand,NZL,2021-11-14,-549.13226
New Zealand,NZL,2021-11-21,-543.9663
New Zealand,NZL,2021-11-28,-549.3272
New Zealand,NZL,2021-12-05,-550.86725
New Zealand,NZL,2021-12-12,-543.5959
New Zealand,NZL,2021-12-19,-553.20654
New Zealand,NZL,2021-12-26,-539.97
New Zealand,NZL,2022-01-02,-537.05786
New Zealand,NZL,2022-01-09,-528.8038
New Zealand,NZL,2022-01-16,-537.21216
New Zealand,NZL,2022-01-23,-538.56213
New Zealand,NZL,2022-01-30,-539.4107
New Zealand,NZL,2022-02-06,-535.09076
New Zealand,NZL,2022-02-13,-525.75665
New Zealand,NZL,2022-02-20,-521.4367
New Zealand,NZL,2022-02-27,-522.86383
New Zealand,NZL,2022-03-06,-514.57117
New Zealand,NZL,2022-03-13,-497.48438
New Zealand,NZL,2022-03-20,-473.9177
New Zealand,NZL,2022-03-27,-454.24667
New Zealand,NZL,2022-04-03,-435.96417
New Zealand,NZL,2022-04-10,-427.86432
New Zealand,NZL,2022-04-17,-406.95905
New Zealand,NZL,2022-04-24,-394.385
New Zealand,NZL,2022-05-01,-386.32373
New Zealand,NZL,2022-05-08,-379.45816
New Zealand,NZL,2022-05-15,-360.13425
New Zealand,NZL,2022-05-22,-344.706
New Zealand,NZL,2022-05-29,-323.685
New Zealand,NZL,2022-06-05,-311.14954
New Zealand,NZL,2022-06-12,-303.51254
New Zealand,NZL,2022-06-19,-279.213
New Zealand,NZL,2022-06-26,-263.3219
New Zealand,NZL,2022-07-03,-252.63783
New Zealand,NZL,2022-07-10,-234.43248
New Zealand,NZL,2022-07-17,-211.59865
New Zealand,NZL,2022-07-24,-198.56177
New Zealand,NZL,2022-07-31,-165.19815
New Zealand,NZL,2022-08-07,-155.59406
New Zealand,NZL,2022-08-14,-163.46248
New Zealand,NZL,2022-08-21,-154.51407
New Zealand,NZL,2022-08-28,-153.35695
New Zealand,NZL,2022-09-04,-152.2384
New Zealand,NZL,2022-09-11,-147.37851
New Zealand,NZL,2022-09-18,-155.63263
New Zealand,NZL,2022-09-25,-152.58554
New Zealand,NZL,2022-10-02,-155.47835
New Zealand,NZL,2022-10-09,-154.82263
New Zealand,NZL,2022-10-16,-158.87256
New Zealand,NZL,2022-10-23,-145.48853
New Zealand,NZL,2022-10-30,-139.7415
New Zealand,NZL,2022-11-06,-134.07161
New Zealand,NZL,2022-11-13,-135.19016
New Zealand,NZL,2022-11-20,-132.22021
New Zealand,NZL,2022-11-27,-121.729
New Zealand,NZL,2022-12-04,-125.58606
New Zealand,NZL,2022-12-11,-112.04776
New Zealand,NZL,2022-12-18,-98.43232
New Zealand,NZL,2022-12-25,-91.14247
New Zealand,NZL,2023-01-01,-78.15458
New Zealand,NZL,2023-01-08,-58.128185
New Zealand,NZL,2023-01-15,-57.496983
New Zealand,NZL,2023-01-22,-43.93565
New Zealand,NZL,2023-01-29,-37.336697
New Zealand,NZL,2023-02-05,-40.148426
New Zealand,NZL,2023-02-12,-42.19506
New Zealand,NZL,2023-02-19,-30.087416
New Zealand,NZL,2023-02-26,-23.48846
New Zealand,NZL,2023-03-05,-18.917007
New Zealand,NZL,2023-03-12,-13.083149
New Zealand,NZL,2023-03-19,-18.037151
New Zealand,NZL,2023-03-26,-15.95226
New Zealand,NZL,2023-04-02,-9.697597
New Zealand,NZL,2023-04-09,0.22953118
New Zealand,NZL,2023-04-16,3.1560216
New Zealand,NZL,2023-04-23,11.97375
New Zealand,NZL,2023-04-30,6.3694234
New Zealand,NZL,2023-05-07,1.4919351
New Zealand,NZL,2023-05-14,2.8499763
New Zealand,NZL,2023-05-21,14.307296
New Zealand,NZL,2023-05-28,22.512957
New Zealand,NZL,2023-06-04,21.537464
New Zealand,NZL,2023-06-11,21.6331
New Zealand,NZL,2023-06-18,30.22131
New Zealand,NZL,2023-06-25,27.02703
New Zealand,NZL,2023-07-02,23.450205
New Zealand,NZL,2023-07-09,26.185421
New Zealand,NZL,2023-07-16,24.521334
New Zealand,NZL,2023-07-23,20.408943
New Zealand,NZL,2023-07-30,2.0275118
New Zealand,NZL,2023-08-06,-7.59357
New Zealand,NZL,2023-08-13,-27.275673
New Zealand,NZL,2023-08-20,-35.63435
New Zealand,NZL,2023-08-27,-22.455564
New Zealand,NZL,2023-09-03,-15.62708
New Zealand,NZL,2023-09-10,-3.9402406
New Zealand,NZL,2023-09-17,-4.49494
New Zealand,NZL,2023-09-24,2.9073677
New Zealand,NZL,2023-10-01,1.1667787
New Zealand,NZL,2023-10-08,3.9019952
New Zealand,NZL,2023-10-15,8.855997
New Zealand,NZL,2023-10-22,20.00727
New Zealand,NZL,2023-10-29,15.550589
New Zealand,NZL,2023-11-05,22.876383
New Zealand,NZL,2023-11-12,24.234423
New Zealand,NZL,2023-11-19,30.603846
New Zealand,NZL,2023-11-26,39.651108
New Zealand,NZL,2023-12-03,57.99429
New Zealand,NZL,2023-12-10,72.741516
New Zealand,NZL,2023-12-17,78.00155
New Zealand,NZL,2023-12-24,85.59513
New Zealand,NZL,2023-12-31,99.53902
Nicaragua,NIC,2020-01-31,-5.9651637
Nicaragua,NIC,2020-02-29,7.2529197
Nicaragua,NIC,2020-03-31,-4.070516
Nicaragua,NIC,2020-04-30,4.4109664
Nicaragua,NIC,2020-05-31,527.7905
Nicaragua,NIC,2020-06-30,1043.6803
Nicaragua,NIC,2020-07-31,1191.3291
Nicaragua,NIC,2020-08-31,1214.1388
Nicaragua,NIC,2020-09-30,1194.3783
Nicaragua,NIC,2020-10-31,1180.7457
Nicaragua,NIC,2020-11-30,1192.01
Nicaragua,NIC,2020-12-31,1212.481
Nicaragua,NIC,2021-01-31,1209.743
Nicaragua,NIC,2021-02-28,1215.9615
Nicaragua,NIC,2021-03-31,1229.5078
Nicaragua,NIC,2021-04-30,1251.1996
Nicaragua,NIC,2021-05-31,1314.1434
Nicaragua,NIC,2021-06-30,1402.1073
Nicaragua,NIC,2021-07-31,1537.8337
Nicaragua,NIC,2021-08-31,1752.0355
Nicaragua,NIC,2021-09-30,2345.5356
Nicaragua,NIC,2021-10-31,2604.5225
Nicaragua,NIC,2021-11-30,2626.1848
Nicaragua,NIC,2021-12-31,2620.1416
Nicaragua,NIC,2022-01-31,2569.3416
Nicaragua,NIC,2022-02-28,2638.854
Nicaragua,NIC,2022-03-31,2668.9617
Nicaragua,NIC,2022-04-30,2658.3118
Nicaragua,NIC,2022-05-31,2675.5244
Nicaragua,NIC,2022-06-30,2703.7324
Nicaragua,NIC,2022-07-31,2727.3638
Nicaragua,NIC,2022-08-31,2703.1567
Nicaragua,NIC,2022-09-30,2686.059
Nicaragua,NIC,2022-10-31,2654.6274
Nicaragua,NIC,2022-11-30,2608.6887
Nicaragua,NIC,2022-12-31,2574.0046
North Macedonia,MKD,2020-01-31,-72.237976
North Macedonia,MKD,2020-02-29,-66.50632
North Macedonia,MKD,2020-03-31,-84.64873
North Macedonia,MKD,2020-04-30,-15.442393
North Macedonia,MKD,2020-05-31,10.847492
North Macedonia,MKD,2020-06-30,213.54016
North Macedonia,MKD,2020-07-31,369.05313
North Macedonia,MKD,2020-08-31,504.7658
North Macedonia,MKD,2020-09-30,642.3732
North Macedonia,MKD,2020-10-31,933.64624
North Macedonia,MKD,2020-11-30,1980.931
North Macedonia,MKD,2020-12-31,2683.7473
North Macedonia,MKD,2021-01-31,2884.047
North Macedonia,MKD,2021-02-28,3012.4626
North Macedonia,MKD,2021-03-31,3475.3955
North Macedonia,MKD,2021-04-30,4242.798
North Macedonia,MKD,2021-05-31,4514.5103
North Macedonia,MKD,2021-06-30,4642.355
North Macedonia,MKD,2021-07-31,4717.141
North Macedonia,MKD,2021-08-31,5298.8384
North Macedonia,MKD,2021-09-30,5904.782
North Macedonia,MKD,2021-10-31,6199.981
North Macedonia,MKD,2021-11-30,6490.4253
North Macedonia,MKD,2021-12-31,6749.396
North Macedonia,MKD,2022-01-31,6858.884
North Macedonia,MKD,2022-02-28,7477.5293
North Macedonia,MKD,2022-03-31,7661.327
North Macedonia,MKD,2022-04-30,7697.7236
North Macedonia,MKD,2022-05-31,7677.9487
North Macedonia,MKD,2022-06-30,7697.532
North Macedonia,MKD,2022-07-31,7760.295
North Macedonia,MKD,2022-08-31,7897.6655
North Macedonia,MKD,2022-09-30,7952.404
North Macedonia,MKD,2022-10-31,7953.359
North Macedonia,MKD,2022-11-30,7955.2695
North Macedonia,MKD,2022-12-31,7957.562
North Macedonia,MKD,2023-01-31,7818.8335
North Macedonia,MKD,2023-02-28,7798.792
North Macedonia,MKD,2023-03-31,7828.4224
North Macedonia,MKD,2023-04-30,7828.039
North Macedonia,MKD,2023-05-31,7843.6694
North Macedonia,MKD,2023-06-30,7847.0254
North Macedonia,MKD,2023-07-31,7902.8345
North Macedonia,MKD,2023-08-31,7943.397
North Macedonia,MKD,2023-09-30,7989.2334
North Macedonia,MKD,2023-10-31,7975.329
North Macedonia,MKD,2023-11-30,8016.5625
North Macedonia,MKD,2023-12-31,8062.4946
Norway,NOR,2020-01-05,-11.412992
Norway,NOR,2020-01-12,-4.832861
Norway,NOR,2020-01-19,-17.69571
Norway,NOR,2020-01-26,-21.747875
Norway,NOR,2020-02-02,-36.283638
Norway,NOR,2020-02-09,-48.73755
Norway,NOR,2020-02-16,-52.194897
Norway,NOR,2020-02-23,-62.15802
Norway,NOR,2020-03-01,-69.66755
Norway,NOR,2020-03-08,-82.195816
Norway,NOR,2020-03-15,-82.232994
Norway,NOR,2020-03-22,-83.16239
Norway,NOR,2020-03-29,-69.4445
Norway,NOR,2020-04-05,-63.384842
Norway,NOR,2020-04-12,-52.90125
Norway,NOR,2020-04-19,-43.384228
Norway,NOR,2020-04-26,-43.755985
Norway,NOR,2020-05-03,-42.194595
Norway,NOR,2020-05-10,-40.967796
Norway,NOR,2020-05-17,-47.956852
Norway,NOR,2020-05-24,-46.321117
Norway,NOR,2020-05-31,-55.726604
Norway,NOR,2020-06-07,-62.455437
Norway,NOR,2020-06-14,-60.522285
Norway,NOR,2020-06-21,-57.548218
Norway,NOR,2020-06-28,-66.69348
Norway,NOR,2020-07-05,-76.09897
Norway,NOR,2020-07-12,-85.207054
Norway,NOR,2020-07-19,-79.29609
Norway,NOR,2020-07-26,-77.325775
Norway,NOR,2020-08-02,-67.362656
Norway,NOR,2020-08-09,-63.496365
Norway,NOR,2020-08-16,-58.514805
Norway,NOR,2020-08-23,-52.975605
Norway,NOR,2020-08-30,-59.183975
Norway,NOR,2020-09-06,-61.56323
Norway,NOR,2020-09-13,-46.95312
Norway,NOR,2020-09-20,-36.841286
Norway,NOR,2020-09-27,-35.800365
Norway,NOR,2020-10-04,-25.614183
Norway,NOR,2020-10-11,-26.617937
Norway,NOR,2020-10-18,-32.97501
Norway,NOR,2020-10-25,-26.283356
Norway,NOR,2020-11-01,-19.108421
Norway,NOR,2020-11-08,-16.654812
Norway,NOR,2020-11-15,-16.915049
Norway,NOR,2020-11-22,-12.825704
Norway,NOR,2020-11-29,-16.283054
Norway,NOR,2020-12-06,-22.640127
Norway,NOR,2020-12-13,-19.182777
Norway,NOR,2020-12-20,-21.37615
Norway,NOR,2020-12-27,-29.592016
Norway,NOR,2021-01-03,-35.794827
Norway,NOR,2021-01-10,-52.65576
Norway,NOR,2021-01-17,-61.595203
Norway,NOR,2021-01-24,-69.90537
Norway,NOR,2021-01-31,-75.73544
Norway,NOR,2021-02-07,-94.41019
Norway,NOR,2021-02-14,-103.42367
Norway,NOR,2021-02-21,-122.91276
Norway,NOR,2021-02-28,-143.14218
Norway,NOR,2021-03-07,-174.80965
Norway,NOR,2021-03-14,-188.89435
Norway,NOR,2021-03-21,-196.09404
Norway,NOR,2021-03-28,-204.73735
Norway,NOR,2021-04-04,-215.82375
Norway,NOR,2021-04-11,-219.17372
Norway,NOR,2021-04-18,-225.33693
Norway,NOR,2021-04-25,-227.46538
Norway,NOR,2021-05-02,-227.78001
Norway,NOR,2021-05-09,-235.97913
Norway,NOR,2021-05-16,-240.80975
Norway,NOR,2021-05-23,-237.71889
Norway,NOR,2021-05-30,-238.25563
Norway,NOR,2021-06-06,-235.72002
Norway,NOR,2021-06-13,-232.7402
Norway,NOR,2021-06-20,-239.27357
Norway,NOR,2021-06-27,-244.03018
Norway,NOR,2021-07-04,-246.23265
Norway,NOR,2021-07-11,-242.0313
Norway,NOR,2021-07-18,-241.7907
Norway,NOR,2021-07-25,-235.29434
Norway,NOR,2021-08-01,-230.50072
Norway,NOR,2021-08-08,-216.63809
Norway,NOR,2021-08-15,-204.77437
Norway,NOR,2021-08-22,-189.76425
Norway,NOR,2021-08-29,-176.97511
Norway,NOR,2021-09-05,-165.88872
Norway,NOR,2021-09-12,-154.13603
Norway,NOR,2021-09-19,-133.05524
Norway,NOR,2021-09-26,-114.787674
Norway,NOR,2021-10-03,-102.03554
Norway,NOR,2021-10-10,-87.765755
Norway,NOR,2021-10-17,-77.234604
Norway,NOR,2021-10-24,-58.893013
Norway,NOR,2021-10-31,-33.85147
Norway,NOR,2021-11-07,-3.146422
Norway,NOR,2021-11-14,33.03704
Norway,NOR,2021-11-21,58.37472
Norway,NOR,2021-11-28,89.89412
Norway,NOR,2021-12-05,122.41297
Norway,NOR,2021-12-12,164.445
Norway,NOR,2021-12-19,193.48431
Norway,NOR,2021-12-26,218.19272
Norway,NOR,2022-01-02,226.89111
Norway,NOR,2022-01-09,233.36845
Norway,NOR,2022-01-16,232.6324
Norway,NOR,2022-01-23,217.61673
Norway,NOR,2022-01-30,207.09105
Norway,NOR,2022-02-06,212.3171
Norway,NOR,2022-02-13,217.02788
Norway,NOR,2022-02-20,223.46843
Norway,NOR,2022-02-27,246.65439
Norway,NOR,2022-03-06,264.5407
Norway,NOR,2022-03-13,276.5385
Norway,NOR,2022-03-20,306.97467
Norway,NOR,2022-03-27,338.73575
Norway,NOR,2022-04-03,359.97116
Norway,NOR,2022-04-10,387.97833
Norway,NOR,2022-04-17,402.51553
Norway,NOR,2022-04-24,416.83194
Norway,NOR,2022-05-01,428.71936
Norway,NOR,2022-05-08,446.20084
Norway,NOR,2022-05-15,464.08713
Norway,NOR,2022-05-22,486.35303
Norway,NOR,2022-05-29,490.659
Norway,NOR,2022-06-05,507.95645
Norway,NOR,2022-06-12,520.3591
Norway,NOR,2022-06-19,536.5525
Norway,NOR,2022-06-26,567.9455
Norway,NOR,2022-07-03,581.26825
Norway,NOR,2022-07-10,601.694
Norway,NOR,2022-07-17,632.16693
Norway,NOR,2022-07-24,658.9228
Norway,NOR,2022-07-31,674.0489
Norway,NOR,2022-08-07,697.0876
Norway,NOR,2022-08-14,711.1464
Norway,NOR,2022-08-21,733.85394
Norway,NOR,2022-08-28,744.7844
Norway,NOR,2022-09-04,751.07776
Norway,NOR,2022-09-11,770.9147
Norway,NOR,2022-09-18,788.4329
Norway,NOR,2022-09-25,811.98694
Norway,NOR,2022-10-02,831.8974
Norway,NOR,2022-10-09,847.7963
Norway,NOR,2022-10-16,868.2589
Norway,NOR,2022-10-23,887.83813
Norway,NOR,2022-10-30,905.062
Norway,NOR,2022-11-06,926.26056
Norway,NOR,2022-11-13,941.31305
Norway,NOR,2022-11-20,960.30347
Norway,NOR,2022-11-27,989.1203
Norway,NOR,2022-12-04,1013.2263
Norway,NOR,2022-12-11,1036.3019
Norway,NOR,2022-12-18,1074.2458
Norway,NOR,2022-12-25,1117.4528
Norway,NOR,2023-01-01,1157.5776
Norway,NOR,2023-01-08,1190.9331
Norway,NOR,2023-01-15,1220.0507
Norway,NOR,2023-01-22,1221.2928
Norway,NOR,2023-01-29,1222.4253
Norway,NOR,2023-02-05,1219.4661
Norway,NOR,2023-02-12,1218.1874
Norway,NOR,2023-02-19,1212.2324
Norway,NOR,2023-02-26,1208.2867
Norway,NOR,2023-03-05,1193.4174
Norway,NOR,2023-03-12,1188.0469
Norway,NOR,2023-03-19,1192.3944
Norway,NOR,2023-03-26,1199.1532
Norway,NOR,2023-04-02,1206.6062
Norway,NOR,2023-04-09,1205.8024
Norway,NOR,2023-04-16,1210.9902
Norway,NOR,2023-04-23,1225.275
Norway,NOR,2023-04-30,1234.2258
Norway,NOR,2023-05-07,1240.5096
Norway,NOR,2023-05-14,1255.5981
Norway,NOR,2023-05-21,1253.6619
Norway,NOR,2023-05-28,1262.2108
Norway,NOR,2023-06-04,1279.8202
Norway,NOR,2023-06-11,1292.2052
Norway,NOR,2023-06-18,1307.4398
Norway,NOR,2023-06-25,1313.2853
Norway,NOR,2023-07-02,1331.6984
Norway,NOR,2023-07-09,1332.6848
Norway,NOR,2023-07-16,1339.6262
Norway,NOR,2023-07-23,1342.5123
Norway,NOR,2023-07-30,1348.2848
Norway,NOR,2023-08-06,1367.0266
Norway,NOR,2023-08-13,1374.6622
Norway,NOR,2023-08-20,1378.0964
Norway,NOR,2023-08-27,1385.184
Norway,NOR,2023-09-03,1390.4083
Norway,NOR,2023-09-10,1406.3372
Norway,NOR,2023-09-17,1430.9244
Norway,NOR,2023-09-24,1448.7166
Norway,NOR,2023-10-01,1465.8143
Norway,NOR,2023-10-08,1475.642
Norway,NOR,2023-10-15,1485.6157
Norway,NOR,2023-10-22,1505.4902
Norway,NOR,2023-10-29,1520.1038
Norway,NOR,2023-11-05,1541.951
Norway,NOR,2023-11-12,1564.6387
Norway,NOR,2023-11-19,1590.5046
Norway,NOR,2023-11-26,1627.9519
Norway,NOR,2023-12-03,1651.2241
Norway,NOR,2023-12-10,1671.2812
Norway,NOR,2023-12-17,1688.5618
Norway,NOR,2023-12-24,1717.0947
Norway,NOR,2023-12-31,1724.1824
Oman,OMN,2020-01-31,-6.4489036
Oman,OMN,2020-02-29,-7.087197
Oman,OMN,2020-03-31,-34.35749
Oman,OMN,2020-04-30,-50.974983
Oman,OMN,2020-05-31,-62.442142
Oman,OMN,2020-06-30,-33.851254
Oman,OMN,2020-07-31,27.050196
Oman,OMN,2020-08-31,83.065445
Oman,OMN,2020-09-30,158.97766
Oman,OMN,2020-10-31,239.55597
Oman,OMN,2020-11-30,276.42258
Oman,OMN,2020-12-31,292.4238
Oman,OMN,2021-01-31,289.41656
Oman,OMN,2021-02-28,296.7388
Oman,OMN,2021-03-31,317.11276
Oman,OMN,2021-04-30,401.06415
Oman,OMN,2021-05-31,503.24368
Oman,OMN,2021-06-30,724.87976
Oman,OMN,2021-07-31,950.8959
Oman,OMN,2021-08-31,1002.77094
Oman,OMN,2021-09-30,994.56384
Oman,OMN,2021-10-31,993.4799
Oman,OMN,2021-11-30,989.3874
Oman,OMN,2021-12-31,990.4271
Oman,OMN,2022-01-31,987.89417
Oman,OMN,2022-02-28,1027.9047
Oman,OMN,2022-03-31,1026.3969
Oman,OMN,2022-04-30,1012.084
Oman,OMN,2022-05-31,1001.7919
Oman,OMN,2022-06-30,976.422
Oman,OMN,2022-07-31,975.26385
Oman,OMN,2022-08-31,982.5842
Oman,OMN,2022-09-30,971.19946
Oman,OMN,2022-10-31,982.14716
Oman,OMN,2022-11-30,976.575
Oman,OMN,2022-12-31,958.591
Oman,OMN,2023-01-31,919.9283
Oman,OMN,2023-02-28,892.38965
Oman,OMN,2023-03-31,869.5879
Oman,OMN,2023-04-30,861.72894
Oman,OMN,2023-05-31,856.9705
Oman,OMN,2023-06-30,848.3364
Oman,OMN,2023-07-31,832.98456
Oman,OMN,2023-08-31,815.2212
Oman,OMN,2023-09-30,793.6683
Oman,OMN,2023-10-31,794.1204
Oman,OMN,2023-11-30,787.338
Oman,OMN,2023-12-31,776.93835
Palestine,PSE,2020-01-31,-3.7454722
Palestine,PSE,2020-02-29,4.8611126
Palestine,PSE,2020-03-31,-5.2596145
Palestine,PSE,2020-04-30,-36.199535
Palestine,PSE,2020-05-31,-41.339592
Palestine,PSE,2020-06-30,-56.6402
Palestine,PSE,2020-07-31,-41.459126
Palestine,PSE,2020-08-31,-35.840927
Palestine,PSE,2020-09-30,8.028798
Palestine,PSE,2020-10-31,40.74183
Palestine,PSE,2020-11-30,98.4578
Palestine,PSE,2020-12-31,238.55402
Palestine,PSE,2021-01-31,282.28885
Palestine,PSE,2021-02-28,311.06125
Palestine,PSE,2021-03-31,449.5077
Palestine,PSE,2021-04-30,590.5839
Palestine,PSE,2021-05-31,680.32965
Palestine,PSE,2021-06-30,700.7255
Palestine,PSE,2021-07-31,710.7968
Palestine,PSE,2021-08-31,729.04987
Palestine,PSE,2021-09-30,834.96423
Palestine,PSE,2021-10-31,896.8531
Palestine,PSE,2021-11-30,889.87915
Palestine,PSE,2021-12-31,922.9372
Panama,PAN,2020-01-31,55.60743
Panama,PAN,2020-02-29,44.56977
Panama,PAN,2020-03-31,-53.27878
Panama,PAN,2020-04-30,-431.12048
Panama,PAN,2020-05-31,-245.4364
Panama,PAN,2020-06-30,-117.08294
Panama,PAN,2020-07-31,99.059456
Panama,PAN,2020-08-31,308.6817
Panama,PAN,2020-09-30,454.8724
Panama,PAN,2020-10-31,531.81
Panama,PAN,2020-11-30,619.9715
Panama,PAN,2020-12-31,702.2183
Panama,PAN,2021-01-31,994.3088
Panama,PAN,2021-02-28,1317.5941
Panama,PAN,2021-03-31,1475.4563
Panama,PAN,2021-04-30,1507.0563
Panama,PAN,2021-05-31,1522.3392
Panama,PAN,2021-06-30,1563.086
Panama,PAN,2021-07-31,1611.6466
Panama,PAN,2021-08-31,1687.7855
Panama,PAN,2021-09-30,1729.5894
Panama,PAN,2021-10-31,1724.4185
Paraguay,PRY,2020-01-31,9.201188
Paraguay,PRY,2020-02-29,63.728497
Paraguay,PRY,2020-03-31,107.98189
Paraguay,PRY,2020-04-30,93.945915
Paraguay,PRY,2020-05-31,51.958828
Paraguay,PRY,2020-06-30,-10.817849
Paraguay,PRY,2020-07-31,-52.23083
Paraguay,PRY,2020-08-31,6.617584
Paraguay,PRY,2020-09-30,98.01014
Paraguay,PRY,2020-10-31,201.03639
Paraguay,PRY,2020-11-30,282.81982
Paraguay,PRY,2020-12-31,401.49872
Paraguay,PRY,2021-01-31,464.6169
Paraguay,PRY,2021-02-28,581.1627
Paraguay,PRY,2021-03-31,879.2473
Paraguay,PRY,2021-04-30,1434.38
Paraguay,PRY,2021-05-31,2132.4167
Paraguay,PRY,2021-06-30,2732.2107
Paraguay,PRY,2021-07-31,3012.9917
Paraguay,PRY,2021-08-31,3113.666
Paraguay,PRY,2021-09-30,3130.1191
Paraguay,PRY,2021-10-31,3158.0586
Paraguay,PRY,2021-11-30,3203.8088
Paraguay,PRY,2021-12-31,3308.958
Paraguay,PRY,2022-01-31,3812.7373
Paraguay,PRY,2022-02-28,4025.3394
Paraguay,PRY,2022-03-31,4068.491
Paraguay,PRY,2022-04-30,4083.3567
Paraguay,PRY,2022-05-31,4097.6323
Paraguay,PRY,2022-06-30,4129.8115
Paraguay,PRY,2022-07-31,4168.6865
Paraguay,PRY,2022-08-31,4156.623
Paraguay,PRY,2022-09-30,4142.996
Paraguay,PRY,2022-10-31,4144.412
Paraguay,PRY,2022-11-30,4158.7173
Paraguay,PRY,2022-12-31,4203.727
Paraguay,PRY,2023-01-31,4171.433
Paraguay,PRY,2023-02-28,4244.74
Paraguay,PRY,2023-03-31,4367.016
Paraguay,PRY,2023-04-30,4449.534
Paraguay,PRY,2023-05-31,4487.7476
Paraguay,PRY,2023-06-30,4479.8193
Paraguay,PRY,2023-07-31,4429.83
Paraguay,PRY,2023-08-31,4372.059
Paraguay,PRY,2023-09-30,4346.4087
Paraguay,PRY,2023-10-31,4318.5723
Paraguay,PRY,2023-11-30,4301.7246
Paraguay,PRY,2023-12-31,4313.1797
Peru,PER,2020-01-05,1.8315696
Peru,PER,2020-01-12,-0.34829408
Peru,PER,2020-01-19,-6.173286
Peru,PER,2020-01-26,-10.530015
Peru,PER,2020-02-02,-22.918627
Peru,PER,2020-02-09,-28.470383
Peru,PER,2020-02-16,-34.295372
Peru,PER,2020-02-23,-42.948788
Peru,PER,2020-03-01,-52.502975
Peru,PER,2020-03-08,-58.532143
Peru,PER,2020-03-15,-64.70543
Peru,PER,2020-03-22,-76.5836
Peru,PER,2020-03-29,-88.2486
Peru,PER,2020-04-05,-93.370995
Peru,PER,2020-04-12,-91.041
Peru,PER,2020-04-19,-73.27777
Peru,PER,2020-04-26,-24.834255
Peru,PER,2020-05-03,50.65344
Peru,PER,2020-05-10,152.74994
Peru,PER,2020-05-17,270.09952
Peru,PER,2020-05-24,397.37857
Peru,PER,2020-05-31,529.27264
Peru,PER,2020-06-07,660.68024
Peru,PER,2020-06-14,793.1027
Peru,PER,2020-06-21,917.148
Peru,PER,2020-06-28,1027.3064
Peru,PER,2020-07-05,1137.9242
Peru,PER,2020-07-12,1261.4711
Peru,PER,2020-07-19,1391.5305
Peru,PER,2020-07-26,1522.9471
Peru,PER,2020-08-02,1658.2792
Peru,PER,2020-08-09,1797.016
Peru,PER,2020-08-16,1927.4658
Peru,PER,2020-08-23,2037.5281
Peru,PER,2020-08-30,2127.254
Peru,PER,2020-09-06,2190.161
Peru,PER,2020-09-13,2238.4243
Peru,PER,2020-09-20,2273.107
Peru,PER,2020-09-27,2294.3381
Peru,PER,2020-10-04,2310.0627
Peru,PER,2020-10-11,2321.2922
Peru,PER,2020-10-18,2327.2915
Peru,PER,2020-10-25,2333.705
Peru,PER,2020-11-01,2333.6628
Peru,PER,2020-11-08,2337.7344
Peru,PER,2020-11-15,2345.9314
Peru,PER,2020-11-22,2350.012
Peru,PER,2020-11-29,2352.7744
Peru,PER,2020-12-06,2355.855
Peru,PER,2020-12-13,2361.4158
Peru,PER,2020-12-20,2373.8823
Peru,PER,2020-12-27,2387.316
Peru,PER,2021-01-03,2378.7512
Peru,PER,2021-01-10,2420.1182
Peru,PER,2021-01-17,2482.6917
Peru,PER,2021-01-24,2579.3418
Peru,PER,2021-01-31,2707.627
Peru,PER,2021-02-07,2842.0906
Peru,PER,2021-02-14,3001.329
Peru,PER,2021-02-21,3160.188
Peru,PER,2021-02-28,3305.3528
Peru,PER,2021-03-07,3451.4905
Peru,PER,2021-03-14,3598.96
Peru,PER,2021-03-21,3745.934
Peru,PER,2021-03-28,3899.828
Peru,PER,2021-04-04,4065.9385
Peru,PER,2021-04-11,4250.1597
Peru,PER,2021-04-18,4435.908
Peru,PER,2021-04-25,4612.391
Peru,PER,2021-05-02,4774.566
Peru,PER,2021-05-09,4916.296
Peru,PER,2021-05-16,5040.429
Peru,PER,2021-05-23,5146.167
Peru,PER,2021-05-30,5236.1377
Peru,PER,2021-06-06,5314.585
Peru,PER,2021-06-13,5371.0576
Peru,PER,2021-06-20,5414.533
Peru,PER,2021-06-27,5445.03
Peru,PER,2021-07-04,5469.606
Peru,PER,2021-07-11,5485.729
Peru,PER,2021-07-18,5497.356
Peru,PER,2021-07-25,5503.976
Peru,PER,2021-08-01,5507.052
Peru,PER,2021-08-08,5508.443
Peru,PER,2021-08-15,5509.315
Peru,PER,2021-08-22,5508.327
Peru,PER,2021-08-29,5513.2803
Peru,PER,2021-09-05,5511.6133
Peru,PER,2021-09-12,5507.6333
Peru,PER,2021-09-19,5503.3267
Peru,PER,2021-09-26,5499.3696
Peru,PER,2021-10-03,5493.1025
Peru,PER,2021-10-10,5492.622
Peru,PER,2021-10-17,5487.6187
Peru,PER,2021-10-24,5480.278
Peru,PER,2021-10-31,5472.7646
Peru,PER,2021-11-07,5469.031
Peru,PER,2021-11-14,5463.748
Peru,PER,2021-11-21,5461.5654
Peru,PER,2021-11-28,5460.8267
Peru,PER,2021-12-05,5464.3057
Peru,PER,2021-12-12,5469.766
Peru,PER,2021-12-19,5471.246
Peru,PER,2021-12-26,5476.6445
Peru,PER,2022-01-02,5434.4507
Peru,PER,2022-01-09,5461.1177
Peru,PER,2022-01-16,5495.277
Peru,PER,2022-01-23,5547.216
Peru,PER,2022-01-30,5607.225
Peru,PER,2022-02-06,5661.1816
Peru,PER,2022-02-13,5705.8076
Peru,PER,2022-02-20,5734.7656
Peru,PER,2022-02-27,5750.102
Peru,PER,2022-03-06,5760.698
Peru,PER,2022-03-13,5771.371
Peru,PER,2022-03-20,5778.593
Peru,PER,2022-03-27,5780.781
Peru,PER,2022-04-03,5783.471
Peru,PER,2022-04-10,5788.4844
Peru,PER,2022-04-17,5793.5767
Peru,PER,2022-04-24,5797.618
Peru,PER,2022-05-01,5802.655
Peru,PER,2022-05-08,5805.1924
Peru,PER,2022-05-15,5815.122
Peru,PER,2022-05-22,5816.523
Peru,PER,2022-05-29,5820.056
Peru,PER,2022-06-05,5825.204
Peru,PER,2022-06-12,5824.6196
Peru,PER,2022-06-19,5826.6494
Peru,PER,2022-06-26,5826.0205
Peru,PER,2022-07-03,5829.883
Peru,PER,2022-07-10,5830.376
Peru,PER,2022-07-17,5837.824
Peru,PER,2022-07-24,5845.313
Peru,PER,2022-07-31,5853.88
Peru,PER,2022-08-07,5868.682
Peru,PER,2022-08-14,5878.732
Peru,PER,2022-08-21,5892.641
Peru,PER,2022-08-28,5899.1494
Peru,PER,2022-09-04,5906.97
Peru,PER,2022-09-11,5912.4683
Peru,PER,2022-09-18,5913.8223
Peru,PER,2022-09-25,5911.0293
Peru,PER,2022-10-02,5905.7573
Peru,PER,2022-10-09,5901.3433
Philippines,PHL,2020-01-31,-15.14382
Philippines,PHL,2020-02-29,-36.550186
Philippines,PHL,2020-03-31,-82.175964
Philippines,PHL,2020-04-30,-132.92871
Philippines,PHL,2020-05-31,-151.24568
Philippines,PHL,2020-06-30,-158.60991
Philippines,PHL,2020-07-31,-137.6724
Philippines,PHL,2020-08-31,-110.41353
Philippines,PHL,2020-09-30,-98.12554
Philippines,PHL,2020-10-31,-100.974266
Philippines,PHL,2020-11-30,-103.82832
Philippines,PHL,2020-12-31,-99.26645
Philippines,PHL,2021-01-31,-65.07444
Philippines,PHL,2021-02-28,-28.760006
Philippines,PHL,2021-03-31,62.34704
Philippines,PHL,2021-04-30,229.41803
Philippines,PHL,2021-05-31,392.27408
Philippines,PHL,2021-06-30,550.51825
Philippines,PHL,2021-07-31,748.45496
Philippines,PHL,2021-08-31,1126.4246
Philippines,PHL,2021-09-30,1706.9962
Philippines,PHL,2021-10-31,1960.2489
Philippines,PHL,2021-11-30,2006.4017
Philippines,PHL,2021-12-31,2023.2167
Philippines,PHL,2022-01-31,2106.222
Philippines,PHL,2022-02-28,2122.1418
Philippines,PHL,2022-03-31,2115.3357
Philippines,PHL,2022-04-30,2099.658
Philippines,PHL,2022-05-31,2099.5308
Philippines,PHL,2022-06-30,2108.272
Philippines,PHL,2022-07-31,2130.3672
Philippines,PHL,2022-08-31,2170.3855
Philippines,PHL,2022-09-30,2191.4648
Philippines,PHL,2022-10-31,2201.6216
Philippines,PHL,2022-11-30,2218.4019
Philippines,PHL,2022-12-31,2245.3413
Philippines,PHL,2023-01-31,2232.518
Philippines,PHL,2023-02-28,2238.269
Philippines,PHL,2023-03-31,2267.6511
Philippines,PHL,2023-04-30,2286.0032
Philippines,PHL,2023-05-31,2318.7754
Philippines,PHL,2023-06-30,2360.8523
Philippines,PHL,2023-07-31,2395.8147
Philippines,PHL,2023-08-31,2405.4673
Philippines,PHL,2023-09-30,2402.0073
Philippines,PHL,2023-10-31,2418.5815
Philippines,PHL,2023-11-30,2454.9485
Philippines,PHL,2023-12-31,2478.1057
Poland,POL,2020-01-05,-8.792994
Poland,POL,2020-01-12,-23.571148
Poland,POL,2020-01-19,-43.808807
Poland,POL,2020-01-26,-67.148346
Poland,POL,2020-02-02,-82.99342
Poland,POL,2020-02-09,-103.14259
Poland,POL,2020-02-16,-117.49397
Poland,POL,2020-02-23,-133.44832
Poland,POL,2020-03-01,-149.44432
Poland,POL,2020-03-08,-164.08716
Poland,POL,2020-03-15,-171.76118
Poland,POL,2020-03-22,-178.28502
Poland,POL,2020-03-29,-185.95905
Poland,POL,2020-04-05,-192.80035
Poland,POL,2020-04-12,-195.54051
Poland,POL,2020-04-19,-188.25684
Poland,POL,2020-04-26,-192.71968
Poland,POL,2020-05-03,-191.8167
Poland,POL,2020-05-10,-191.85573
Poland,POL,2020-05-17,-189.41742
Poland,POL,2020-05-24,-189.84158
Poland,POL,2020-05-31,-187.33563
Poland,POL,2020-06-07,-179.4222
Poland,POL,2020-06-14,-172.95563
Poland,POL,2020-06-21,-174.60805
Poland,POL,2020-06-28,-172.7006
Poland,POL,2020-07-05,-163.80354
Poland,POL,2020-07-12,-163.44183
Poland,POL,2020-07-19,-159.73363
Poland,POL,2020-07-26,-161.06339
Poland,POL,2020-08-02,-153.76408
Poland,POL,2020-08-09,-141.20825
Poland,POL,2020-08-16,-121.28808
Poland,POL,2020-08-23,-100.47792
Poland,POL,2020-08-30,-100.183876
Poland,POL,2020-09-06,-93.566376
Poland,POL,2020-09-13,-81.48416
Poland,POL,2020-09-20,-62.479973
Poland,POL,2020-09-27,-49.32563
Poland,POL,2020-10-04,-36.38987
Poland,POL,2020-10-11,-2.0272348
Poland,POL,2020-10-18,56.182365
Poland,POL,2020-10-25,172.43242
Poland,POL,2020-11-01,350.6263
Poland,POL,2020-11-08,570.51855
Poland,POL,2020-11-15,773.3609
Poland,POL,2020-11-22,952.8403
Poland,POL,2020-11-29,1100.1768
Poland,POL,2020-12-06,1225.3109
Poland,POL,2020-12-13,1326.2598
Poland,POL,2020-12-20,1413.7394
Poland,POL,2020-12-27,1506.1216
Poland,POL,2021-01-03,1594.3232
Poland,POL,2021-01-10,1661.6204
Poland,POL,2021-01-17,1715.526
Poland,POL,2021-01-24,1769.985
Poland,POL,2021-01-31,1806.1656
Poland,POL,2021-02-07,1822.1416
Poland,POL,2021-02-14,1840.6913
Poland,POL,2021-02-21,1862.6816
Poland,POL,2021-02-28,1881.1583
Poland,POL,2021-03-07,1906.4849
Poland,POL,2021-03-14,1953.7129
Poland,POL,2021-03-21,2025.7872
Poland,POL,2021-03-28,2128.461
Poland,POL,2021-04-04,2266.5793
Poland,POL,2021-04-11,2408.6917
Poland,POL,2021-04-18,2528.5266
Poland,POL,2021-04-25,2632.756
Poland,POL,2021-05-02,2712.646
Poland,POL,2021-05-09,2771.71
Poland,POL,2021-05-16,2823.8247
Poland,POL,2021-05-23,2852.9468
Poland,POL,2021-05-30,2867.868
Poland,POL,2021-06-06,2881.4998
Poland,POL,2021-06-13,2895.4395
Poland,POL,2021-06-20,2915.1848
Poland,POL,2021-06-27,2936.105
Poland,POL,2021-07-04,2939.817
Poland,POL,2021-07-11,2946.155
Poland,POL,2021-07-18,2958.9148
Poland,POL,2021-07-25,2956.054
Poland,POL,2021-08-01,2958.8157
Poland,POL,2021-08-08,2953.2397
Poland,POL,2021-08-15,2953.5112
Poland,POL,2021-08-22,2953.6523
Poland,POL,2021-08-29,2957.7664
Poland,POL,2021-09-05,2954.4824
Poland,POL,2021-09-12,2972.1343
Poland,POL,2021-09-19,2984.9565
Poland,POL,2021-09-26,2997.6748
Poland,POL,2021-10-03,3006.3257
Poland,POL,2021-10-10,3018.412
Poland,POL,2021-10-17,3033.4065
Poland,POL,2021-10-24,3053.3188
Poland,POL,2021-10-31,3092.324
Poland,POL,2021-11-07,3142.6167
Poland,POL,2021-11-14,3217.745
Poland,POL,2021-11-21,3324.8464
Poland,POL,2021-11-28,3447.4065
Poland,POL,2021-12-05,3586.3289
Poland,POL,2021-12-12,3730.232
Poland,POL,2021-12-19,3876.239
Poland,POL,2021-12-26,4015.0256
Poland,POL,2022-01-02,3980.98
Poland,POL,2022-01-09,4056.3467
Poland,POL,2022-01-16,4100.853
Poland,POL,2022-01-23,4125.0674
Poland,POL,2022-01-30,4151.3584
Poland,POL,2022-02-06,4181.137
Poland,POL,2022-02-13,4215.598
Poland,POL,2022-02-20,4241.3223
Poland,POL,2022-02-27,4254.738
Poland,POL,2022-03-06,4252.959
Poland,POL,2022-03-13,4253.8647
Poland,POL,2022-03-20,4250.776
Poland,POL,2022-03-27,4253.614
Poland,POL,2022-04-03,4260.059
Poland,POL,2022-04-10,4263.168
Poland,POL,2022-04-17,4266.5176
Poland,POL,2022-04-24,4282.3164
Poland,POL,2022-05-01,4286.7397
Poland,POL,2022-05-08,4293.9526
Poland,POL,2022-05-15,4296.971
Poland,POL,2022-05-22,4295.0015
Poland,POL,2022-05-29,4287.763
Poland,POL,2022-06-05,4284.0024
Poland,POL,2022-06-12,4284.953
Poland,POL,2022-06-19,4279.2905
Poland,POL,2022-06-26,4282.008
Poland,POL,2022-07-03,4299.698
Poland,POL,2022-07-10,4288.501
Poland,POL,2022-07-17,4281.92
Poland,POL,2022-07-24,4292.691
Poland,POL,2022-07-31,4288.4683
Poland,POL,2022-08-07,4290.383
Poland,POL,2022-08-14,4291.845
Poland,POL,2022-08-21,4315.763
Poland,POL,2022-08-28,4325.435
Poland,POL,2022-09-04,4317.61
Poland,POL,2022-09-11,4323.4834
Poland,POL,2022-09-18,4339.6436
Poland,POL,2022-09-25,4354.5996
Poland,POL,2022-10-02,4378.166
Poland,POL,2022-10-09,4387.8984
Poland,POL,2022-10-16,4400.4507
Poland,POL,2022-10-23,4402.2495
Poland,POL,2022-10-30,4401.374
Poland,POL,2022-11-06,4390.297
Poland,POL,2022-11-13,4381.112
Poland,POL,2022-11-20,4376.061
Poland,POL,2022-11-27,4374.779
Poland,POL,2022-12-04,4374.094
Poland,POL,2022-12-11,4380.655
Poland,POL,2022-12-18,4405.1953
Poland,POL,2022-12-25,4447.032
Poland,POL,2023-01-01,4374.4355
Poland,POL,2023-01-08,4406.045
Poland,POL,2023-01-15,4416.521
Poland,POL,2023-01-22,4403.944
Poland,POL,2023-01-29,4381.4653
Poland,POL,2023-02-05,4352.1377
Poland,POL,2023-02-12,4323.97
Poland,POL,2023-02-19,4290.6304
Poland,POL,2023-02-26,4262.59
Poland,POL,2023-03-05,4235.3633
Poland,POL,2023-03-12,4215.0347
Poland,POL,2023-03-19,4198.869
Poland,POL,2023-03-26,4182.6357
Poland,POL,2023-04-02,4163.7646
Poland,POL,2023-04-09,4145.1377
Poland,POL,2023-04-16,4127.9873
Poland,POL,2023-04-23,4116.7896
Poland,POL,2023-04-30,4102.316
Poland,POL,2023-05-07,4089.0903
Poland,POL,2023-05-14,4076.6152
Poland,POL,2023-05-21,4068.8008
Poland,POL,2023-05-28,4059.6455
Poland,POL,2023-06-04,4046.0444
Poland,POL,2023-06-11,4040.3604
Poland,POL,2023-06-18,4023.7659
Poland,POL,2023-06-25,4016.3853
Poland,POL,2023-07-02,4000.6147
Poland,POL,2023-07-09,3981.227
Poland,POL,2023-07-16,3973.637
Poland,POL,2023-07-23,3953.0208
Poland,POL,2023-07-30,3935.4856
Poland,POL,2023-08-06,3913.8699
Poland,POL,2023-08-13,3890.4263
Poland,POL,2023-08-20,3894.6968
Poland,POL,2023-08-27,3890.5627
Poland,POL,2023-09-03,3865.3105
Poland,POL,2023-09-10,3852.7332
Poland,POL,2023-09-17,3841.4722
Poland,POL,2023-09-24,3826.4573
Poland,POL,2023-10-01,3806.5967
Poland,POL,2023-10-08,3785.654
Poland,POL,2023-10-15,3775.1045
Poland,POL,2023-10-22,3765.0767
Poland,POL,2023-10-29,3759.8362
Poland,POL,2023-11-05,3756.921
Poland,POL,2023-11-12,3753.6743
Poland,POL,2023-11-19,3749.35
Poland,POL,2023-11-26,3754.659
Poland,POL,2023-12-03,3766.8855
Poland,POL,2023-12-10,3776.2551
Poland,POL,2023-12-17,3788.418
Poland,POL,2023-12-24,3800.6638
Poland,POL,2023-12-31,3801.3904
Portugal,PRT,2020-01-05,-32.627106
Portugal,PRT,2020-01-12,-51.523647
Portugal,PRT,2020-01-19,-64.94348
Portugal,PRT,2020-01-26,-84.98584
Portugal,PRT,2020-02-02,-89.58858
Portugal,PRT,2020-02-09,-109.84458
Portugal,PRT,2020-02-16,-149.3661
Portugal,PRT,2020-02-23,-168.74817
Portugal,PRT,2020-03-01,-188.73228
Portugal,PRT,2020-03-08,-208.93001
Portugal,PRT,2020-03-15,-205.62846
Portugal,PRT,2020-03-22,-188.53807
Portugal,PRT,2020-03-29,-156.3188
Portugal,PRT,2020-04-05,-115.806816
Portugal,PRT,2020-04-12,-72.16807
Portugal,PRT,2020-04-19,-40.162422
Portugal,PRT,2020-04-26,-13.885953
Portugal,PRT,2020-05-03,0.38840607
Portugal,PRT,2020-05-10,19.964666
Portugal,PRT,2020-05-17,24.645098
Portugal,PRT,2020-05-24,34.5886
Portugal,PRT,2020-05-31,70.2842
Portugal,PRT,2020-06-07,79.21782
Portugal,PRT,2020-06-14,73.95476
Portugal,PRT,2020-06-21,64.86578
Portugal,PRT,2020-06-28,85.99571
Portugal,PRT,2020-07-05,105.30009
Portugal,PRT,2020-07-12,138.47098
Portugal,PRT,2020-07-19,212.69765
Portugal,PRT,2020-07-26,264.6097
Portugal,PRT,2020-08-02,290.22586
Portugal,PRT,2020-08-09,300.20822
Portugal,PRT,2020-08-16,306.83072
Portugal,PRT,2020-08-23,311.7442
Portugal,PRT,2020-08-30,334.66086
Portugal,PRT,2020-09-06,350.72195
Portugal,PRT,2020-09-13,389.64145
Portugal,PRT,2020-09-20,414.57788
Portugal,PRT,2020-09-27,412.51926
Portugal,PRT,2020-10-04,430.15344
Portugal,PRT,2020-10-11,453.14777
Portugal,PRT,2020-10-18,475.1128
Portugal,PRT,2020-10-25,493.95108
Portugal,PRT,2020-11-01,536.57996
Portugal,PRT,2020-11-08,583.40375
Portugal,PRT,2020-11-15,642.61804
Portugal,PRT,2020-11-22,695.07385
Portugal,PRT,2020-11-29,738.82916
Portugal,PRT,2020-12-06,793.46014
Portugal,PRT,2020-12-13,861.3362
Portugal,PRT,2020-12-20,907.4414
Portugal,PRT,2020-12-27,927.21185
Portugal,PRT,2021-01-03,982.8079
Portugal,PRT,2021-01-10,1077.3453
Portugal,PRT,2021-01-17,1246.5563
Portugal,PRT,2021-01-24,1452.249
Portugal,PRT,2021-01-31,1639.1664
Portugal,PRT,2021-02-07,1757.4741
Portugal,PRT,2021-02-14,1823.3821
Portugal,PRT,2021-02-21,1837.9397
Portugal,PRT,2021-02-28,1833.8776
Portugal,PRT,2021-03-07,1816.5795
Portugal,PRT,2021-03-14,1790.4183
Portugal,PRT,2021-03-21,1768.0474
Portugal,PRT,2021-03-28,1746.2595
Portugal,PRT,2021-04-04,1736.8912
Portugal,PRT,2021-04-11,1711.8186
Portugal,PRT,2021-04-18,1691.333
Portugal,PRT,2021-04-25,1675.6285
Portugal,PRT,2021-05-02,1659.6326
Portugal,PRT,2021-05-09,1659.8075
Portugal,PRT,2021-05-16,1652.4607
Portugal,PRT,2021-05-23,1634.1907
Portugal,PRT,2021-05-30,1635.1819
Portugal,PRT,2021-06-06,1625.4055
Portugal,PRT,2021-06-13,1625.289
Portugal,PRT,2021-06-20,1629.6232
Portugal,PRT,2021-06-27,1610.3037
Portugal,PRT,2021-07-04,1613.5496
Portugal,PRT,2021-07-11,1620.702
Portugal,PRT,2021-07-18,1634.9293
Portugal,PRT,2021-07-25,1640.3909
Portugal,PRT,2021-08-01,1645.8718
Portugal,PRT,2021-08-08,1655.1622
Portugal,PRT,2021-08-15,1663.3838
Portugal,PRT,2021-08-22,1686.61
Portugal,PRT,2021-08-29,1697.7274
Portugal,PRT,2021-09-05,1719.4764
Portugal,PRT,2021-09-12,1727.3676
Portugal,PRT,2021-09-19,1733.937
Portugal,PRT,2021-09-26,1748.1836
Portugal,PRT,2021-10-03,1756.5995
Portugal,PRT,2021-10-10,1771.4098
Portugal,PRT,2021-10-17,1791.0986
Portugal,PRT,2021-10-24,1795.3746
Portugal,PRT,2021-10-31,1808.5718
Portugal,PRT,2021-11-07,1816.6183
Portugal,PRT,2021-11-14,1848.4935
Portugal,PRT,2021-11-21,1880.0385
Portugal,PRT,2021-11-28,1917.2587
Portugal,PRT,2021-12-05,1963.2639
Portugal,PRT,2021-12-12,1994.4006
Portugal,PRT,2021-12-19,2009.4442
Portugal,PRT,2021-12-26,2022.1361
Portugal,PRT,2022-01-02,2018.5658
Portugal,PRT,2022-01-09,1978.608
Portugal,PRT,2022-01-16,1945.602
Portugal,PRT,2022-01-23,1931.1339
Portugal,PRT,2022-01-30,1919.4698
Portugal,PRT,2022-02-06,1929.615
Portugal,PRT,2022-02-13,1926.5968
Portugal,PRT,2022-02-20,1924.2212
Portugal,PRT,2022-02-27,1912.5376
Portugal,PRT,2022-03-06,1898.0111
Portugal,PRT,2022-03-13,1900.1141
Portugal,PRT,2022-03-20,1906.1117
Portugal,PRT,2022-03-27,1922.4297
Portugal,PRT,2022-04-03,1944.278
Portugal,PRT,2022-04-10,1958.3761
Portugal,PRT,2022-04-17,1982.23
Portugal,PRT,2022-04-24,2003.0851
Portugal,PRT,2022-05-01,2023.9402
Portugal,PRT,2022-05-08,2039.2845
Portugal,PRT,2022-05-15,2083.02
Portugal,PRT,2022-05-22,2113.2803
Portugal,PRT,2022-05-29,2146.2864
Portugal,PRT,2022-06-05,2184.18
Portugal,PRT,2022-06-12,2236.4248
Portugal,PRT,2022-06-19,2306.5652
Portugal,PRT,2022-06-26,2316.7883
Portugal,PRT,2022-07-03,2337.3513
Portugal,PRT,2022-07-10,2382.3718
Portugal,PRT,2022-07-17,2461.8394
Portugal,PRT,2022-07-24,2504.679
Portugal,PRT,2022-07-31,2540.9175
Portugal,PRT,2022-08-07,2561.4026
Portugal,PRT,2022-08-14,2569.1333
Portugal,PRT,2022-08-21,2584.984
Portugal,PRT,2022-08-28,2590.1636
Portugal,PRT,2022-09-04,2607.4553
Portugal,PRT,2022-09-11,2618.944
Portugal,PRT,2022-09-18,2640.3054
Portugal,PRT,2022-09-25,2661.3748
Portugal,PRT,2022-10-02,2658.9797
Portugal,PRT,2022-10-09,2672.922
Portugal,PRT,2022-10-16,2691.5574
Portugal,PRT,2022-10-23,2699.7163
Portugal,PRT,2022-10-30,2712.2373
Portugal,PRT,2022-11-06,2728.8474
Portugal,PRT,2022-11-13,2750.4424
Portugal,PRT,2022-11-20,2769.2725
Portugal,PRT,2022-11-27,2799.5327
Portugal,PRT,2022-12-04,2836.55
Portugal,PRT,2022-12-11,2886.322
Portugal,PRT,2022-12-18,2940.9036
Portugal,PRT,2022-12-25,2965.186
Portugal,PRT,2023-01-01,2979.642
Portugal,PRT,2023-01-08,2965.0435
Portugal,PRT,2023-01-15,2935.456
Portugal,PRT,2023-01-22,2910.9822
Portugal,PRT,2023-01-29,2882.6829
Portugal,PRT,2023-02-05,2887.8547
Portugal,PRT,2023-02-12,2898.8623
Portugal,PRT,2023-02-19,2894.51
Portugal,PRT,2023-02-26,2887.1716
Portugal,PRT,2023-03-05,2888.4988
Portugal,PRT,2023-03-12,2899.3696
Portugal,PRT,2023-03-19,2896.3835
Portugal,PRT,2023-03-26,2886.957
Portugal,PRT,2023-04-02,2883.366
Portugal,PRT,2023-04-09,2869.7627
Portugal,PRT,2023-04-16,2857.2524
Portugal,PRT,2023-04-23,2861.0583
Portugal,PRT,2023-04-30,2874.6223
Portugal,PRT,2023-05-07,2880.419
Portugal,PRT,2023-05-14,2872.8074
Portugal,PRT,2023-05-21,2876.8667
Portugal,PRT,2023-05-28,2886.4104
Portugal,PRT,2023-06-04,2894.6074
Portugal,PRT,2023-06-11,2906.454
Portugal,PRT,2023-06-18,2911.06
Portugal,PRT,2023-06-25,2910.26
Portugal,PRT,2023-07-02,2916.4077
Portugal,PRT,2023-07-09,2919.1597
Portugal,PRT,2023-07-16,2923.258
Portugal,PRT,2023-07-23,2925.8733
Portugal,PRT,2023-07-30,2927.9226
Portugal,PRT,2023-08-06,2934.773
Portugal,PRT,2023-08-13,2952.6504
Portugal,PRT,2023-08-20,2968.615
Portugal,PRT,2023-08-27,2997.4998
Portugal,PRT,2023-09-03,3014.2256
Portugal,PRT,2023-09-10,3026.3066
Portugal,PRT,2023-09-17,3043.208
Portugal,PRT,2023-09-24,3056.8894
Portugal,PRT,2023-10-01,3071.4487
Portugal,PRT,2023-10-08,3079.2556
Portugal,PRT,2023-10-15,3092.2537
Portugal,PRT,2023-10-22,3092.2146
Portugal,PRT,2023-10-29,3096.157
Portugal,PRT,2023-11-05,3100.197
Portugal,PRT,2023-11-12,3118.6013
Portugal,PRT,2023-11-19,3120.2798
Portugal,PRT,2023-11-26,3116.8252
Portugal,PRT,2023-12-03,3118.7769
Portugal,PRT,2023-12-10,3134.8782
Portugal,PRT,2023-12-17,3150.7258
Portugal,PRT,2023-12-24,3174.4583
Portugal,PRT,2023-12-31,3247.2556
Puerto Rico,PRI,2020-01-05,-37.290966
Puerto Rico,PRI,2020-01-12,-53.002083
Puerto Rico,PRI,2020-01-19,-49.089592
Puerto Rico,PRI,2020-01-26,-51.229237
Puerto Rico,PRI,2020-02-02,-69.14112
Puerto Rico,PRI,2020-02-09,-76.538185
Puerto Rico,PRI,2020-02-16,-74.82648
Puerto Rico,PRI,2020-02-23,-71.525314
Puerto Rico,PRI,2020-03-01,-64.55618
Puerto Rico,PRI,2020-03-08,-51.840584
Puerto Rico,PRI,2020-03-15,-44.07672
Puerto Rico,PRI,2020-03-22,-30.749792
Puerto Rico,PRI,2020-03-29,-2.2008007
Puerto Rico,PRI,2020-04-05,3.8513358
Puerto Rico,PRI,2020-04-12,16.994873
Puerto Rico,PRI,2020-04-19,25.736845
Puerto Rico,PRI,2020-04-26,26.348173
Puerto Rico,PRI,2020-05-03,26.837227
Puerto Rico,PRI,2020-05-10,32.522564
Puerto Rico,PRI,2020-05-17,27.020617
Puerto Rico,PRI,2020-05-24,22.435663
Puerto Rico,PRI,2020-05-31,29.649317
Puerto Rico,PRI,2020-06-07,42.915127
Puerto Rico,PRI,2020-06-14,39.736217
Puerto Rico,PRI,2020-06-21,52.3907
Puerto Rico,PRI,2020-06-28,49.334064
Puerto Rico,PRI,2020-07-05,45.238163
Puerto Rico,PRI,2020-07-12,56.792244
Puerto Rico,PRI,2020-07-19,68.8354
Puerto Rico,PRI,2020-07-26,88.886925
Puerto Rico,PRI,2020-08-02,119.45329
Puerto Rico,PRI,2020-08-09,152.95403
Puerto Rico,PRI,2020-08-16,188.28873
Puerto Rico,PRI,2020-08-23,235.23866
Puerto Rico,PRI,2020-08-30,257.42984
Puerto Rico,PRI,2020-09-06,280.66028
Puerto Rico,PRI,2020-09-13,300.28387
Puerto Rico,PRI,2020-09-20,314.161
Puerto Rico,PRI,2020-09-27,310.921
Puerto Rico,PRI,2020-10-04,311.10437
Puerto Rico,PRI,2020-10-11,336.9635
Puerto Rico,PRI,2020-10-18,348.21194
Puerto Rico,PRI,2020-10-25,358.91016
Puerto Rico,PRI,2020-11-01,378.35037
Puerto Rico,PRI,2020-11-08,395.89545
Puerto Rico,PRI,2020-11-15,411.60657
Puerto Rico,PRI,2020-11-22,433.00302
Puerto Rico,PRI,2020-11-29,458.25085
Puerto Rico,PRI,2020-12-06,482.21487
Puerto Rico,PRI,2020-12-13,504.58945
Puerto Rico,PRI,2020-12-20,531.6101
Puerto Rico,PRI,2020-12-27,551.4783
Puerto Rico,PRI,2021-01-03,574.07324
Puerto Rico,PRI,2021-01-10,586.9417
Puerto Rico,PRI,2021-01-17,591.0878
Puerto Rico,PRI,2021-01-24,591.30286
Puerto Rico,PRI,2021-01-31,603.55707
Puerto Rico,PRI,2021-02-07,598.121
Puerto Rico,PRI,2021-02-14,601.40717
Puerto Rico,PRI,2021-02-21,612.31006
Puerto Rico,PRI,2021-02-28,619.58887
Puerto Rico,PRI,2021-03-07,627.789
Puerto Rico,PRI,2021-03-14,635.31354
Puerto Rico,PRI,2021-03-21,650.1475
Puerto Rico,PRI,2021-03-28,666.8857
Puerto Rico,PRI,2021-04-04,681.10547
Puerto Rico,PRI,2021-04-11,690.5341
Puerto Rico,PRI,2021-04-18,719.0658
Puerto Rico,PRI,2021-04-25,766.82336
Puerto Rico,PRI,2021-05-02,789.82684
Puerto Rico,PRI,2021-05-09,826.2208
Puerto Rico,PRI,2021-05-16,861.6935
Puerto Rico,PRI,2021-05-23,884.69696
Puerto Rico,PRI,2021-05-30,900.63666
Puerto Rico,PRI,2021-06-06,923.8244
Puerto Rico,PRI,2021-06-13,933.4373
Puerto Rico,PRI,2021-06-20,943.1117
Puerto Rico,PRI,2021-06-27,965.31665
Puerto Rico,PRI,2021-07-04,990.7771
Puerto Rico,PRI,2021-07-11,1000.75854
Puerto Rico,PRI,2021-07-18,1009.26587
Puerto Rico,PRI,2021-07-25,1019.1859
Puerto Rico,PRI,2021-08-01,1033.4672
Puerto Rico,PRI,2021-08-08,1063.5344
Puerto Rico,PRI,2021-08-15,1106.9922
Puerto Rico,PRI,2021-08-22,1147.3789
Puerto Rico,PRI,2021-08-29,1192.6794
Puerto Rico,PRI,2021-09-05,1240.1299
Puerto Rico,PRI,2021-09-12,1287.0889
Puerto Rico,PRI,2021-09-19,1319.6746
Puerto Rico,PRI,2021-09-26,1353.8573
Puerto Rico,PRI,2021-10-03,1345.35
Puerto Rico,PRI,2021-10-10,1341.2039
Puerto Rico,PRI,2021-10-17,1363.4702
Puerto Rico,PRI,2021-10-24,1365.8351
Puerto Rico,PRI,2021-10-31,1379.3177
Puerto Rico,PRI,2021-11-07,1400.9698
Puerto Rico,PRI,2021-11-14,1413.9612
Puerto Rico,PRI,2021-11-21,1425.4169
Puerto Rico,PRI,2021-11-28,1415.8654
Puerto Rico,PRI,2021-12-05,1416.0189
Puerto Rico,PRI,2021-12-12,1423.4819
Puerto Rico,PRI,2021-12-19,1429.348
Puerto Rico,PRI,2021-12-26,1430.0543
Puerto Rico,PRI,2022-01-02,1452.8295
Puerto Rico,PRI,2022-01-09,1498.8876
Puerto Rico,PRI,2022-01-16,1567.8826
Puerto Rico,PRI,2022-01-23,1633.5569
Puerto Rico,PRI,2022-01-30,1684.8419
Puerto Rico,PRI,2022-02-06,1692.2825
Puerto Rico,PRI,2022-02-13,1712.7596
Puerto Rico,PRI,2022-02-20,1727.9484
Puerto Rico,PRI,2022-02-27,1738.894
Puerto Rico,PRI,2022-03-06,1747.995
Puerto Rico,PRI,2022-03-13,1752.4225
Puerto Rico,PRI,2022-03-20,1749.1019
Puerto Rico,PRI,2022-03-27,1756.604
Puerto Rico,PRI,2022-04-03,1781.8776
Puerto Rico,PRI,2022-04-10,1795.5905
Puerto Rico,PRI,2022-04-17,1813.3618
Puerto Rico,PRI,2022-04-24,1823.9386
Puerto Rico,PRI,2022-05-01,1852.1638
Puerto Rico,PRI,2022-05-08,1874.7317
Puerto Rico,PRI,2022-05-15,1902.834
Puerto Rico,PRI,2022-05-22,1951.3518
Puerto Rico,PRI,2022-05-29,1963.2814
Puerto Rico,PRI,2022-06-05,1986.4642
Puerto Rico,PRI,2022-06-12,2016.3497
Puerto Rico,PRI,2022-06-19,2026.619
Puerto Rico,PRI,2022-06-26,2058.0417
Puerto Rico,PRI,2022-07-03,2095.491
Puerto Rico,PRI,2022-07-10,2133.4321
Puerto Rico,PRI,2022-07-17,2166.2078
Puerto Rico,PRI,2022-07-24,2196.4006
Puerto Rico,PRI,2022-07-31,2230.3447
Puerto Rico,PRI,2022-08-07,2284.0896
Puerto Rico,PRI,2022-08-14,2333.4067
Puerto Rico,PRI,2022-08-21,2348.5955
Puerto Rico,PRI,2022-08-28,2390.5337
Puerto Rico,PRI,2022-09-04,2428.4746
Puerto Rico,PRI,2022-09-11,2435.4849
Puerto Rico,PRI,2022-09-18,2446.861
Puerto Rico,PRI,2022-09-25,2496.4243
Puerto Rico,PRI,2022-10-02,2505.7097
Puerto Rico,PRI,2022-10-09,2526.1252
Puerto Rico,PRI,2022-10-16,2558.2246
Puerto Rico,PRI,2022-10-23,2583.3137
Puerto Rico,PRI,2022-10-30,2618.303
Puerto Rico,PRI,2022-11-06,2645.483
Puerto Rico,PRI,2022-11-13,2672.6013
Puerto Rico,PRI,2022-11-20,2708.021
Puerto Rico,PRI,2022-11-27,2748.545
Puerto Rico,PRI,2022-12-04,2775.4172
Puerto Rico,PRI,2022-12-11,2811.1445
Puerto Rico,PRI,2022-12-18,2844.3506
Puerto Rico,PRI,2022-12-25,2873.3137
Puerto Rico,PRI,2023-01-01,2894.199
Puerto Rico,PRI,2023-01-08,2899.9038
Puerto Rico,PRI,2023-01-15,2933.0908
Puerto Rico,PRI,2023-01-22,2946.0957
Puerto Rico,PRI,2023-01-29,2963.1494
Puerto Rico,PRI,2023-02-05,2974.498
Puerto Rico,PRI,2023-02-12,2997.6245
Puerto Rico,PRI,2023-02-19,3029.5847
Puerto Rico,PRI,2023-02-26,3047.1904
Puerto Rico,PRI,2023-03-05,3070.317
Puerto Rico,PRI,2023-03-12,3099.21
Puerto Rico,PRI,2023-03-19,3121.907
Puerto Rico,PRI,2023-03-26,3128.4094
Puerto Rico,PRI,2023-04-02,3148.9597
Puerto Rico,PRI,2023-04-09,3144.4814
Puerto Rico,PRI,2023-04-16,3170.1233
Puerto Rico,PRI,2023-04-23,3197.4827
Puerto Rico,PRI,2023-04-30,3212.3892
Puerto Rico,PRI,2023-05-07,3236.3745
Puerto Rico,PRI,2023-05-14,3265.5742
Puerto Rico,PRI,2023-05-21,3278.3337
Puerto Rico,PRI,2023-05-28,3292.6267
Puerto Rico,PRI,2023-06-04,3311.398
Puerto Rico,PRI,2023-06-11,3367.8342
Puerto Rico,PRI,2023-06-18,3389.9792
Puerto Rico,PRI,2023-06-25,3421.2646
Puerto Rico,PRI,2023-07-02,3463.469
Puerto Rico,PRI,2023-07-09,3490.8284
Puerto Rico,PRI,2023-07-16,3511.5012
Puerto Rico,PRI,2023-07-23,3539.7195
Puerto Rico,PRI,2023-07-30,3565.2385
Puerto Rico,PRI,2023-08-06,3607.1362
Puerto Rico,PRI,2023-08-13,3643.3904
Puerto Rico,PRI,2023-08-20,3684.859
Puerto Rico,PRI,2023-08-27,3752.0916
Qatar,QAT,2020-01-31,-0.25358626
Qatar,QAT,2020-02-29,4.9992948
Qatar,QAT,2020-03-31,17.062809
Qatar,QAT,2020-04-30,10.360857
Qatar,QAT,2020-05-31,25.10515
Qatar,QAT,2020-06-30,68.97576
Qatar,QAT,2020-07-31,103.21006
Qatar,QAT,2020-08-31,114.69394
Qatar,QAT,2020-09-30,127.48199
Qatar,QAT,2020-10-31,141.06703
Qatar,QAT,2020-11-30,130.81485
Qatar,QAT,2020-12-31,136.64737
Qatar,QAT,2021-01-31,148.08951
Qatar,QAT,2021-02-28,146.63875
Qatar,QAT,2021-03-31,170.40895
Qatar,QAT,2021-04-30,249.3082
Qatar,QAT,2021-05-31,278.06308
Qatar,QAT,2021-06-30,296.17902
Qatar,QAT,2021-07-31,309.6079
Qatar,QAT,2021-08-31,326.45908
Qatar,QAT,2021-09-30,322.33
Qatar,QAT,2021-10-31,332.78293
Qatar,QAT,2021-11-30,335.87045
Qatar,QAT,2021-12-31,342.45468
Qatar,QAT,2022-01-31,379.6476
Qatar,QAT,2022-02-28,397.3833
Qatar,QAT,2022-03-31,412.07645
Qatar,QAT,2022-04-30,425.7307
Qatar,QAT,2022-05-31,429.4411
Qatar,QAT,2022-06-30,429.21848
Qatar,QAT,2022-07-31,444.72794
Qatar,QAT,2022-08-31,465.1351
Qatar,QAT,2022-09-30,484.6518
Qatar,QAT,2022-10-31,497.935
Qatar,QAT,2022-11-30,510.1793
Qatar,QAT,2022-12-31,519.23267
Qatar,QAT,2023-01-31,532.91144
Qatar,QAT,2023-02-28,545.57526
Qatar,QAT,2023-03-31,564.0556
Qatar,QAT,2023-04-30,568.6204
Qatar,QAT,2023-05-31,575.4678
Qatar,QAT,2023-06-30,578.78094
Qatar,QAT,2023-07-31,596.5987
Qatar,QAT,2023-08-31,608.2317
Qatar,QAT,2023-09-30,623.39886
Qatar,QAT,2023-10-31,652.2606
Qatar,QAT,2023-11-30,671.25635
Qatar,QAT,2023-12-31,684.50916
Reunion,REU,2020-01-05,-18.270485
Reunion,REU,2020-01-12,-23.595024
Reunion,REU,2020-01-19,-33.722088
Reunion,REU,2020-01-26,-29.023966
Reunion,REU,2020-02-02,-43.53595
Reunion,REU,2020-02-09,-40.090656
Reunion,REU,2020-02-16,-31.842836
Reunion,REU,2020-02-23,-54.915848
Reunion,REU,2020-03-01,-80.07691
Reunion,REU,2020-03-08,-80.39012
Reunion,REU,2020-03-15,-84.04422
Reunion,REU,2020-03-22,-86.23668
Reunion,REU,2020-03-29,-98.66061
Reunion,REU,2020-04-05,-97.720985
Reunion,REU,2020-04-12,-103.463135
Reunion,REU,2020-04-19,-98.138596
Reunion,REU,2020-04-26,-117.24431
Reunion,REU,2020-05-03,-107.11724
Reunion,REU,2020-05-10,-110.14492
Reunion,REU,2020-05-17,-125.90974
Reunion,REU,2020-05-24,-132.90472
Reunion,REU,2020-05-31,-119.01915
Reunion,REU,2020-06-07,-111.39774
Reunion,REU,2020-06-14,-85.81907
Reunion,REU,2020-06-21,-89.89078
Reunion,REU,2020-06-28,-92.70965
Reunion,REU,2020-07-05,-93.44046
Reunion,REU,2020-07-12,-102.3147
Reunion,REU,2020-07-19,-101.37507
Reunion,REU,2020-07-26,-103.35873
Reunion,REU,2020-08-02,-100.95746
Reunion,REU,2020-08-09,-98.55619
Reunion,REU,2020-08-16,-73.60393
Reunion,REU,2020-08-23,-70.57625
Reunion,REU,2020-08-30,-66.92215
Reunion,REU,2020-09-06,-61.59761
Reunion,REU,2020-09-13,-65.25171
Reunion,REU,2020-09-20,-62.432835
Reunion,REU,2020-09-27,-82.373764
Reunion,REU,2020-10-04,-74.75236
Reunion,REU,2020-10-11,-79.24168
Reunion,REU,2020-10-18,-100.64425
Reunion,REU,2020-10-25,-118.079506
Reunion,REU,2020-11-01,-127.37135
Reunion,REU,2020-11-08,-128.31097
Reunion,REU,2020-11-15,-121.94241
Reunion,REU,2020-11-22,-112.859375
Reunion,REU,2020-11-29,-109.41408
Reunion,REU,2020-12-06,-105.551186
Reunion,REU,2020-12-13,-110.040504
Reunion,REU,2020-12-20,-112.65057
Reunion,REU,2020-12-27,-110.458115
Reunion,REU,2021-01-03,-101.124886
Reunion,REU,2021-01-10,-106.71419
Reunion,REU,2021-01-17,-103.609024
Reunion,REU,2021-01-24,-103.195
Reunion,REU,2021-01-31,-116.029686
Reunion,REU,2021-02-07,-123.06806
Reunion,REU,2021-02-14,-112.30349
Reunion,REU,2021-02-21,-119.548874
Reunion,REU,2021-02-28,-121.61898
Reunion,REU,2021-03-07,-128.86436
Reunion,REU,2021-03-14,-111.47544
Reunion,REU,2021-03-21,-98.43375
Reunion,REU,2021-03-28,-81.87286
Reunion,REU,2021-04-04,-88.91124
Reunion,REU,2021-04-11,-76.49058
Reunion,REU,2021-04-18,-62.413826
Reunion,REU,2021-04-25,-53.926376
Reunion,REU,2021-05-02,-28.257004
Reunion,REU,2021-05-09,-20.183569
Reunion,REU,2021-05-16,-7.5558987
Reunion,REU,2021-05-23,-18.941505
Reunion,REU,2021-05-30,-3.001654
Reunion,REU,2021-06-06,38.81458
Reunion,REU,2021-06-13,66.14004
Reunion,REU,2021-06-20,76.07657
Reunion,REU,2021-06-27,69.03819
Reunion,REU,2021-07-04,93.258484
Reunion,REU,2021-07-11,122.65405
Reunion,REU,2021-07-18,120.16992
Reunion,REU,2021-07-25,146.0463
Reunion,REU,2021-08-01,126.58726
Reunion,REU,2021-08-08,151.8426
Reunion,REU,2021-08-15,160.53708
Reunion,REU,2021-08-22,183.30829
Reunion,REU,2021-08-29,201.93929
Reunion,REU,2021-09-05,202.56032
Reunion,REU,2021-09-12,232.78392
Reunion,REU,2021-09-19,241.6854
Reunion,REU,2021-09-26,225.95256
Reunion,REU,2021-10-03,220.77728
Reunion,REU,2021-10-10,226.3666
Reunion,REU,2021-10-17,222.01936
Reunion,REU,2021-10-24,223.67545
Reunion,REU,2021-10-31,218.9142
Reunion,REU,2021-11-07,226.3666
Reunion,REU,2021-11-14,213.11787
Reunion,REU,2021-11-21,243.34149
Reunion,REU,2021-11-28,230.71382
Reunion,REU,2021-12-05,226.98763
Reunion,REU,2021-12-12,234.026
Reunion,REU,2021-12-19,264.87064
Reunion,REU,2021-12-26,293.43817
Reunion,REU,2022-01-02,301.52084
Reunion,REU,2022-01-09,344.43393
Reunion,REU,2022-01-16,414.45
Reunion,REU,2022-01-23,484.87674
Reunion,REU,2022-01-30,541.136
Reunion,REU,2022-02-06,603.14435
Reunion,REU,2022-02-13,668.4379
Reunion,REU,2022-02-20,717.92145
Reunion,REU,2022-02-27,719.1534
Reunion,REU,2022-03-06,747.0777
Reunion,REU,2022-03-13,766.5836
Reunion,REU,2022-03-20,791.0174
Reunion,REU,2022-03-27,798.4091
Reunion,REU,2022-04-03,793.68665
Reunion,REU,2022-04-10,815.4512
Reunion,REU,2022-04-17,835.77844
Reunion,REU,2022-04-24,833.1092
Reunion,REU,2022-05-01,877.2542
Reunion,REU,2022-05-08,896.7602
Reunion,REU,2022-05-15,893.06433
Reunion,REU,2022-05-22,906.6158
Reunion,REU,2022-05-29,899.01874
Reunion,REU,2022-06-05,923.2472
Reunion,REU,2022-06-12,935.15607
Reunion,REU,2022-06-19,928.79095
Reunion,REU,2022-06-26,916.8821
Reunion,REU,2022-07-03,910.31165
Reunion,REU,2022-07-10,955.0727
Reunion,REU,2022-07-17,951.7875
Reunion,REU,2022-07-24,981.765
Reunion,REU,2022-07-31,1002.70825
Reunion,REU,2022-08-07,1033.0964
Reunion,REU,2022-08-14,1087.0972
Reunion,REU,2022-08-21,1113.9948
Reunion,REU,2022-08-28,1141.9191
Reunion,REU,2022-09-04,1147.8735
Reunion,REU,2022-09-11,1165.7368
Reunion,REU,2022-09-18,1180.931
Reunion,REU,2022-09-25,1181.9576
Reunion,REU,2022-10-02,1185.2428
Reunion,REU,2022-10-09,1182.7789
Reunion,REU,2022-10-16,1187.9121
Reunion,REU,2022-10-23,1179.4937
Reunion,REU,2022-10-30,1160.6038
Reunion,REU,2022-11-06,1166.1476
Reunion,REU,2022-11-13,1155.2653
Reunion,REU,2022-11-20,1159.7825
Reunion,REU,2022-11-27,1146.4363
Reunion,REU,2022-12-04,1158.3451
Reunion,REU,2022-12-11,1168.6115
Reunion,REU,2022-12-18,1187.0907
Reunion,REU,2022-12-25,1164.2996
Reunion,REU,2023-01-01,1180.9965
Reunion,REU,2023-01-08,1169.7926
Reunion,REU,2023-01-15,1154.9219
Reunion,REU,2023-01-22,1157.7738
Reunion,REU,2023-01-29,1176.1075
Reunion,REU,2023-02-05,1162.4591
Reunion,REU,2023-02-12,1169.3851
Reunion,REU,2023-02-19,1173.8667
Reunion,REU,2023-02-26,1161.0331
Reunion,REU,2023-03-05,1158.3849
Reunion,REU,2023-03-12,1145.3477
Reunion,REU,2023-03-19,1123.9583
Reunion,REU,2023-03-26,1111.1248
Reunion,REU,2023-04-02,1103.5875
Reunion,REU,2023-04-09,1105.0134
Reunion,REU,2023-04-16,1112.1432
Reunion,REU,2023-04-23,1095.4392
Reunion,REU,2023-04-30,1098.6985
Reunion,REU,2023-05-07,1091.7725
Reunion,REU,2023-05-14,1079.1426
Reunion,REU,2023-05-21,1061.2163
Reunion,REU,2023-05-28,1057.9569
Reunion,REU,2023-06-04,1056.7347
Reunion,REU,2023-06-11,1066.7164
Reunion,REU,2023-06-18,1068.7534
Reunion,REU,2023-06-25,1058.1606
Reunion,REU,2023-07-02,1048.79
Reunion,REU,2023-07-09,1058.7717
Reunion,REU,2023-07-16,1040.4381
Reunion,REU,2023-07-23,1045.9382
Reunion,REU,2023-07-30,1038.401
Reunion,REU,2023-08-06,1021.90063
Reunion,REU,2023-08-13,1027.8082
Reunion,REU,2023-08-20,1021.0858
Reunion,REU,2023-08-27,997.0483
Reunion,REU,2023-09-03,985.84436
Reunion,REU,2023-09-10,980.34424
Reunion,REU,2023-09-17,976.2701
Reunion,REU,2023-09-24,980.548
Reunion,REU,2023-10-01,965.6773
Reunion,REU,2023-10-08,953.2511
Reunion,REU,2023-10-15,953.45483
Reunion,REU,2023-10-22,979.9368
Reunion,REU,2023-10-29,978.7146
Reunion,REU,2023-11-05,987.474
Reunion,REU,2023-11-12,970.76996
Reunion,REU,2023-11-19,977.4923
Reunion,REU,2023-11-26,956.3067
Reunion,REU,2023-12-03,954.0659
Reunion,REU,2023-12-10,950.1955
Reunion,REU,2023-12-17,976.8812
Reunion,REU,2023-12-24,1000.3076
Reunion,REU,2023-12-31,1010.0856
Romania,ROU,2020-01-05,-30.896973
Romania,ROU,2020-01-12,-58.965027
Romania,ROU,2020-01-19,-82.00272
Romania,ROU,2020-01-26,-107.00525
Romania,ROU,2020-02-02,-127.810684
Romania,ROU,2020-02-09,-137.65018
Romania,ROU,2020-02-16,-151.23415
Romania,ROU,2020-02-23,-175.08453
Romania,ROU,2020-03-01,-192.29982
Romania,ROU,2020-03-08,-210.70837
Romania,ROU,2020-03-15,-229.36383
Romania,ROU,2020-03-22,-246.85686
Romania,ROU,2020-03-29,-253.3428
Romania,ROU,2020-04-05,-255.13788
Romania,ROU,2020-04-12,-249.56749
Romania,ROU,2020-04-19,-246.27051
Romania,ROU,2020-04-26,-238.4884
Romania,ROU,2020-05-03,-242.71123
Romania,ROU,2020-05-10,-238.56041
Romania,ROU,2020-05-17,-228.59746
Romania,ROU,2020-05-24,-236.66759
Romania,ROU,2020-05-31,-241.5282
Romania,ROU,2020-06-07,-230.1765
Romania,ROU,2020-06-14,-212.09712
Romania,ROU,2020-06-21,-220.30098
Romania,ROU,2020-06-28,-209.23732
Romania,ROU,2020-07-05,-169.18494
Romania,ROU,2020-07-12,-149.95341
Romania,ROU,2020-07-19,-135.44362
Romania,ROU,2020-07-26,-120.62521
Romania,ROU,2020-08-02,-77.57932
Romania,ROU,2020-08-09,-37.691532
Romania,ROU,2020-08-16,1.4658704
Romania,ROU,2020-08-23,41.14792
Romania,ROU,2020-08-30,82.19814
Romania,ROU,2020-09-06,116.747
Romania,ROU,2020-09-13,149.70137
Romania,ROU,2020-09-20,183.3038
Romania,ROU,2020-09-27,208.35776
Romania,ROU,2020-10-04,235.83943
Romania,ROU,2020-10-11,281.1999
Romania,ROU,2020-10-18,340.96213
Romania,ROU,2020-10-25,420.04333
Romania,ROU,2020-11-01,521.7868
Romania,ROU,2020-11-08,662.6105
Romania,ROU,2020-11-15,815.2642
Romania,ROU,2020-11-22,985.31323
Romania,ROU,2020-11-29,1161.6064
Romania,ROU,2020-12-06,1336.7682
Romania,ROU,2020-12-13,1485.0499
Romania,ROU,2020-12-20,1589.5194
Romania,ROU,2020-12-27,1686.0267
Romania,ROU,2021-01-03,1773.4431
Romania,ROU,2021-01-10,1816.6746
Romania,ROU,2021-01-17,1847.903
Romania,ROU,2021-01-24,1905.5068
Romania,ROU,2021-01-31,1931.2305
Romania,ROU,2021-02-07,1954.243
Romania,ROU,2021-02-14,1970.9023
Romania,ROU,2021-02-21,1987.2615
Romania,ROU,2021-02-28,2002.0894
Romania,ROU,2021-03-07,2031.3517
Romania,ROU,2021-03-14,2076.073
Romania,ROU,2021-03-21,2148.4324
Romania,ROU,2021-03-28,2239.7065
Romania,ROU,2021-04-04,2338.6897
Romania,ROU,2021-04-11,2440.2183
Romania,ROU,2021-04-18,2544.6025
Romania,ROU,2021-04-25,2633.3005
Romania,ROU,2021-05-02,2713.472
Romania,ROU,2021-05-09,2762.2185
Romania,ROU,2021-05-16,2806.8674
Romania,ROU,2021-05-23,2838.996
Romania,ROU,2021-05-30,2852.0027
Romania,ROU,2021-06-06,2861.719
Romania,ROU,2021-06-13,2871.0833
Romania,ROU,2021-06-20,2867.3997
Romania,ROU,2021-06-27,2902.829
Romania,ROU,2021-07-04,2913.197
Romania,ROU,2021-07-11,2922.0442
Romania,ROU,2021-07-18,2943.5771
Romania,ROU,2021-07-25,2953.3242
Romania,ROU,2021-08-01,2970.832
Romania,ROU,2021-08-08,2977.7751
Romania,ROU,2021-08-15,2975.8506
Romania,ROU,2021-08-22,2984.3665
Romania,ROU,2021-08-29,2994.5483
Romania,ROU,2021-09-05,3007.9688
Romania,ROU,2021-09-12,3056.0325
Romania,ROU,2021-09-19,3138.1907
Romania,ROU,2021-09-26,3238.7983
Romania,ROU,2021-10-03,3388.9595
Romania,ROU,2021-10-10,3626.67
Romania,ROU,2021-10-17,3932.4453
Romania,ROU,2021-10-24,4272.9883
Romania,ROU,2021-10-31,4602.5938
Romania,ROU,2021-11-07,4901.136
Romania,ROU,2021-11-14,5102.248
Romania,ROU,2021-11-21,5253.6924
Romania,ROU,2021-11-28,5352.893
Romania,ROU,2021-12-05,5413.932
Romania,ROU,2021-12-12,5452.931
Romania,ROU,2021-12-19,5476.689
Romania,ROU,2021-12-26,5501.8022
Romania,ROU,2022-01-02,5419.0977
Romania,ROU,2022-01-09,5414.514
Romania,ROU,2022-01-16,5409.931
Romania,ROU,2022-01-23,5419.021
Romania,ROU,2022-01-30,5458.4683
Romania,ROU,2022-02-06,5537.876
Romania,ROU,2022-02-13,5645.2197
Romania,ROU,2022-02-20,5748.403
Romania,ROU,2022-02-27,5811.879
Romania,ROU,2022-03-06,5847.684
Romania,ROU,2022-03-13,5875.798
Romania,ROU,2022-03-20,5886.373
Romania,ROU,2022-03-27,5899.573
Romania,ROU,2022-04-03,5927.27
Romania,ROU,2022-04-10,5932.7993
Romania,ROU,2022-04-17,5940.017
Romania,ROU,2022-04-24,5934.5083
Romania,ROU,2022-05-01,5939.3354
Romania,ROU,2022-05-08,5927.865
Romania,ROU,2022-05-15,5932.611
Romania,ROU,2022-05-22,5928.7095
Romania,ROU,2022-05-29,5911.7046
Romania,ROU,2022-06-05,5905.911
Romania,ROU,2022-06-12,5887.2583
Romania,ROU,2022-06-19,5863.9663
Romania,ROU,2022-06-26,5843.7773
Romania,ROU,2022-07-03,5848.5947
Romania,ROU,2022-07-10,5847.745
Romania,ROU,2022-07-17,5835.6133
Romania,ROU,2022-07-24,5851.8247
Romania,ROU,2022-07-31,5878.362
Romania,ROU,2022-08-07,5896.1904
Romania,ROU,2022-08-14,5915.5757
Romania,ROU,2022-08-21,5947.3115
Romania,ROU,2022-08-28,5977.989
Romania,ROU,2022-09-04,5990.08
Romania,ROU,2022-09-11,5994.4697
Romania,ROU,2022-09-18,5996.011
Romania,ROU,2022-09-25,6004.6533
Romania,ROU,2022-10-02,6019.593
Romania,ROU,2022-10-09,6010.533
Romania,ROU,2022-10-16,6001.861
Romania,ROU,2022-10-23,5992.2725
Romania,ROU,2022-10-30,5977.6787
Romania,ROU,2022-11-06,5958.2324
Romania,ROU,2022-11-13,5935.8257
Romania,ROU,2022-11-20,5931.222
Romania,ROU,2022-11-27,5918.5923
Romania,ROU,2022-12-04,5897.7417
Romania,ROU,2022-12-11,5892.9146
Romania,ROU,2022-12-18,5876.6626
Romania,ROU,2022-12-25,5864.2363
Romania,ROU,2023-01-01,5757.432
Romania,ROU,2023-01-08,5749.2983
Romania,ROU,2023-01-15,5737.1934
Romania,ROU,2023-01-22,5719.2476
Romania,ROU,2023-01-29,5681.535
Romania,ROU,2023-02-05,5646.216
Romania,ROU,2023-02-12,5618.1455
Romania,ROU,2023-02-19,5595.866
Romania,ROU,2023-02-26,5560.135
Romania,ROU,2023-03-05,5516.41
Romania,ROU,2023-03-12,5486.651
Romania,ROU,2023-03-19,5452.6787
Romania,ROU,2023-03-26,5426.378
Romania,ROU,2023-04-02,5396.005
Romania,ROU,2023-04-09,5369.2617
Romania,ROU,2023-04-16,5347.354
Romania,ROU,2023-04-23,5334.083
Romania,ROU,2023-04-30,5312.477
Romania,ROU,2023-05-07,5299.6987
Romania,ROU,2023-05-14,5289.8257
Romania,ROU,2023-05-21,5288.4487
Romania,ROU,2023-05-28,5275.328
Romania,ROU,2023-06-04,5247.7505
Romania,ROU,2023-06-11,5230.9907
Romania,ROU,2023-06-18,5202.106
Romania,ROU,2023-06-25,5185.2856
Romania,ROU,2023-07-02,5152.259
Romania,ROU,2023-07-09,5133.9907
Romania,ROU,2023-07-16,5123.5244
Romania,ROU,2023-07-23,5134.8853
Romania,ROU,2023-07-30,5102.8135
Romania,ROU,2023-08-06,5071.9883
Romania,ROU,2023-08-13,5041.9473
Romania,ROU,2023-08-20,5040.4995
Romania,ROU,2023-08-27,5050.9756
Romania,ROU,2023-09-03,5048.7134
Romania,ROU,2023-09-10,5027.6807
Romania,ROU,2023-09-17,5015.596
Romania,ROU,2023-09-24,5008.066
Romania,ROU,2023-10-01,4988.5107
Romania,ROU,2023-10-08,4965.0957
Romania,ROU,2023-10-15,4950.105
Romania,ROU,2023-10-22,4931.546
Romania,ROU,2023-10-29,4917.5405
Romania,ROU,2023-11-05,4894.316
Romania,ROU,2023-11-12,4872.288
Romania,ROU,2023-11-19,4843.976
Romania,ROU,2023-11-26,4826.4824
Romania,ROU,2023-12-03,4808.2046
Romania,ROU,2023-12-10,4778.0127
Romania,ROU,2023-12-17,4750.5054
Romania,ROU,2023-12-24,4720.193
Romania,ROU,2023-12-31,4645.955
Russia,RUS,2020-01-31,-38.03119
Russia,RUS,2020-02-29,-12.286269
Russia,RUS,2020-03-31,-18.643364
Russia,RUS,2020-04-30,17.838493
Russia,RUS,2020-05-31,174.94269
Russia,RUS,2020-06-30,343.16165
Russia,RUS,2020-07-31,571.73334
Russia,RUS,2020-08-31,712.6768
Russia,RUS,2020-09-30,896.3583
Russia,RUS,2020-10-31,1371.0944
Russia,RUS,2020-11-30,1983.7871
Russia,RUS,2020-12-31,2560.023
Russia,RUS,2021-01-31,2972.9814
Russia,RUS,2021-02-28,3174.996
Russia,RUS,2021-03-31,3337.1365
Russia,RUS,2021-04-30,3462.9646
Russia,RUS,2021-05-31,3623.1394
Russia,RUS,2021-06-30,3946.1973
Russia,RUS,2021-07-31,4481.418
Russia,RUS,2021-08-31,4964.393
Russia,RUS,2021-09-30,5428.706
Russia,RUS,2021-10-31,6269.5576
Russia,RUS,2021-11-30,6995.6646
Russia,RUS,2021-12-31,7421.1763
Russia,RUS,2022-01-31,7674.6616
Russia,RUS,2022-02-28,8085.4785
Russia,RUS,2022-03-31,8292.598
Russia,RUS,2022-04-30,8296.539
Russia,RUS,2022-05-31,8311.461
Russia,RUS,2022-06-30,8297.042
Russia,RUS,2022-07-31,8283.856
Russia,RUS,2022-08-31,8327.998
Russia,RUS,2022-09-30,8448.816
Russia,RUS,2022-10-31,8512.336
Russia,RUS,2022-11-30,8567.829
Russia,RUS,2022-12-31,8749.637
Russia,RUS,2023-01-31,8815.751
Russia,RUS,2023-02-28,8811.641
Russia,RUS,2023-03-31,8822.164
Russia,RUS,2023-04-30,8836.559
Russia,RUS,2023-05-31,8862.929
Russia,RUS,2023-06-30,8876.777
Russia,RUS,2023-07-31,8918.15
Russia,RUS,2023-08-31,8965.827
Russia,RUS,2023-09-30,9010.471
Russia,RUS,2023-10-31,9081.563
Russia,RUS,2023-11-30,9170.919
Russia,RUS,2023-12-31,9344.609
Saint Kitts and Nevis,KNA,2020-01-31,-121.68001
Saint Kitts and Nevis,KNA,2020-02-29,-138.46344
Saint Kitts and Nevis,KNA,2020-03-31,-151.051
Saint Kitts and Nevis,KNA,2020-04-30,-230.77238
Saint Kitts and Nevis,KNA,2020-05-31,-37.76267
Saint Kitts and Nevis,KNA,2020-06-30,155.24704
Saint Kitts and Nevis,KNA,2020-07-31,289.51465
Saint Kitts and Nevis,KNA,2020-08-31,230.77258
Saint Kitts and Nevis,KNA,2020-09-30,140.56154
Saint Kitts and Nevis,KNA,2020-10-31,159.44292
Saint Kitts and Nevis,KNA,2020-11-30,184.61812
Saint Kitts and Nevis,KNA,2020-12-31,213.98914
Saint Kitts and Nevis,KNA,2021-01-31,545.8631
Saint Kitts and Nevis,KNA,2021-02-28,457.6852
Saint Kitts and Nevis,KNA,2021-03-31,312.82156
Saint Kitts and Nevis,KNA,2021-04-30,266.63312
Saint Kitts and Nevis,KNA,2021-05-31,346.4131
Saint Kitts and Nevis,KNA,2021-06-30,447.18777
Saint Kitts and Nevis,KNA,2021-07-31,470.28198
Saint Kitts and Nevis,KNA,2021-08-31,718.0198
Saint Kitts and Nevis,KNA,2021-09-30,1270.1812
Saint Kitts and Nevis,KNA,2021-10-31,1702.6726
Saint Kitts and Nevis,KNA,2021-11-30,2013.3947
Saint Kitts and Nevis,KNA,2021-12-31,2204.4468
Saint Kitts and Nevis,KNA,2022-01-31,2946.6665
Saint Kitts and Nevis,KNA,2022-02-28,3145.9072
Saint Kitts and Nevis,KNA,2022-03-31,3286.4243
Saint Kitts and Nevis,KNA,2022-04-30,3422.747
Saint Kitts and Nevis,KNA,2022-05-31,3496.1516
Saint Kitts and Nevis,KNA,2022-06-30,3758.3105
Saint Kitts and Nevis,KNA,2022-07-31,3898.8276
Saint Kitts and Nevis,KNA,2022-08-31,4077.0957
Saint Kitts and Nevis,KNA,2022-09-30,4098.0684
Saint Kitts and Nevis,KNA,2022-10-31,4228.099
Saint Kitts and Nevis,KNA,2022-11-30,4490.2583
Saint Kitts and Nevis,KNA,2022-12-31,4525.9116
Saint Kitts and Nevis,KNA,2023-01-31,4709.182
Saint Kitts and Nevis,KNA,2023-02-28,4755.227
Saint Kitts and Nevis,KNA,2023-03-31,4805.4585
Saint Kitts and Nevis,KNA,2023-04-30,4998.0117
Saint Kitts and Nevis,KNA,2023-05-31,5295.2134
Saint Kitts and Nevis,KNA,2023-06-30,5927.2905
Saint Kitts and Nevis,KNA,2023-07-31,6124.03
Saint Kitts and Nevis,KNA,2023-08-31,6295.6533
Saint Kitts and Nevis,KNA,2023-09-30,6687.0386
Saint Kitts and Nevis,KNA,2023-10-31,6957.0317
Saint Kitts and Nevis,KNA,2023-11-30,7254.2334
Saint Kitts and Nevis,KNA,2023-12-31,7430.0425
Saint Vincent and the Grenadines,VCT,2020-01-31,73.58279
Saint Vincent and the Grenadines,VCT,2020-02-29,55.425972
Saint Vincent and the Grenadines,VCT,2020-03-31,106.07391
Saint Vincent and the Grenadines,VCT,2020-04-30,145.25436
Saint Vincent and the Grenadines,VCT,2020-05-31,312.48804
Saint Vincent and the Grenadines,VCT,2020-06-30,330.64484
Saint Vincent and the Grenadines,VCT,2020-07-31,222.65964
Saint Vincent and the Grenadines,VCT,2020-08-31,198.76912
Saint Vincent and the Grenadines,VCT,2020-09-30,184.4348
Saint Vincent and the Grenadines,VCT,2020-10-31,177.74548
Saint Vincent and the Grenadines,VCT,2020-11-30,237.94963
Saint Vincent and the Grenadines,VCT,2020-12-31,112.763306
Saint Vincent and the Grenadines,VCT,2021-01-31,86.25647
Saint Vincent and the Grenadines,VCT,2021-02-28,216.59956
Saint Vincent and the Grenadines,VCT,2021-03-31,32.585793
Saint Vincent and the Grenadines,VCT,2021-04-30,28.752157
Saint Vincent and the Grenadines,VCT,2021-05-31,76.67242
Saint Vincent and the Grenadines,VCT,2021-06-30,13.417687
Saint Vincent and the Grenadines,VCT,2021-07-31,-61.337948
Saint Vincent and the Grenadines,VCT,2021-08-31,-61.337948
Saint Vincent and the Grenadines,VCT,2021-09-30,44.086624
Saint Vincent and the Grenadines,VCT,2021-10-31,741.80566
Saint Vincent and the Grenadines,VCT,2021-11-30,893.2337
Saint Vincent and the Grenadines,VCT,2021-12-31,1232.5092
San Marino,SMR,2020-01-31,-41.13049
San Marino,SMR,2020-02-29,52.882107
San Marino,SMR,2020-03-31,881.3679
San Marino,SMR,2020-04-30,1110.5236
San Marino,SMR,2020-05-31,1233.915
San Marino,SMR,2020-06-30,1439.5676
San Marino,SMR,2020-07-31,1568.8348
San Marino,SMR,2020-08-31,1568.8348
San Marino,SMR,2020-09-30,1498.3254
San Marino,SMR,2020-10-31,1651.096
San Marino,SMR,2020-11-30,1780.3632
San Marino,SMR,2020-12-31,2456.0786
San Marino,SMR,2021-01-31,2398.4365
San Marino,SMR,2021-02-28,2664.9297
San Marino,SMR,2021-03-31,3079.474
San Marino,SMR,2021-04-30,3215.6816
San Marino,SMR,2021-05-31,3215.6816
San Marino,SMR,2021-06-30,3150.539
San Marino,SMR,2021-07-31,3274.9023
San Marino,SMR,2021-08-31,3298.5906
San Marino,SMR,2021-09-30,3369.6553
San Marino,SMR,2021-10-31,3547.3174
San Marino,SMR,2021-11-30,3582.8499
San Marino,SMR,2021-12-31,3961.8618
San Marino,SMR,2022-01-31,4214.9004
San Marino,SMR,2022-02-28,4179.2817
San Marino,SMR,2022-03-31,4084.298
San Marino,SMR,2022-04-30,3947.759
San Marino,SMR,2022-05-31,4001.1873
San Marino,SMR,2022-06-30,3989.3142
San Marino,SMR,2022-07-31,4048.6792
San Marino,SMR,2022-08-31,4125.8535
San Marino,SMR,2022-09-30,3953.6956
San Marino,SMR,2022-10-31,4096.171
San Marino,SMR,2022-11-30,4007.1238
San Marino,SMR,2022-12-31,3935.886
San Marino,SMR,2023-01-31,4030.773
San Marino,SMR,2023-02-28,4200.083
San Marino,SMR,2023-03-31,4399.097
San Marino,SMR,2023-04-30,4318.8975
San Marino,SMR,2023-05-31,4191.1724
San Marino,SMR,2023-06-30,3879.285
San Marino,SMR,2023-07-31,3846.6108
San Marino,SMR,2023-08-31,3891.1663
San Marino,SMR,2023-09-30,3834.7295
San Marino,SMR,2023-10-31,4033.7434
San Marino,SMR,2023-11-30,4208.994
San Marino,SMR,2023-12-31,4342.66
Serbia,SRB,2020-01-31,-68.59194
Serbia,SRB,2020-02-29,-57.97771
Serbia,SRB,2020-03-31,-70.68495
Serbia,SRB,2020-04-30,-25.088385
Serbia,SRB,2020-05-31,-47.553673
Serbia,SRB,2020-06-30,25.876482
Serbia,SRB,2020-07-31,307.3792
Serbia,SRB,2020-08-31,429.4638
Serbia,SRB,2020-09-30,468.75433
Serbia,SRB,2020-10-31,493.04083
Serbia,SRB,2020-11-30,1006.2638
Serbia,SRB,2020-12-31,2129.1897
Serbia,SRB,2021-01-31,2154.7886
Serbia,SRB,2021-02-28,2301.3193
Serbia,SRB,2021-03-31,2827.3875
Serbia,SRB,2021-04-30,3418.6902
Serbia,SRB,2021-05-31,3754.0166
Serbia,SRB,2021-06-30,3952.2412
Serbia,SRB,2021-07-31,4028.9053
Serbia,SRB,2021-08-31,4131.608
Serbia,SRB,2021-09-30,4639.3945
Serbia,SRB,2021-10-31,5502.077
Serbia,SRB,2021-11-30,6462.146
Serbia,SRB,2021-12-31,6954.5005
Serbia,SRB,2022-01-31,7174.128
Serbia,SRB,2022-02-28,7731.8345
Serbia,SRB,2022-03-31,8031.888
Serbia,SRB,2022-04-30,8054.7095
Serbia,SRB,2022-05-31,8101.654
Serbia,SRB,2022-06-30,8118.631
Serbia,SRB,2022-07-31,8121.484
Serbia,SRB,2022-08-31,8327.899
Serbia,SRB,2022-09-30,8479.311
Serbia,SRB,2022-10-31,8494.959
Serbia,SRB,2022-11-30,8474.547
Serbia,SRB,2022-12-31,8464.41
Serbia,SRB,2023-01-31,8420.154
Serbia,SRB,2023-02-28,8368.189
Serbia,SRB,2023-03-31,8311.524
Serbia,SRB,2023-04-30,8200.168
Serbia,SRB,2023-05-31,8219.485
Serbia,SRB,2023-06-30,8177.1997
Serbia,SRB,2023-07-31,8164.989
Serbia,SRB,2023-08-31,8162.8486
Serbia,SRB,2023-09-30,8115.9194
Serbia,SRB,2023-10-31,8132.159
Serbia,SRB,2023-11-30,8144.007
Serbia,SRB,2023-12-31,8130.2847
Seychelles,SYC,2020-01-31,-30.318792
Seychelles,SYC,2020-02-29,-73.902084
Seychelles,SYC,2020-03-31,-189.49255
Seychelles,SYC,2020-04-30,-318.34753
Seychelles,SYC,2020-05-31,-593.1119
Seychelles,SYC,2020-06-30,-765.5501
Seychelles,SYC,2020-07-31,-903.87976
Seychelles,SYC,2020-08-31,-1070.6332
Seychelles,SYC,2020-09-30,-1176.749
Seychelles,SYC,2020-10-31,-1493.2018
Seychelles,SYC,2020-11-30,-1561.4191
Seychelles,SYC,2020-12-31,-1620.1617
Seychelles,SYC,2021-01-31,-1618.0529
Seychelles,SYC,2021-02-28,-1521.3265
Seychelles,SYC,2021-03-31,-1495.9711
Seychelles,SYC,2021-04-30,-1605.8447
Seychelles,SYC,2021-05-31,-1428.3566
Seychelles,SYC,2021-06-30,-1093.1012
Seychelles,SYC,2021-07-31,-855.5113
Seychelles,SYC,2021-08-31,-890.2576
Seychelles,SYC,2021-09-30,-846.12036
Seychelles,SYC,2021-10-31,-907.16125
Seychelles,SYC,2021-11-30,-1060.233
Seychelles,SYC,2021-12-31,-1034.8777
Seychelles,SYC,2022-01-31,-668.3155
Seychelles,SYC,2022-02-28,-610.44464
Seychelles,SYC,2022-03-31,-604.84424
Seychelles,SYC,2022-04-30,-612.31146
Seychelles,SYC,2022-05-31,-558.17413
Seychelles,SYC,2022-06-30,-505.90366
Seychelles,SYC,2022-07-31,-476.03485
Seychelles,SYC,2022-08-31,-436.832
Seychelles,SYC,2022-09-30,-496.56973
Seychelles,SYC,2022-10-31,-492.8361
Seychelles,SYC,2022-11-30,-543.2398
Seychelles,SYC,2022-12-31,-546.97345
Seychelles,SYC,2023-01-31,-632.4764
Seychelles,SYC,2023-02-28,-668.6975
Seychelles,SYC,2023-03-31,-617.61646
Seychelles,SYC,2023-04-30,-588.8253
Seychelles,SYC,2023-05-31,-563.7492
Seychelles,SYC,2023-06-30,-828.44196
Seychelles,SYC,2023-07-31,-1003.9751
Seychelles,SYC,2023-08-31,-1021.6213
Seychelles,SYC,2023-09-30,-1081.9899
Seychelles,SYC,2023-10-31,-1199.9406
Seychelles,SYC,2023-11-30,-1083.8473
Seychelles,SYC,2023-12-31,-874.87933
Singapore,SGP,2020-01-31,34.48467
Singapore,SGP,2020-02-29,45.077106
Singapore,SGP,2020-03-31,46.66767
Singapore,SGP,2020-04-30,68.461716
Singapore,SGP,2020-05-31,63.89309
Singapore,SGP,2020-06-30,44.63717
Singapore,SGP,2020-07-31,16.345543
Singapore,SGP,2020-08-31,13.942793
Singapore,SGP,2020-09-30,17.868418
Singapore,SGP,2020-10-31,3.9933336
Singapore,SGP,2020-11-30,6.2268753
Singapore,SGP,2020-12-31,3.7225835
Singapore,SGP,2021-01-31,-5.2515774
Singapore,SGP,2021-02-28,0.23565218
Singapore,SGP,2021-03-31,1.1445845
Singapore,SGP,2021-04-30,20.804375
Singapore,SGP,2021-05-31,27.032215
Singapore,SGP,2021-06-30,31.273872
Singapore,SGP,2021-07-31,37.13142
Singapore,SGP,2021-08-31,46.523685
Singapore,SGP,2021-09-30,80.22135
Singapore,SGP,2021-10-31,181.71834
Singapore,SGP,2021-11-30,275.0013
Singapore,SGP,2021-12-31,309.37225
Singapore,SGP,2022-01-31,311.07712
Singapore,SGP,2022-02-28,371.60568
Singapore,SGP,2022-03-31,487.65924
Singapore,SGP,2022-04-30,534.499
Singapore,SGP,2022-05-31,580.3682
Singapore,SGP,2022-06-30,607.3609
Singapore,SGP,2022-07-31,672.776
Singapore,SGP,2022-08-31,739.3624
Singapore,SGP,2022-09-30,793.465
Singapore,SGP,2022-10-31,867.95013
Singapore,SGP,2022-11-30,923.3915
Singapore,SGP,2022-12-31,972.30634
Singapore,SGP,2023-01-31,1012.8809
Singapore,SGP,2023-02-28,1060.3977
Singapore,SGP,2023-03-31,1106.3848
Singapore,SGP,2023-04-30,1183.3625
Singapore,SGP,2023-05-31,1256.217
Singapore,SGP,2023-06-30,1293.193
Singapore,SGP,2023-07-31,1312.9778
Singapore,SGP,2023-08-31,1350.386
Singapore,SGP,2023-09-30,1396.0073
Singapore,SGP,2023-10-31,1446.2507
Singapore,SGP,2023-11-30,1476.7426
Singapore,SGP,2023-12-31,1552.2904
Slovakia,SVK,2020-01-05,-3.0604594
Slovakia,SVK,2020-01-12,-12.901598
Slovakia,SVK,2020-01-19,-34.691402
Slovakia,SVK,2020-01-26,-45.375565
Slovakia,SVK,2020-02-02,-57.63577
Slovakia,SVK,2020-02-09,-75.46713
Slovakia,SVK,2020-02-16,-77.72125
Slovakia,SVK,2020-02-23,-97.31192
Slovakia,SVK,2020-03-01,-105.467064
Slovakia,SVK,2020-03-08,-109.18729
Slovakia,SVK,2020-03-15,-106.38337
Slovakia,SVK,2020-03-22,-87.635704
Slovakia,SVK,2020-03-29,-88.05721
Slovakia,SVK,2020-04-05,-77.0432
Slovakia,SVK,2020-04-12,-85.74812
Slovakia,SVK,2020-04-19,-95.406006
Slovakia,SVK,2020-04-26,-102.131714
Slovakia,SVK,2020-05-03,-104.7157
Slovakia,SVK,2020-05-10,-96.34064
Slovakia,SVK,2020-05-17,-90.861115
Slovakia,SVK,2020-05-24,-93.151886
Slovakia,SVK,2020-05-31,-101.49029
Slovakia,SVK,2020-06-07,-94.91119
Slovakia,SVK,2020-06-14,-94.196465
Slovakia,SVK,2020-06-21,-105.393745
Slovakia,SVK,2020-06-28,-104.3858
Slovakia,SVK,2020-07-05,-97.11032
Slovakia,SVK,2020-07-12,-92.327194
Slovakia,SVK,2020-07-19,-93.29848
Slovakia,SVK,2020-07-26,-106.365036
Slovakia,SVK,2020-08-02,-105.61367
Slovakia,SVK,2020-08-09,-88.03888
Slovakia,SVK,2020-08-16,-88.53369
Slovakia,SVK,2020-08-23,-84.813484
Slovakia,SVK,2020-08-30,-73.10306
Slovakia,SVK,2020-09-06,-69.71272
Slovakia,SVK,2020-09-13,-55.143425
Slovakia,SVK,2020-09-20,-58.82698
Slovakia,SVK,2020-09-27,-50.415268
Slovakia,SVK,2020-10-04,-24.630362
Slovakia,SVK,2020-10-11,-9.474627
Slovakia,SVK,2020-10-18,25.106836
Slovakia,SVK,2020-10-25,78.30767
Slovakia,SVK,2020-11-01,143.78703
Slovakia,SVK,2020-11-08,221.72818
Slovakia,SVK,2020-11-15,295.12445
Slovakia,SVK,2020-11-22,360.67712
Slovakia,SVK,2020-11-29,436.16257
Slovakia,SVK,2020-12-06,523.56
Slovakia,SVK,2020-12-13,621.8799
Slovakia,SVK,2020-12-20,717.92725
Slovakia,SVK,2020-12-27,845.34906
Slovakia,SVK,2021-01-03,1021.0145
Slovakia,SVK,2021-01-10,1190.5564
Slovakia,SVK,2021-01-17,1366.8903
Slovakia,SVK,2021-01-24,1511.614
Slovakia,SVK,2021-01-31,1659.2013
Slovakia,SVK,2021-02-07,1798.6017
Slovakia,SVK,2021-02-14,1960.3236
Slovakia,SVK,2021-02-21,2109.7466
Slovakia,SVK,2021-02-28,2250.432
Slovakia,SVK,2021-03-07,2373.568
Slovakia,SVK,2021-03-14,2489.3987
Slovakia,SVK,2021-03-21,2593.7744
Slovakia,SVK,2021-03-28,2685.1172
Slovakia,SVK,2021-04-04,2760.1958
Slovakia,SVK,2021-04-11,2817.1748
Slovakia,SVK,2021-04-18,2864.3145
Slovakia,SVK,2021-04-25,2908.6643
Slovakia,SVK,2021-05-02,2936.3093
Slovakia,SVK,2021-05-09,2963.3303
Slovakia,SVK,2021-05-16,2993.6187
Slovakia,SVK,2021-05-23,3002.4666
Slovakia,SVK,2021-05-30,3001.512
Slovakia,SVK,2021-06-06,3009.0015
Slovakia,SVK,2021-06-13,3022.0715
Slovakia,SVK,2021-06-20,3034.7744
Slovakia,SVK,2021-06-27,3058.3076
Slovakia,SVK,2021-07-04,3064.6956
Slovakia,SVK,2021-07-11,3072.7725
Slovakia,SVK,2021-07-18,3082.0242
Slovakia,SVK,2021-07-25,3071.1938
Slovakia,SVK,2021-08-01,3070.643
Slovakia,SVK,2021-08-08,3065.2097
Slovakia,SVK,2021-08-15,3065.797
Slovakia,SVK,2021-08-22,3073.8005
Slovakia,SVK,2021-08-29,3064.9158
Slovakia,SVK,2021-09-05,3071.3774
Slovakia,SVK,2021-09-12,3087.6782
Slovakia,SVK,2021-09-19,3121.7847
Slovakia,SVK,2021-09-26,3152.8442
Slovakia,SVK,2021-10-03,3172.1553
Slovakia,SVK,2021-10-10,3212.1729
Slovakia,SVK,2021-10-17,3251.0889
Slovakia,SVK,2021-10-24,3304.6902
Slovakia,SVK,2021-10-31,3389.6082
Slovakia,SVK,2021-11-07,3481.1343
Slovakia,SVK,2021-11-14,3602.5818
Slovakia,SVK,2021-11-21,3757.108
Slovakia,SVK,2021-11-28,3923.7861
Slovakia,SVK,2021-12-05,4090.3176
Slovakia,SVK,2021-12-12,4258.134
Slovakia,SVK,2021-12-19,4393.9365
Slovakia,SVK,2021-12-26,4486.16
Slovakia,SVK,2022-01-02,4400.23
Slovakia,SVK,2022-01-09,4443.643
Slovakia,SVK,2022-01-16,4462.072
Slovakia,SVK,2022-01-23,4464.34
Slovakia,SVK,2022-01-30,4465.2964
Slovakia,SVK,2022-02-06,4469.691
Slovakia,SVK,2022-02-13,4472.9517
Slovakia,SVK,2022-02-20,4502.7915
Slovakia,SVK,2022-02-27,4523.3105
Slovakia,SVK,2022-03-06,4557.8994
Slovakia,SVK,2022-03-13,4595.1816
Slovakia,SVK,2022-03-20,4640.012
Slovakia,SVK,2022-03-27,4677.578
Slovakia,SVK,2022-04-03,4714.1514
Slovakia,SVK,2022-04-10,4746.3657
Slovakia,SVK,2022-04-17,4752.2485
Slovakia,SVK,2022-04-24,4768.3735
Slovakia,SVK,2022-05-01,4786.4473
Slovakia,SVK,2022-05-08,4801.084
Slovakia,SVK,2022-05-15,4810.723
Slovakia,SVK,2022-05-22,4814.9053
Slovakia,SVK,2022-05-29,4814.409
Slovakia,SVK,2022-06-05,4832.164
Slovakia,SVK,2022-06-12,4847.6865
Slovakia,SVK,2022-06-19,4839.1104
Slovakia,SVK,2022-06-26,4855.696
Slovakia,SVK,2022-07-03,4885.8545
Slovakia,SVK,2022-07-10,4890.3555
Slovakia,SVK,2022-07-17,4898.1167
Slovakia,SVK,2022-07-24,4936.1074
Slovakia,SVK,2022-07-31,4945.9243
Slovakia,SVK,2022-08-07,4960.419
Slovakia,SVK,2022-08-14,4978.599
Slovakia,SVK,2022-08-21,5004.647
Slovakia,SVK,2022-08-28,5029.2773
Slovakia,SVK,2022-09-04,5033.105
Slovakia,SVK,2022-09-11,5044.3037
Slovakia,SVK,2022-09-18,5045.225
Slovakia,SVK,2022-09-25,5057.558
Slovakia,SVK,2022-10-02,5082.826
Slovakia,SVK,2022-10-09,5104.515
Slovakia,SVK,2022-10-16,5124.609
Slovakia,SVK,2022-10-23,5140.6274
Slovakia,SVK,2022-10-30,5165.6123
Slovakia,SVK,2022-11-06,5185.6353
Slovakia,SVK,2022-11-13,5189.5337
Slovakia,SVK,2022-11-20,5197.3657
Slovakia,SVK,2022-11-27,5217.8145
Slovakia,SVK,2022-12-04,5218.8066
Slovakia,SVK,2022-12-11,5245.8467
Slovakia,SVK,2022-12-18,5290.004
Slovakia,SVK,2022-12-25,5343.659
Slovakia,SVK,2023-01-01,5248.252
Slovakia,SVK,2023-01-08,5266.422
Slovakia,SVK,2023-01-15,5268.717
Slovakia,SVK,2023-01-22,5258.8984
Slovakia,SVK,2023-01-29,5239.693
Slovakia,SVK,2023-02-05,5213.1367
Slovakia,SVK,2023-02-12,5189.617
Slovakia,SVK,2023-02-19,5161.4385
Slovakia,SVK,2023-02-26,5142.3022
Slovakia,SVK,2023-03-05,5125.478
Slovakia,SVK,2023-03-12,5120.9395
Slovakia,SVK,2023-03-19,5125.478
Slovakia,SVK,2023-03-26,5130.3613
Slovakia,SVK,2023-04-02,5130.482
Slovakia,SVK,2023-04-09,5121.6987
Slovakia,SVK,2023-04-16,5122.3027
Slovakia,SVK,2023-04-23,5118.731
Slovakia,SVK,2023-04-30,5117.2295
Slovakia,SVK,2023-05-07,5108.2397
Slovakia,SVK,2023-05-14,5102.8384
Slovakia,SVK,2023-05-21,5088.3267
Slovakia,SVK,2023-05-28,5098.076
Slovakia,SVK,2023-06-04,5089.362
Slovakia,SVK,2023-06-11,5091.7603
Slovakia,SVK,2023-06-18,5089.155
Slovakia,SVK,2023-06-25,5098.283
Slovakia,SVK,2023-07-02,5099.0596
Slovakia,SVK,2023-07-09,5101.0786
Slovakia,SVK,2023-07-16,5109.206
Slovakia,SVK,2023-07-23,5107.9463
Slovakia,SVK,2023-07-30,5089.086
Slovakia,SVK,2023-08-06,5078.577
Slovakia,SVK,2023-08-13,5060.614
Slovakia,SVK,2023-08-20,5064.9795
Slovakia,SVK,2023-08-27,5084.5303
Slovakia,SVK,2023-09-03,5079.6816
Slovakia,SVK,2023-09-10,5081.666
Slovakia,SVK,2023-09-17,5085.7207
Slovakia,SVK,2023-09-24,5078.974
Slovakia,SVK,2023-10-01,5070.674
Slovakia,SVK,2023-10-08,5058.888
Slovakia,SVK,2023-10-15,5066.429
Slovakia,SVK,2023-10-22,5074.315
Slovakia,SVK,2023-10-29,5091.6226
Slovakia,SVK,2023-11-05,5096.1606
Slovakia,SVK,2023-11-12,5097.593
Slovakia,SVK,2023-11-19,5103.2007
Slovakia,SVK,2023-11-26,5120.2324
Slovakia,SVK,2023-12-03,5150.7573
Slovakia,SVK,2023-12-10,5184.561
Slovakia,SVK,2023-12-17,5212.7744
Slovakia,SVK,2023-12-24,5238.675
Slovakia,SVK,2023-12-31,5263.4023
Slovenia,SVN,2020-01-05,-16.669432
Slovenia,SVN,2020-01-12,-37.399975
Slovenia,SVN,2020-01-19,-60.774963
Slovenia,SVN,2020-01-26,-76.87774
Slovenia,SVN,2020-02-02,-88.730515
Slovenia,SVN,2020-02-09,-99.92218
Slovenia,SVN,2020-02-16,-87.50275
Slovenia,SVN,2020-02-23,-99.82774
Slovenia,SVN,2020-03-01,-119.80273
Slovenia,SVN,2020-03-08,-118.71663
Slovenia,SVN,2020-03-15,-126.319405
Slovenia,SVN,2020-03-22,-121.17219
Slovenia,SVN,2020-03-29,-144.26384
Slovenia,SVN,2020-04-05,-159.42216
Slovenia,SVN,2020-04-12,-139.82495
Slovenia,SVN,2020-04-19,-130.33328
Slovenia,SVN,2020-04-26,-130.94717
Slovenia,SVN,2020-05-03,-141.28883
Slovenia,SVN,2020-05-10,-138.12494
Slovenia,SVN,2020-05-17,-144.97215
Slovenia,SVN,2020-05-24,-127.16938
Slovenia,SVN,2020-05-31,-142.89436
Slovenia,SVN,2020-06-07,-150.02492
Slovenia,SVN,2020-06-14,-138.83325
Slovenia,SVN,2020-06-21,-131.79715
Slovenia,SVN,2020-06-28,-99.16661
Slovenia,SVN,2020-07-05,-97.70272
Slovenia,SVN,2020-07-12,-111.727715
Slovenia,SVN,2020-07-19,-119.33049
Slovenia,SVN,2020-07-26,-124.76105
Slovenia,SVN,2020-08-02,-111.96383
Slovenia,SVN,2020-08-09,-108.799934
Slovenia,SVN,2020-08-16,-96.75827
Slovenia,SVN,2020-08-23,-106.15549
Slovenia,SVN,2020-08-30,-121.12493
Slovenia,SVN,2020-09-06,-111.25549
Slovenia,SVN,2020-09-13,-101.29161
Slovenia,SVN,2020-09-20,-79.52217
Slovenia,SVN,2020-09-27,-84.29162
Slovenia,SVN,2020-10-04,-73.47773
Slovenia,SVN,2020-10-11,-64.2694
Slovenia,SVN,2020-10-18,-38.06108
Slovenia,SVN,2020-10-25,17.519453
Slovenia,SVN,2020-11-01,116.355515
Slovenia,SVN,2020-11-08,228.31935
Slovenia,SVN,2020-11-15,387.03317
Slovenia,SVN,2020-11-22,549.997
Slovenia,SVN,2020-11-29,741.67194
Slovenia,SVN,2020-12-06,923.9968
Slovenia,SVN,2020-12-13,1095.4607
Slovenia,SVN,2020-12-20,1235.569
Slovenia,SVN,2020-12-27,1359.2439
Slovenia,SVN,2021-01-03,1469.4198
Slovenia,SVN,2021-01-10,1538.3541
Slovenia,SVN,2021-01-17,1608.8927
Slovenia,SVN,2021-01-24,1659.3313
Slovenia,SVN,2021-01-31,1676.4587
Slovenia,SVN,2021-02-07,1686.0369
Slovenia,SVN,2021-02-14,1666.0785
Slovenia,SVN,2021-02-21,1641.4017
Slovenia,SVN,2021-02-28,1640.5996
Slovenia,SVN,2021-03-07,1623.661
Slovenia,SVN,2021-03-14,1631.5405
Slovenia,SVN,2021-03-21,1625.0764
Slovenia,SVN,2021-03-28,1619.0842
Slovenia,SVN,2021-04-04,1618.3765
Slovenia,SVN,2021-04-11,1611.9124
Slovenia,SVN,2021-04-18,1627.9075
Slovenia,SVN,2021-04-25,1647.0165
Slovenia,SVN,2021-05-02,1639.9863
Slovenia,SVN,2021-05-09,1643.525
Slovenia,SVN,2021-05-16,1653.9524
Slovenia,SVN,2021-05-23,1670.4193
Slovenia,SVN,2021-05-30,1678.9595
Slovenia,SVN,2021-06-06,1700.7108
Slovenia,SVN,2021-06-13,1712.1763
Slovenia,SVN,2021-06-20,1730.153
Slovenia,SVN,2021-06-27,1738.3156
Slovenia,SVN,2021-07-04,1756.9529
Slovenia,SVN,2021-07-11,1742.5621
Slovenia,SVN,2021-07-18,1731.5685
Slovenia,SVN,2021-07-25,1712.365
Slovenia,SVN,2021-08-01,1707.5995
Slovenia,SVN,2021-08-08,1688.4904
Slovenia,SVN,2021-08-15,1681.4601
Slovenia,SVN,2021-08-22,1660.6525
Slovenia,SVN,2021-08-29,1640.1278
Slovenia,SVN,2021-09-05,1650.8384
Slovenia,SVN,2021-09-12,1681.177
Slovenia,SVN,2021-09-19,1694.6241
Slovenia,SVN,2021-09-26,1715.1488
Slovenia,SVN,2021-10-03,1745.0156
Slovenia,SVN,2021-10-10,1753.65
Slovenia,SVN,2021-10-17,1778.6099
Slovenia,SVN,2021-10-24,1816.7809
Slovenia,SVN,2021-10-31,1847.9689
Slovenia,SVN,2021-11-07,1921.4327
Slovenia,SVN,2021-11-14,2012.7318
Slovenia,SVN,2021-11-21,2097.4253
Slovenia,SVN,2021-11-28,2168.9075
Slovenia,SVN,2021-12-05,2262.4714
Slovenia,SVN,2021-12-12,2313.665
Slovenia,SVN,2021-12-19,2348.8162
Slovenia,SVN,2021-12-26,2374.3423
Slovenia,SVN,2022-01-02,2404.6592
Slovenia,SVN,2022-01-09,2408.669
Slovenia,SVN,2022-01-16,2415.6978
Slovenia,SVN,2022-01-23,2403.5742
Slovenia,SVN,2022-01-30,2396.3567
Slovenia,SVN,2022-02-06,2434.8972
Slovenia,SVN,2022-02-13,2464.192
Slovenia,SVN,2022-02-20,2500.5625
Slovenia,SVN,2022-02-27,2496.1755
Slovenia,SVN,2022-03-06,2498.77
Slovenia,SVN,2022-03-13,2520.0452
Slovenia,SVN,2022-03-20,2519.432
Slovenia,SVN,2022-03-27,2515.0447
Slovenia,SVN,2022-04-03,2508.865
Slovenia,SVN,2022-04-10,2511.554
Slovenia,SVN,2022-04-17,2529.6213
Slovenia,SVN,2022-04-24,2538.537
Slovenia,SVN,2022-05-01,2543.0186
Slovenia,SVN,2022-05-08,2541.5562
Slovenia,SVN,2022-05-15,2546.9812
Slovenia,SVN,2022-05-22,2553.7268
Slovenia,SVN,2022-05-29,2549.717
Slovenia,SVN,2022-06-05,2553.7268
Slovenia,SVN,2022-06-12,2552.6418
Slovenia,SVN,2022-06-19,2556.18
Slovenia,SVN,2022-06-26,2558.8687
Slovenia,SVN,2022-07-03,2589.4841
Slovenia,SVN,2022-07-10,2591.7957
Slovenia,SVN,2022-07-17,2597.9753
Slovenia,SVN,2022-07-24,2636.516
Slovenia,SVN,2022-07-31,2631.9402
Slovenia,SVN,2022-08-07,2652.1775
Slovenia,SVN,2022-08-14,2680.7173
Slovenia,SVN,2022-08-21,2694.0674
Slovenia,SVN,2022-08-28,2694.492
Slovenia,SVN,2022-09-04,2670.009
Slovenia,SVN,2022-09-11,2668.4524
Slovenia,SVN,2022-09-18,2674.066
Slovenia,SVN,2022-09-25,2660.8103
Slovenia,SVN,2022-10-02,2678.1228
Slovenia,SVN,2022-10-09,2686.4727
Slovenia,SVN,2022-10-16,2688.9727
Slovenia,SVN,2022-10-23,2687.2273
Slovenia,SVN,2022-10-30,2681.8025
Slovenia,SVN,2022-11-06,2687.9822
Slovenia,SVN,2022-11-13,2682.2742
Slovenia,SVN,2022-11-20,2697.7942
Slovenia,SVN,2022-11-27,2727.466
Slovenia,SVN,2022-12-04,2747.6091
Slovenia,SVN,2022-12-11,2773.5073
Slovenia,SVN,2022-12-18,2803.6511
Slovenia,SVN,2022-12-25,2868.0425
Slovenia,SVN,2023-01-01,2921.9019
Slovenia,SVN,2023-01-08,2954.8787
Slovenia,SVN,2023-01-15,2964.9744
Slovenia,SVN,2023-01-22,2979.9294
Slovenia,SVN,2023-01-29,2941.3389
Slovenia,SVN,2023-02-05,2920.6753
Slovenia,SVN,2023-02-12,2887.9346
Slovenia,SVN,2023-02-19,2877.8386
Slovenia,SVN,2023-02-26,2866.6106
Slovenia,SVN,2023-03-05,2838.2573
Slovenia,SVN,2023-03-12,2825.8025
Slovenia,SVN,2023-03-19,2796.6472
Slovenia,SVN,2023-03-26,2796.6943
Slovenia,SVN,2023-04-02,2766.6428
Slovenia,SVN,2023-04-09,2748.8098
Slovenia,SVN,2023-04-16,2738.3367
Slovenia,SVN,2023-04-23,2729.0898
Slovenia,SVN,2023-04-30,2716.824
Slovenia,SVN,2023-05-07,2717.909
Slovenia,SVN,2023-05-14,2723.0984
Slovenia,SVN,2023-05-21,2712.6252
Slovenia,SVN,2023-05-28,2723.9475
Slovenia,SVN,2023-06-04,2722.0605
Slovenia,SVN,2023-06-11,2714.0876
Slovenia,SVN,2023-06-18,2716.9182
Slovenia,SVN,2023-06-25,2734.8926
Slovenia,SVN,2023-07-02,2748.7627
Slovenia,SVN,2023-07-09,2742.3467
Slovenia,SVN,2023-07-16,2769.9922
Slovenia,SVN,2023-07-23,2758.2925
Slovenia,SVN,2023-07-30,2750.178
Slovenia,SVN,2023-08-06,2740.9314
Slovenia,SVN,2023-08-13,2737.629
Slovenia,SVN,2023-08-20,2737.0627
Slovenia,SVN,2023-08-27,2738.6667
Slovenia,SVN,2023-09-03,2718.1921
Slovenia,SVN,2023-09-10,2708.851
Slovenia,SVN,2023-09-17,2694.4148
Slovenia,SVN,2023-09-24,2699.3213
Slovenia,SVN,2023-10-01,2694.698
Slovenia,SVN,2023-10-08,2686.3005
Slovenia,SVN,2023-10-15,2682.432
Slovenia,SVN,2023-10-22,2699.3213
Slovenia,SVN,2023-10-29,2708.285
Slovenia,SVN,2023-11-05,2716.5881
Slovenia,SVN,2023-11-12,2715.8333
Slovenia,SVN,2023-11-19,2720.2678
Slovenia,SVN,2023-11-26,2745.4602
Slovenia,SVN,2023-12-03,2754.99
Slovenia,SVN,2023-12-10,2782.5413
Slovenia,SVN,2023-12-17,2812.4514
Slovenia,SVN,2023-12-24,2839.8142
Slovenia,SVN,2023-12-31,2871.0452
South Africa,ZAF,2020-01-05,4.100199
South Africa,ZAF,2020-01-12,10.6391
South Africa,ZAF,2020-01-19,14.093062
South Africa,ZAF,2020-01-26,9.241183
South Africa,ZAF,2020-02-02,11.977495
South Africa,ZAF,2020-02-09,24.356348
South Africa,ZAF,2020-02-16,28.749058
South Africa,ZAF,2020-02-23,34.69274
South Africa,ZAF,2020-03-01,27.97358
South Africa,ZAF,2020-03-08,35.96482
South Africa,ZAF,2020-03-15,40.139854
South Africa,ZAF,2020-03-22,41.6279
South Africa,ZAF,2020-03-29,35.160427
South Africa,ZAF,2020-04-05,19.516376
South Africa,ZAF,2020-04-12,5.5083294
South Africa,ZAF,2020-04-19,-10.057484
South Africa,ZAF,2020-04-26,-34.629814
South Africa,ZAF,2020-05-03,-67.25289
South Africa,ZAF,2020-05-10,-91.89324
South Africa,ZAF,2020-05-17,-113.80579
South Africa,ZAF,2020-05-24,-130.90898
South Africa,ZAF,2020-05-31,-148.33868
South Africa,ZAF,2020-06-07,-165.68675
South Africa,ZAF,2020-06-14,-174.8276
South Africa,ZAF,2020-06-21,-157.51015
South Africa,ZAF,2020-06-28,-131.37665
South Africa,ZAF,2020-07-05,-92.18235
South Africa,ZAF,2020-07-12,-22.142132
South Africa,ZAF,2020-07-19,76.01622
South Africa,ZAF,2020-07-26,177.11325
South Africa,ZAF,2020-08-02,253.91176
South Africa,ZAF,2020-08-09,308.57153
South Africa,ZAF,2020-08-16,343.24896
South Africa,ZAF,2020-08-23,375.5319
South Africa,ZAF,2020-08-30,393.95135
South Africa,ZAF,2020-09-06,405.0071
South Africa,ZAF,2020-09-13,409.48825
South Africa,ZAF,2020-09-20,407.64648
South Africa,ZAF,2020-09-27,412.07663
South Africa,ZAF,2020-10-04,403.97653
South Africa,ZAF,2020-10-11,414.63095
South Africa,ZAF,2020-10-18,431.6321
South Africa,ZAF,2020-10-25,445.91226
South Africa,ZAF,2020-11-01,451.57703
South Africa,ZAF,2020-11-08,464.18036
South Africa,ZAF,2020-11-15,488.0452
South Africa,ZAF,2020-11-22,512.0495
South Africa,ZAF,2020-11-29,522.2176
South Africa,ZAF,2020-12-06,553.18427
South Africa,ZAF,2020-12-13,606.6978
South Africa,ZAF,2020-12-20,675.0068
South Africa,ZAF,2020-12-27,798.4738
South Africa,ZAF,2021-01-03,958.4566
South Africa,ZAF,2021-01-10,1182.1104
South Africa,ZAF,2021-01-17,1445.1699
South Africa,ZAF,2021-01-24,1658.8054
South Africa,ZAF,2021-01-31,1774.7786
South Africa,ZAF,2021-02-07,1852.2482
South Africa,ZAF,2021-02-14,1900.0002
South Africa,ZAF,2021-02-21,1941.1925
South Africa,ZAF,2021-02-28,1970.9893
South Africa,ZAF,2021-03-07,1997.3749
South Africa,ZAF,2021-03-14,2024.0635
South Africa,ZAF,2021-03-21,2041.586
South Africa,ZAF,2021-03-28,2061.2131
South Africa,ZAF,2021-04-04,2082.0054
South Africa,ZAF,2021-04-11,2102.0803
South Africa,ZAF,2021-04-18,2125.5767
South Africa,ZAF,2021-04-25,2146.8574
South Africa,ZAF,2021-05-02,2168.818
South Africa,ZAF,2021-05-09,2190.9404
South Africa,ZAF,2021-05-16,2217.279
South Africa,ZAF,2021-05-23,2242.9844
South Africa,ZAF,2021-05-30,2279.378
South Africa,ZAF,2021-06-06,2325.6516
South Africa,ZAF,2021-06-13,2373.69
South Africa,ZAF,2021-06-20,2415.0203
South Africa,ZAF,2021-06-27,2489.466
South Africa,ZAF,2021-07-04,2590.1846
South Africa,ZAF,2021-07-11,2713.2292
South Africa,ZAF,2021-07-18,2887.3376
South Africa,ZAF,2021-07-25,3048.64
South Africa,ZAF,2021-08-01,3192.4617
South Africa,ZAF,2021-08-08,3300.7266
South Africa,ZAF,2021-08-15,3380.7253
South Africa,ZAF,2021-08-22,3467.8628
South Africa,ZAF,2021-08-29,3543.1335
South Africa,ZAF,2021-09-05,3615.825
South Africa,ZAF,2021-09-12,3666.8635
South Africa,ZAF,2021-09-19,3701.2231
South Africa,ZAF,2021-09-26,3730.973
South Africa,ZAF,2021-10-03,3751.7114
South Africa,ZAF,2021-10-10,3765.4487
South Africa,ZAF,2021-10-17,3785.8672
South Africa,ZAF,2021-10-24,3801.878
South Africa,ZAF,2021-10-31,3810.7324
South Africa,ZAF,2021-11-07,3829.9993
South Africa,ZAF,2021-11-14,3852.28
South Africa,ZAF,2021-11-21,3868.873
South Africa,ZAF,2021-11-28,3884.2405
South Africa,ZAF,2021-12-05,3910.912
South Africa,ZAF,2021-12-12,3933.4421
South Africa,ZAF,2021-12-19,3974.4053
South Africa,ZAF,2021-12-26,4027.1882
South Africa,ZAF,2022-01-02,4051.133
South Africa,ZAF,2022-01-09,4090.6113
South Africa,ZAF,2022-01-16,4127.1743
South Africa,ZAF,2022-01-23,4150.6406
South Africa,ZAF,2022-01-30,4167.673
South Africa,ZAF,2022-02-06,4185.826
South Africa,ZAF,2022-02-13,4197.435
South Africa,ZAF,2022-02-20,4208.984
South Africa,ZAF,2022-02-27,4223.959
South Africa,ZAF,2022-03-06,4237.2876
South Africa,ZAF,2022-03-13,4251.4844
South Africa,ZAF,2022-03-20,4262.4688
South Africa,ZAF,2022-03-27,4277.6606
South Africa,ZAF,2022-04-03,4290.9023
South Africa,ZAF,2022-04-10,4299.7095
South Africa,ZAF,2022-04-17,4327.003
South Africa,ZAF,2022-04-24,4345.838
South Africa,ZAF,2022-05-01,4365.965
South Africa,ZAF,2022-05-08,4390.527
South Africa,ZAF,2022-05-15,4415.8965
South Africa,ZAF,2022-05-22,4432.5244
South Africa,ZAF,2022-05-29,4460.352
South Africa,ZAF,2022-06-05,4482.282
South Africa,ZAF,2022-06-12,4498.2656
South Africa,ZAF,2022-06-19,4515.678
South Africa,ZAF,2022-06-26,4527.4775
South Africa,ZAF,2022-07-03,4543.7075
South Africa,ZAF,2022-07-10,4550.488
South Africa,ZAF,2022-07-17,4554.3765
South Africa,ZAF,2022-07-24,4555.934
South Africa,ZAF,2022-07-31,4562.414
South Africa,ZAF,2022-08-07,4566.0923
South Africa,ZAF,2022-08-14,4566.685
South Africa,ZAF,2022-08-21,4570.45
South Africa,ZAF,2022-08-28,4579.528
South Africa,ZAF,2022-09-04,4587.7505
South Africa,ZAF,2022-09-11,4595.9067
South Africa,ZAF,2022-09-18,4601.966
South Africa,ZAF,2022-09-25,4605.9746
South Africa,ZAF,2022-10-02,4613.9204
South Africa,ZAF,2022-10-09,4626.0435
South Africa,ZAF,2022-10-16,4635.2744
South Africa,ZAF,2022-10-23,4637.881
South Africa,ZAF,2022-10-30,4634.5435
South Africa,ZAF,2022-11-06,4636.622
South Africa,ZAF,2022-11-13,4640.4204
South Africa,ZAF,2022-11-20,4648.7466
South Africa,ZAF,2022-11-27,4656.008
South Africa,ZAF,2022-12-04,4660.254
South Africa,ZAF,2022-12-11,4662.8467
South Africa,ZAF,2022-12-18,4671.0127
South Africa,ZAF,2022-12-25,4671.983
South Africa,ZAF,2023-01-01,4638.468
South Africa,ZAF,2023-01-08,4639.1416
South Africa,ZAF,2023-01-15,4659.8003
South Africa,ZAF,2023-01-22,4683.035
South Africa,ZAF,2023-01-29,4700.933
South Africa,ZAF,2023-02-05,4707.496
South Africa,ZAF,2023-02-12,4710.285
South Africa,ZAF,2023-02-19,4716.871
South Africa,ZAF,2023-02-26,4727.3506
South Africa,ZAF,2023-03-05,4733.814
South Africa,ZAF,2023-03-12,4750.342
South Africa,ZAF,2023-03-19,4759.4966
South Africa,ZAF,2023-03-26,4772.972
South Africa,ZAF,2023-04-02,4779.896
South Africa,ZAF,2023-04-09,4790.3354
South Africa,ZAF,2023-04-16,4804.0225
South Africa,ZAF,2023-04-23,4813.0317
South Africa,ZAF,2023-04-30,4826.749
South Africa,ZAF,2023-05-07,4833.11
South Africa,ZAF,2023-05-14,4844.642
South Africa,ZAF,2023-05-21,4861.3613
South Africa,ZAF,2023-05-28,4889.7803
South Africa,ZAF,2023-06-04,4917.351
South Africa,ZAF,2023-06-11,4937.421
South Africa,ZAF,2023-06-18,4947.1885
South Africa,ZAF,2023-06-25,4953.2617
South Africa,ZAF,2023-07-02,4955.683
South Africa,ZAF,2023-07-09,4956.4165
South Africa,ZAF,2023-07-16,4974.9565
South Africa,ZAF,2023-07-23,4982.1484
South Africa,ZAF,2023-07-30,4992.515
South Africa,ZAF,2023-08-06,4999.6245
South Africa,ZAF,2023-08-13,5006.7207
South Africa,ZAF,2023-08-20,5011.2676
South Africa,ZAF,2023-08-27,5007.343
South Africa,ZAF,2023-09-03,5007.073
South Africa,ZAF,2023-09-10,5004.519
South Africa,ZAF,2023-09-17,5010.6284
South Africa,ZAF,2023-09-24,5015.417
South Africa,ZAF,2023-10-01,5020.5005
South Africa,ZAF,2023-10-08,5025.0737
South Africa,ZAF,2023-10-15,5029.18
South Africa,ZAF,2023-10-22,5035.955
South Africa,ZAF,2023-10-29,5041.141
South Africa,ZAF,2023-11-05,5051.134
South Africa,ZAF,2023-11-12,5061.11
South Africa,ZAF,2023-11-19,5066.2725
South Africa,ZAF,2023-11-26,5092.41
South Africa,ZAF,2023-12-03,5104.303
South Africa,ZAF,2023-12-10,5110.1045
South Africa,ZAF,2023-12-17,5113.238
South Africa,ZAF,2023-12-24,5120.3438
South Africa,ZAF,2023-12-31,5123.385
South Korea,KOR,2020-01-05,0.47063458
South Korea,KOR,2020-01-12,-2.0214279
South Korea,KOR,2020-01-19,-2.1757348
South Korea,KOR,2020-01-26,0.8371138
South Korea,KOR,2020-02-02,2.6849368
South Korea,KOR,2020-02-09,7.568758
South Korea,KOR,2020-02-16,7.2177057
South Korea,KOR,2020-02-23,2.310744
South Korea,KOR,2020-03-01,-1.1958795
South Korea,KOR,2020-03-08,-4.2935953
South Korea,KOR,2020-03-15,-6.3458767
South Korea,KOR,2020-03-22,-8.24
South Korea,KOR,2020-03-29,-12.305985
South Korea,KOR,2020-04-05,-17.63344
South Korea,KOR,2020-04-12,-15.65445
South Korea,KOR,2020-04-19,-17.506134
South Korea,KOR,2020-04-26,-19.651007
South Korea,KOR,2020-05-03,-15.936063
South Korea,KOR,2020-05-10,-18.790743
South Korea,KOR,2020-05-17,-23.805721
South Korea,KOR,2020-05-24,-25.668982
South Korea,KOR,2020-05-31,-30.417784
South Korea,KOR,2020-06-07,-28.002874
South Korea,KOR,2020-06-14,-26.26306
South Korea,KOR,2020-06-21,-27.308493
South Korea,KOR,2020-06-28,-27.350931
South Korea,KOR,2020-07-05,-27.273777
South Korea,KOR,2020-07-12,-30.498798
South Korea,KOR,2020-07-19,-29.19105
South Korea,KOR,2020-07-26,-28.701126
South Korea,KOR,2020-08-02,-30.356066
South Korea,KOR,2020-08-09,-33.25704
South Korea,KOR,2020-08-16,-28.184193
South Korea,KOR,2020-08-23,-18.810041
South Korea,KOR,2020-08-30,-11.893226
South Korea,KOR,2020-09-06,-10.523751
South Korea,KOR,2020-09-13,-8.456033
South Korea,KOR,2020-09-20,-5.04199
South Korea,KOR,2020-09-27,-2.735098
South Korea,KOR,2020-10-04,-2.3609052
South Korea,KOR,2020-10-11,1.5700628
South Korea,KOR,2020-10-18,1.4234692
South Korea,KOR,2020-10-25,4.795074
South Korea,KOR,2020-11-01,8.529306
South Korea,KOR,2020-11-08,11.353123
South Korea,KOR,2020-11-15,13.783459
South Korea,KOR,2020-11-22,14.578144
South Korea,KOR,2020-11-29,11.194964
South Korea,KOR,2020-12-06,14.555003
South Korea,KOR,2020-12-13,12.973356
South Korea,KOR,2020-12-20,7.368151
South Korea,KOR,2020-12-27,5.1769896
South Korea,KOR,2021-01-03,3.4304235
South Korea,KOR,2021-01-10,-2.446468
South Korea,KOR,2021-01-17,-6.791435
South Korea,KOR,2021-01-24,-13.158387
South Korea,KOR,2021-01-31,-24.807976
South Korea,KOR,2021-02-07,-32.008423
South Korea,KOR,2021-02-14,-41.786514
South Korea,KOR,2021-02-21,-45.86137
South Korea,KOR,2021-02-28,-54.049652
South Korea,KOR,2021-03-07,-60.837208
South Korea,KOR,2021-03-14,-63.337685
South Korea,KOR,2021-03-21,-65.48701
South Korea,KOR,2021-03-28,-68.34635
South Korea,KOR,2021-04-04,-70.40693
South Korea,KOR,2021-04-11,-74.21167
South Korea,KOR,2021-04-18,-73.10034
South Korea,KOR,2021-04-25,-75.55066
South Korea,KOR,2021-05-02,-76.13333
South Korea,KOR,2021-05-09,-76.874214
South Korea,KOR,2021-05-16,-73.82579
South Korea,KOR,2021-05-23,-78.57207
South Korea,KOR,2021-05-30,-77.04014
South Korea,KOR,2021-06-06,-78.683975
South Korea,KOR,2021-06-13,-76.98226
South Korea,KOR,2021-06-20,-75.415596
South Korea,KOR,2021-06-27,-73.06562
South Korea,KOR,2021-07-04,-69.943886
South Korea,KOR,2021-07-11,-66.7797
South Korea,KOR,2021-07-18,-62.442463
South Korea,KOR,2021-07-25,-54.69022
South Korea,KOR,2021-08-01,-46.82993
South Korea,KOR,2021-08-08,-42.948013
South Korea,KOR,2021-08-15,-40.235306
South Korea,KOR,2021-08-22,-34.09988
South Korea,KOR,2021-08-29,-29.353605
South Korea,KOR,2021-09-05,-23.939764
South Korea,KOR,2021-09-12,-17.572813
South Korea,KOR,2021-09-19,-11.066941
South Korea,KOR,2021-09-26,-4.2755256
South Korea,KOR,2021-10-03,2.4309993
South Korea,KOR,2021-10-10,6.953463
South Korea,KOR,2021-10-17,12.004575
South Korea,KOR,2021-10-24,18.919468
South Korea,KOR,2021-10-31,30.22177
South Korea,KOR,2021-11-07,39.43649
South Korea,KOR,2021-11-14,48.435112
South Korea,KOR,2021-11-21,61.091843
South Korea,KOR,2021-11-28,74.061134
South Korea,KOR,2021-12-05,90.83902
South Korea,KOR,2021-12-12,109.59645
South Korea,KOR,2021-12-19,129.25682
South Korea,KOR,2021-12-26,146.87978
South Korea,KOR,2022-01-02,161.32526
South Korea,KOR,2022-01-09,165.67722
South Korea,KOR,2022-01-16,167.14201
South Korea,KOR,2022-01-23,168.99666
South Korea,KOR,2022-01-30,172.66928
South Korea,KOR,2022-02-06,174.44287
South Korea,KOR,2022-02-13,187.0317
South Korea,KOR,2022-02-20,200.26897
South Korea,KOR,2022-02-27,227.35916
South Korea,KOR,2022-03-06,274.9759
South Korea,KOR,2022-03-13,339.56042
South Korea,KOR,2022-03-20,421.98123
South Korea,KOR,2022-03-27,507.59024
South Korea,KOR,2022-04-03,588.5945
South Korea,KOR,2022-04-10,657.00793
South Korea,KOR,2022-04-17,713.74164
South Korea,KOR,2022-04-24,750.3347
South Korea,KOR,2022-05-01,775.11285
South Korea,KOR,2022-05-08,790.75867
South Korea,KOR,2022-05-15,807.8017
South Korea,KOR,2022-05-22,816.43036
South Korea,KOR,2022-05-29,826.14746
South Korea,KOR,2022-06-05,829.94745
South Korea,KOR,2022-06-12,830.41644
South Korea,KOR,2022-06-19,833.0662
South Korea,KOR,2022-06-26,833.54675
South Korea,KOR,2022-07-03,836.61334
South Korea,KOR,2022-07-10,841.98047
South Korea,KOR,2022-07-17,847.2279
South Korea,KOR,2022-07-24,849.67694
South Korea,KOR,2022-07-31,859.0467
South Korea,KOR,2022-08-07,870.80566
South Korea,KOR,2022-08-14,884.2706
South Korea,KOR,2022-08-21,910.1527
South Korea,KOR,2022-08-28,935.34
South Korea,KOR,2022-09-04,960.94415
South Korea,KOR,2022-09-11,981.46106
South Korea,KOR,2022-09-18,1008.04175
South Korea,KOR,2022-09-25,1024.9883
South Korea,KOR,2022-10-02,1037.6428
South Korea,KOR,2022-10-09,1047.0317
South Korea,KOR,2022-10-16,1060.0182
South Korea,KOR,2022-10-23,1072.5144
South Korea,KOR,2022-10-30,1089.4956
South Korea,KOR,2022-11-06,1104.5239
South Korea,KOR,2022-11-13,1122.8677
South Korea,KOR,2022-11-20,1143.4232
South Korea,KOR,2022-11-27,1160.8175
South Korea,KOR,2022-12-04,1178.5669
South Korea,KOR,2022-12-11,1201.3457
South Korea,KOR,2022-12-18,1223.7346
South Korea,KOR,2022-12-25,1248.7174
South Korea,KOR,2023-01-01,1274.0754
South Korea,KOR,2023-01-08,1291.8898
South Korea,KOR,2023-01-15,1307.5298
South Korea,KOR,2023-01-22,1312.0311
South Korea,KOR,2023-01-29,1322.7352
South Korea,KOR,2023-02-05,1333.4122
South Korea,KOR,2023-02-12,1340.9879
South Korea,KOR,2023-02-19,1347.3972
South Korea,KOR,2023-02-26,1350.5391
South Korea,KOR,2023-03-05,1352.6112
South Korea,KOR,2023-03-12,1356.9465
South Korea,KOR,2023-03-19,1357.211
South Korea,KOR,2023-03-26,1361.1871
South Korea,KOR,2023-04-02,1367.4111
South Korea,KOR,2023-04-09,1367.1774
South Korea,KOR,2023-04-16,1374.529
South Korea,KOR,2023-04-23,1380.4982
South Korea,KOR,2023-04-30,1388.8385
South Korea,KOR,2023-05-07,1397.0012
South Korea,KOR,2023-05-14,1406.2917
South Korea,KOR,2023-05-21,1417.1465
South Korea,KOR,2023-05-28,1426.0585
South Korea,KOR,2023-06-04,1434.7079
South Korea,KOR,2023-06-11,1444.3691
South Korea,KOR,2023-06-18,1455.6525
South Korea,KOR,2023-06-25,1462.8729
South Korea,KOR,2023-07-02,1469.5912
South Korea,KOR,2023-07-09,1475.1161
South Korea,KOR,2023-07-16,1486.6234
South Korea,KOR,2023-07-23,1497.4742
South Korea,KOR,2023-07-30,1511.6002
South Korea,KOR,2023-08-06,1532.095
South Korea,KOR,2023-08-13,1553.0802
South Korea,KOR,2023-08-20,1571.949
South Korea,KOR,2023-08-27,1591.5322
South Korea,KOR,2023-09-03,1607.8055
South Korea,KOR,2023-09-10,1624.5886
South Korea,KOR,2023-09-17,1637.4363
South Korea,KOR,2023-09-24,1643.4053
South Korea,KOR,2023-10-01,1650.1198
Spain,ESP,2020-01-05,-25.51949
Spain,ESP,2020-01-12,-45.726894
Spain,ESP,2020-01-19,-58.392693
Spain,ESP,2020-01-26,-63.073483
Spain,ESP,2020-02-02,-65.14047
Spain,ESP,2020-02-09,-77.21931
Spain,ESP,2020-02-16,-93.73613
Spain,ESP,2020-02-23,-115.248344
Spain,ESP,2020-03-01,-132.13678
Spain,ESP,2020-03-08,-140.9093
Spain,ESP,2020-03-15,-121.867325
Spain,ESP,2020-03-22,-25.728518
Spain,ESP,2020-03-29,216.83434
Spain,ESP,2020-04-05,486.49805
Spain,ESP,2020-04-12,682.00806
Spain,ESP,2020-04-19,795.4217
Spain,ESP,2020-04-26,852.2182
Spain,ESP,2020-05-03,881.707
Spain,ESP,2020-05-10,898.86566
Spain,ESP,2020-05-17,897.02246
Spain,ESP,2020-05-24,899.52014
Spain,ESP,2020-05-31,904.9653
Spain,ESP,2020-06-07,899.1359
Spain,ESP,2020-06-14,888.50964
Spain,ESP,2020-06-21,877.8074
Spain,ESP,2020-06-28,878.83136
Spain,ESP,2020-07-05,877.06
Spain,ESP,2020-07-12,879.03406
Spain,ESP,2020-07-19,879.56824
Spain,ESP,2020-07-26,887.74536
Spain,ESP,2020-08-02,910.1865
Spain,ESP,2020-08-09,929.72253
Spain,ESP,2020-08-16,950.0904
Spain,ESP,2020-08-23,966.70013
Spain,ESP,2020-08-30,985.4803
Spain,ESP,2020-09-06,1002.9346
Spain,ESP,2020-09-13,1027.2844
Spain,ESP,2020-09-20,1050.7812
Spain,ESP,2020-09-27,1068.9618
Spain,ESP,2020-10-04,1090.1193
Spain,ESP,2020-10-11,1117.1969
Spain,ESP,2020-10-18,1142.9781
Spain,ESP,2020-10-25,1185.1855
Spain,ESP,2020-11-01,1227.1268
Spain,ESP,2020-11-08,1280.4946
Spain,ESP,2020-11-15,1323.6816
Spain,ESP,2020-11-22,1358.6514
Spain,ESP,2020-11-29,1386.6621
Spain,ESP,2020-12-06,1413.7356
Spain,ESP,2020-12-13,1433.6812
Spain,ESP,2020-12-20,1443.3489
Spain,ESP,2020-12-27,1440.7288
Spain,ESP,2021-01-03,1444.9723
Spain,ESP,2021-01-10,1455.4636
Spain,ESP,2021-01-17,1486.2257
Spain,ESP,2021-01-24,1536.6396
Spain,ESP,2021-01-31,1588.6582
Spain,ESP,2021-02-07,1619.4667
Spain,ESP,2021-02-14,1631.0446
Spain,ESP,2021-02-21,1627.372
Spain,ESP,2021-02-28,1618.2115
Spain,ESP,2021-03-07,1603.7865
Spain,ESP,2021-03-14,1590.9915
Spain,ESP,2021-03-21,1579.6157
Spain,ESP,2021-03-28,1576.5496
Spain,ESP,2021-04-04,1572.877
Spain,ESP,2021-04-11,1569.9541
Spain,ESP,2021-04-18,1566.9637
Spain,ESP,2021-04-25,1571.2723
Spain,ESP,2021-05-02,1572.9149
Spain,ESP,2021-05-09,1582.0669
Spain,ESP,2021-05-16,1583.701
Spain,ESP,2021-05-23,1583.1661
Spain,ESP,2021-05-30,1580.9381
Spain,ESP,2021-06-06,1580.3654
Spain,ESP,2021-06-13,1586.426
Spain,ESP,2021-06-20,1595.8938
Spain,ESP,2021-06-27,1590.3976
Spain,ESP,2021-07-04,1592.2802
Spain,ESP,2021-07-11,1588.4686
Spain,ESP,2021-07-18,1586.5397
Spain,ESP,2021-07-25,1606.0651
Spain,ESP,2021-08-01,1625.2957
Spain,ESP,2021-08-08,1648.8768
Spain,ESP,2021-08-15,1678.1943
Spain,ESP,2021-08-22,1711.0371
Spain,ESP,2021-08-29,1734.3193
Spain,ESP,2021-09-05,1752.7328
Spain,ESP,2021-09-12,1772.5403
Spain,ESP,2021-09-19,1786.4431
Spain,ESP,2021-09-26,1794.2305
Spain,ESP,2021-10-03,1801.3904
Spain,ESP,2021-10-10,1808.7609
Spain,ESP,2021-10-17,1814.9604
Spain,ESP,2021-10-24,1823.0469
Spain,ESP,2021-10-31,1837.9983
Spain,ESP,2021-11-07,1842.6818
Spain,ESP,2021-11-14,1862.6577
Spain,ESP,2021-11-21,1879.8499
Spain,ESP,2021-11-28,1896.8271
Spain,ESP,2021-12-05,1921.3097
Spain,ESP,2021-12-12,1937.2551
Spain,ESP,2021-12-19,1956.5363
Spain,ESP,2021-12-26,1976.6007
Spain,ESP,2022-01-02,1990.7953
Spain,ESP,2022-01-09,1989.641
Spain,ESP,2022-01-16,1994.4918
Spain,ESP,2022-01-23,1999.8094
Spain,ESP,2022-01-30,2019.3873
Spain,ESP,2022-02-06,2034.9451
Spain,ESP,2022-02-13,2040.1533
Spain,ESP,2022-02-20,2032.0265
Spain,ESP,2022-02-27,2020.1023
Spain,ESP,2022-03-06,2008.115
Spain,ESP,2022-03-13,1999.269
Spain,ESP,2022-03-20,1997.5386
Spain,ESP,2022-03-27,2000.6359
Spain,ESP,2022-04-03,2003.0223
Spain,ESP,2022-04-10,2012.6757
Spain,ESP,2022-04-17,2024.9111
Spain,ESP,2022-04-24,2035.0775
Spain,ESP,2022-05-01,2049.5837
Spain,ESP,2022-05-08,2067.6143
Spain,ESP,2022-05-15,2091.4058
Spain,ESP,2022-05-22,2117.868
Spain,ESP,2022-05-29,2131.7266
Spain,ESP,2022-06-05,2147.4902
Spain,ESP,2022-06-12,2162.7283
Spain,ESP,2022-06-19,2204.1614
Spain,ESP,2022-06-26,2224.7864
Spain,ESP,2022-07-03,2247.691
Spain,ESP,2022-07-10,2275.8855
Spain,ESP,2022-07-17,2343.093
Spain,ESP,2022-07-24,2414.9434
Spain,ESP,2022-07-31,2466.8813
Spain,ESP,2022-08-07,2506.5735
Spain,ESP,2022-08-14,2543.877
Spain,ESP,2022-08-21,2562.0125
Spain,ESP,2022-08-28,2583.6594
Spain,ESP,2022-09-04,2595.5876
Spain,ESP,2022-09-11,2609.665
Spain,ESP,2022-09-18,2624.9116
Spain,ESP,2022-09-25,2631.1082
Spain,ESP,2022-10-02,2637.0986
Spain,ESP,2022-10-09,2652.8455
Spain,ESP,2022-10-16,2662.0825
Spain,ESP,2022-10-23,2677.6191
Spain,ESP,2022-10-30,2686.6584
Spain,ESP,2022-11-06,2686.9802
Spain,ESP,2022-11-13,2695.2961
Spain,ESP,2022-11-20,2703.8184
Spain,ESP,2022-11-27,2713.03
Spain,ESP,2022-12-04,2728.8318
Spain,ESP,2022-12-11,2753.6453
Spain,ESP,2022-12-18,2771.8228
Spain,ESP,2022-12-25,2790.32
Spain,ESP,2023-01-01,2775.4321
Spain,ESP,2023-01-08,2773.2224
Spain,ESP,2023-01-15,2764.6492
Spain,ESP,2023-01-22,2749.5354
Spain,ESP,2023-01-29,2737.3298
Spain,ESP,2023-02-05,2737.368
Spain,ESP,2023-02-12,2743.904
Spain,ESP,2023-02-19,2746.2483
Spain,ESP,2023-02-26,2749.022
Spain,ESP,2023-03-05,2755.6255
Spain,ESP,2023-03-12,2770.3606
Spain,ESP,2023-03-19,2775.7603
Spain,ESP,2023-03-26,2775.449
Spain,ESP,2023-04-02,2772.827
Spain,ESP,2023-04-09,2768.9338
Spain,ESP,2023-04-16,2769.645
Spain,ESP,2023-04-23,2771.1897
Spain,ESP,2023-04-30,2776.9514
Spain,ESP,2023-05-07,2774.9817
Spain,ESP,2023-05-14,2771.1392
Spain,ESP,2023-05-21,2768.2434
Spain,ESP,2023-05-28,2771.5474
Spain,ESP,2023-06-04,2773.8118
Spain,ESP,2023-06-11,2777.1282
Spain,ESP,2023-06-18,2780.4194
Spain,ESP,2023-06-25,2776.7114
Spain,ESP,2023-07-02,2780.4404
Spain,ESP,2023-07-09,2772.4817
Spain,ESP,2023-07-16,2771.4758
Spain,ESP,2023-07-23,2775.916
Spain,ESP,2023-07-30,2775.2847
Spain,ESP,2023-08-06,2775.571
Spain,ESP,2023-08-13,2779.0432
Spain,ESP,2023-08-20,2789.9314
Spain,ESP,2023-08-27,2820.3904
Spain,ESP,2023-09-03,2835.1252
Spain,ESP,2023-09-10,2847.4866
Spain,ESP,2023-09-17,2855.7778
Spain,ESP,2023-09-24,2860.6726
Spain,ESP,2023-10-01,2865.151
Spain,ESP,2023-10-08,2876.6997
Spain,ESP,2023-10-15,2880.6812
Spain,ESP,2023-10-22,2883.7073
Spain,ESP,2023-10-29,2886.9438
Spain,ESP,2023-11-05,2886.5483
Spain,ESP,2023-11-12,2892.2595
Spain,ESP,2023-11-19,2897.2092
Spain,ESP,2023-11-26,2897.3774
Spain,ESP,2023-12-03,2903.8884
Spain,ESP,2023-12-10,2906.8557
Spain,ESP,2023-12-17,2914.3767
Spain,ESP,2023-12-24,2934.0654
Spain,ESP,2023-12-31,2969.2637
Suriname,SUR,2020-01-31,-69.34974
Suriname,SUR,2020-02-29,8.565732
Suriname,SUR,2020-03-31,-68.69084
Suriname,SUR,2020-04-30,-110.69602
Suriname,SUR,2020-05-31,-191.24712
Suriname,SUR,2020-06-30,-148.25357
Suriname,SUR,2020-07-31,-139.19363
Suriname,SUR,2020-08-31,-50.735645
Suriname,SUR,2020-09-30,-17.29625
Suriname,SUR,2020-10-31,12.5192
Suriname,SUR,2020-11-30,6.094889
Suriname,SUR,2020-12-31,79.39805
Suriname,SUR,2021-01-31,87.76669
Suriname,SUR,2021-02-28,77.97859
Suriname,SUR,2021-03-31,-10.440634
Suriname,SUR,2021-04-30,-5.220292
Suriname,SUR,2021-05-31,265.25763
Suriname,SUR,2021-06-30,821.2219
Suriname,SUR,2021-07-31,1152.7124
Suriname,SUR,2021-08-31,1313.2373
Suriname,SUR,2021-09-30,1739.0198
Suriname,SUR,2021-10-31,2263.9885
Suriname,SUR,2021-11-30,2472.475
Suriname,SUR,2021-12-31,2585.3645
Suriname,SUR,2022-01-31,2855.9363
Suriname,SUR,2022-02-28,2997.8352
Suriname,SUR,2022-03-31,2982.464
Suriname,SUR,2022-04-30,3072.9104
Suriname,SUR,2022-05-31,3154.6196
Suriname,SUR,2022-06-30,3284.8687
Suriname,SUR,2022-07-31,3326.775
Suriname,SUR,2022-08-31,3320.4648
Suriname,SUR,2022-09-30,3323.2153
Suriname,SUR,2022-10-31,3388.7446
Suriname,SUR,2022-11-30,3446.1836
Suriname,SUR,2022-12-31,3481.618
Sweden,SWE,2020-01-05,-11.843035
Sweden,SWE,2020-01-12,-14.726642
Sweden,SWE,2020-01-19,-22.895252
Sweden,SWE,2020-01-26,-38.50915
Sweden,SWE,2020-02-02,-39.35783
Sweden,SWE,2020-02-09,-52.56069
Sweden,SWE,2020-02-16,-60.092777
Sweden,SWE,2020-02-23,-78.32989
Sweden,SWE,2020-03-01,-95.20717
Sweden,SWE,2020-03-08,-101.63982
Sweden,SWE,2020-03-15,-115.86496
Sweden,SWE,2020-03-22,-107.252716
Sweden,SWE,2020-03-29,-83.90419
Sweden,SWE,2020-04-05,-25.576311
Sweden,SWE,2020-04-12,56.186882
Sweden,SWE,2020-04-19,132.33717
Sweden,SWE,2020-04-26,190.14427
Sweden,SWE,2020-05-03,250.00557
Sweden,SWE,2020-05-10,305.88385
Sweden,SWE,2020-05-17,349.4369
Sweden,SWE,2020-05-24,387.0684
Sweden,SWE,2020-05-31,399.29718
Sweden,SWE,2020-06-07,422.5782
Sweden,SWE,2020-06-14,444.12326
Sweden,SWE,2020-06-21,459.65036
Sweden,SWE,2020-06-28,473.40292
Sweden,SWE,2020-07-05,474.9942
Sweden,SWE,2020-07-12,478.54327
Sweden,SWE,2020-07-19,475.92007
Sweden,SWE,2020-07-26,476.96164
Sweden,SWE,2020-08-02,476.3637
Sweden,SWE,2020-08-09,482.41058
Sweden,SWE,2020-08-16,483.4425
Sweden,SWE,2020-08-23,489.27722
Sweden,SWE,2020-08-30,481.59082
Sweden,SWE,2020-09-06,478.8133
Sweden,SWE,2020-09-13,479.0737
Sweden,SWE,2020-09-20,476.22867
Sweden,SWE,2020-09-27,475.87183
Sweden,SWE,2020-10-04,469.78638
Sweden,SWE,2020-10-11,462.59183
Sweden,SWE,2020-10-18,464.32776
Sweden,SWE,2020-10-25,457.8469
Sweden,SWE,2020-11-01,460.2097
Sweden,SWE,2020-11-08,463.39227
Sweden,SWE,2020-11-15,482.79633
Sweden,SWE,2020-11-22,516.24225
Sweden,SWE,2020-11-29,539.7547
Sweden,SWE,2020-12-06,577.36694
Sweden,SWE,2020-12-13,615.2878
Sweden,SWE,2020-12-20,666.1318
Sweden,SWE,2020-12-27,715.7028
Sweden,SWE,2021-01-03,763.94635
Sweden,SWE,2021-01-10,800.05
Sweden,SWE,2021-01-17,836.6504
Sweden,SWE,2021-01-24,869.35284
Sweden,SWE,2021-01-31,887.419
Sweden,SWE,2021-02-07,887.96356
Sweden,SWE,2021-02-14,888.9476
Sweden,SWE,2021-02-21,883.9892
Sweden,SWE,2021-02-28,870.0503
Sweden,SWE,2021-03-07,843.0132
Sweden,SWE,2021-03-14,835.84784
Sweden,SWE,2021-03-21,818.4791
Sweden,SWE,2021-03-28,813.9889
Sweden,SWE,2021-04-04,802.54346
Sweden,SWE,2021-04-11,795.99915
Sweden,SWE,2021-04-18,790.50574
Sweden,SWE,2021-04-25,786.6174
Sweden,SWE,2021-05-02,782.2131
Sweden,SWE,2021-05-09,788.2988
Sweden,SWE,2021-05-16,793.81134
Sweden,SWE,2021-05-23,794.94824
Sweden,SWE,2021-05-30,793.5629
Sweden,SWE,2021-06-06,792.0057
Sweden,SWE,2021-06-13,792.426
Sweden,SWE,2021-06-20,790.0758
Sweden,SWE,2021-06-27,788.8338
Sweden,SWE,2021-07-04,784.98364
Sweden,SWE,2021-07-11,783.7417
Sweden,SWE,2021-07-18,786.0155
Sweden,SWE,2021-07-25,783.6079
Sweden,SWE,2021-08-01,789.2733
Sweden,SWE,2021-08-08,782.06976
Sweden,SWE,2021-08-15,790.1332
Sweden,SWE,2021-08-22,794.18396
Sweden,SWE,2021-08-29,798.7889
Sweden,SWE,2021-09-05,800.42255
Sweden,SWE,2021-09-12,807.4541
Sweden,SWE,2021-09-19,820.90576
Sweden,SWE,2021-09-26,829.8481
Sweden,SWE,2021-10-03,840.7967
Sweden,SWE,2021-10-10,841.26483
Sweden,SWE,2021-10-17,844.4462
Sweden,SWE,2021-10-24,853.7993
Sweden,SWE,2021-10-31,858.54755
Sweden,SWE,2021-11-07,869.8305
Sweden,SWE,2021-11-14,878.4958
Sweden,SWE,2021-11-21,885.55597
Sweden,SWE,2021-11-28,890.4762
Sweden,SWE,2021-12-05,896.8294
Sweden,SWE,2021-12-12,909.5837
Sweden,SWE,2021-12-19,923.33154
Sweden,SWE,2021-12-26,935.45526
Sweden,SWE,2022-01-02,946.428
Sweden,SWE,2022-01-09,957.7177
Sweden,SWE,2022-01-16,967.98376
Sweden,SWE,2022-01-23,974.0031
Sweden,SWE,2022-01-30,989.5775
Sweden,SWE,2022-02-06,1017.456
Sweden,SWE,2022-02-13,1028.1392
Sweden,SWE,2022-02-20,1042.3107
Sweden,SWE,2022-02-27,1041.41
Sweden,SWE,2022-03-06,1038.2914
Sweden,SWE,2022-03-13,1027.6462
Sweden,SWE,2022-03-20,1017.4939
Sweden,SWE,2022-03-27,1013.9581
Sweden,SWE,2022-04-03,1007.6923
Sweden,SWE,2022-04-10,1006.74445
Sweden,SWE,2022-04-17,998.40265
Sweden,SWE,2022-04-24,987.95654
Sweden,SWE,2022-05-01,983.1506
Sweden,SWE,2022-05-08,986.9328
Sweden,SWE,2022-05-15,989.6723
Sweden,SWE,2022-05-22,1002.9527
Sweden,SWE,2022-05-29,1005.76807
Sweden,SWE,2022-06-05,1010.7067
Sweden,SWE,2022-06-12,1014.1572
Sweden,SWE,2022-06-19,1022.2525
Sweden,SWE,2022-06-26,1034.0067
Sweden,SWE,2022-07-03,1046.017
Sweden,SWE,2022-07-10,1053.6003
Sweden,SWE,2022-07-17,1051.7804
Sweden,SWE,2022-07-24,1065.4115
Sweden,SWE,2022-07-31,1077.0521
Sweden,SWE,2022-08-07,1088.7211
Sweden,SWE,2022-08-14,1110.4191
Sweden,SWE,2022-08-21,1131.3588
Sweden,SWE,2022-08-28,1142.7054
Sweden,SWE,2022-09-04,1141.3025
Sweden,SWE,2022-09-11,1147.6062
Sweden,SWE,2022-09-18,1167.0103
Sweden,SWE,2022-09-25,1184.8787
Sweden,SWE,2022-10-02,1203.7234
Sweden,SWE,2022-10-09,1216.947
Sweden,SWE,2022-10-16,1223.573
Sweden,SWE,2022-10-23,1227.2225
Sweden,SWE,2022-10-30,1229.052
Sweden,SWE,2022-11-06,1224.8053
Sweden,SWE,2022-11-13,1229.8483
Sweden,SWE,2022-11-20,1238.7019
Sweden,SWE,2022-11-27,1257.1864
Sweden,SWE,2022-12-04,1266.2487
Sweden,SWE,2022-12-11,1287.4822
Sweden,SWE,2022-12-18,1335.4851
Sweden,SWE,2022-12-25,1389.8391
Sweden,SWE,2023-01-01,1432.979
Sweden,SWE,2023-01-08,1477.2399
Sweden,SWE,2023-01-15,1501.3539
Sweden,SWE,2023-01-22,1512.8596
Sweden,SWE,2023-01-29,1512.0021
Sweden,SWE,2023-02-05,1510.3436
Sweden,SWE,2023-02-12,1503.8887
Sweden,SWE,2023-02-19,1491.5725
Sweden,SWE,2023-02-26,1473.4141
Sweden,SWE,2023-03-05,1463.2653
Sweden,SWE,2023-03-12,1461.0131
Sweden,SWE,2023-03-19,1455.3875
Sweden,SWE,2023-03-26,1453.9834
Sweden,SWE,2023-04-02,1451.2412
Sweden,SWE,2023-04-09,1446.8406
Sweden,SWE,2023-04-16,1451.6747
Sweden,SWE,2023-04-23,1458.1862
Sweden,SWE,2023-04-30,1467.5057
Sweden,SWE,2023-05-07,1473.056
Sweden,SWE,2023-05-14,1472.7639
Sweden,SWE,2023-05-21,1483.7985
Sweden,SWE,2023-05-28,1486.126
Sweden,SWE,2023-06-04,1491.5255
Sweden,SWE,2023-06-11,1502.9182
Sweden,SWE,2023-06-18,1511.6724
Sweden,SWE,2023-06-25,1520.3888
Sweden,SWE,2023-07-02,1519.8046
Sweden,SWE,2023-07-09,1519.8235
Sweden,SWE,2023-07-16,1516.9022
Sweden,SWE,2023-07-23,1513.7926
Sweden,SWE,2023-07-30,1518.4099
Sweden,SWE,2023-08-06,1515.4039
Sweden,SWE,2023-08-13,1520.2664
Sweden,SWE,2023-08-20,1526.5422
Sweden,SWE,2023-08-27,1532.3281
Sweden,SWE,2023-09-03,1527.2113
Sweden,SWE,2023-09-10,1543.8055
Sweden,SWE,2023-09-17,1548.0742
Sweden,SWE,2023-09-24,1557.2242
Sweden,SWE,2023-10-01,1559.5612
Sweden,SWE,2023-10-08,1562.52
Sweden,SWE,2023-10-15,1582.1014
Sweden,SWE,2023-10-22,1599.2894
Sweden,SWE,2023-10-29,1618.0605
Sweden,SWE,2023-11-05,1646.8013
Sweden,SWE,2023-11-12,1670.9624
Sweden,SWE,2023-11-19,1700.6079
Sweden,SWE,2023-11-26,1741.0524
Sweden,SWE,2023-12-03,1773.3363
Sweden,SWE,2023-12-10,1797.6293
Sweden,SWE,2023-12-17,1838.2622
Sweden,SWE,2023-12-24,1879.8374
Sweden,SWE,2023-12-31,1910.3687
Switzerland,CHE,2020-01-05,-20.07268
Switzerland,CHE,2020-01-12,-34.77412
Switzerland,CHE,2020-01-19,-44.521053
Switzerland,CHE,2020-01-26,-50.818367
Switzerland,CHE,2020-02-02,-57.138824
Switzerland,CHE,2020-02-09,-71.006805
Switzerland,CHE,2020-02-16,-86.773224
Switzerland,CHE,2020-02-23,-104.461266
Switzerland,CHE,2020-03-01,-125.99251
Switzerland,CHE,2020-03-08,-138.03148
Switzerland,CHE,2020-03-15,-138.67973
Switzerland,CHE,2020-03-22,-118.21347
Switzerland,CHE,2020-03-29,-79.61929
Switzerland,CHE,2020-04-05,-14.0994835
Switzerland,CHE,2020-04-12,32.042202
Switzerland,CHE,2020-04-19,70.91421
Switzerland,CHE,2020-04-26,90.15341
Switzerland,CHE,2020-05-03,91.14893
Switzerland,CHE,2020-05-10,88.20865
Switzerland,CHE,2020-05-17,84.180214
Switzerland,CHE,2020-05-24,80.68429
Switzerland,CHE,2020-05-31,72.95155
Switzerland,CHE,2020-06-07,72.44221
Switzerland,CHE,2020-06-14,72.41907
Switzerland,CHE,2020-06-21,68.08966
Switzerland,CHE,2020-06-28,65.103065
Switzerland,CHE,2020-07-05,62.39429
Switzerland,CHE,2020-07-12,59.89389
Switzerland,CHE,2020-07-19,46.049072
Switzerland,CHE,2020-07-26,40.515766
Switzerland,CHE,2020-08-02,51.62867
Switzerland,CHE,2020-08-09,51.026726
Switzerland,CHE,2020-08-16,57.20828
Switzerland,CHE,2020-08-23,60.704205
Switzerland,CHE,2020-08-30,60.171715
Switzerland,CHE,2020-09-06,58.551086
Switzerland,CHE,2020-09-13,64.871544
Switzerland,CHE,2020-09-20,67.4414
Switzerland,CHE,2020-09-27,70.24277
Switzerland,CHE,2020-10-04,67.55716
Switzerland,CHE,2020-10-11,76.70215
Switzerland,CHE,2020-10-18,80.68427
Switzerland,CHE,2020-10-25,108.74435
Switzerland,CHE,2020-11-01,159.05338
Switzerland,CHE,2020-11-08,251.91554
Switzerland,CHE,2020-11-15,351.09818
Switzerland,CHE,2020-11-22,452.295
Switzerland,CHE,2020-11-29,542.4021
Switzerland,CHE,2020-12-06,641.05225
Switzerland,CHE,2020-12-13,743.77716
Switzerland,CHE,2020-12-20,838.6998
Switzerland,CHE,2020-12-27,923.181
Switzerland,CHE,2021-01-03,986.9286
Switzerland,CHE,2021-01-10,1035.3672
Switzerland,CHE,2021-01-17,1069.1246
Switzerland,CHE,2021-01-24,1098.372
Switzerland,CHE,2021-01-31,1113.9045
Switzerland,CHE,2021-02-07,1108.589
Switzerland,CHE,2021-02-14,1095.8867
Switzerland,CHE,2021-02-21,1069.9071
Switzerland,CHE,2021-02-28,1045.239
Switzerland,CHE,2021-03-07,1015.48553
Switzerland,CHE,2021-03-14,994.93646
Switzerland,CHE,2021-03-21,974.5485
Switzerland,CHE,2021-03-28,964.56165
Switzerland,CHE,2021-04-04,957.98047
Switzerland,CHE,2021-04-11,951.23816
Switzerland,CHE,2021-04-18,951.23816
Switzerland,CHE,2021-04-25,951.8364
Switzerland,CHE,2021-05-02,958.6938
Switzerland,CHE,2021-05-09,955.5873
Switzerland,CHE,2021-05-16,960.76483
Switzerland,CHE,2021-05-23,960.6037
Switzerland,CHE,2021-05-30,958.7858
Switzerland,CHE,2021-06-06,963.8023
Switzerland,CHE,2021-06-13,955.8634
Switzerland,CHE,2021-06-20,960.94885
Switzerland,CHE,2021-06-27,960.94885
Switzerland,CHE,2021-07-04,958.60175
Switzerland,CHE,2021-07-11,954.34467
Switzerland,CHE,2021-07-18,952.4808
Switzerland,CHE,2021-07-25,950.1566
Switzerland,CHE,2021-08-01,945.27826
Switzerland,CHE,2021-08-08,943.1382
Switzerland,CHE,2021-08-15,958.80884
Switzerland,CHE,2021-08-22,967.3
Switzerland,CHE,2021-08-29,972.7767
Switzerland,CHE,2021-09-05,990.35724
Switzerland,CHE,2021-09-12,1008.00684
Switzerland,CHE,2021-09-19,1023.76953
Switzerland,CHE,2021-09-26,1033.3882
Switzerland,CHE,2021-10-03,1043.237
Switzerland,CHE,2021-10-10,1040.7288
Switzerland,CHE,2021-10-17,1046.8728
Switzerland,CHE,2021-10-24,1055.8242
Switzerland,CHE,2021-10-31,1069.723
Switzerland,CHE,2021-11-07,1075.8209
Switzerland,CHE,2021-11-14,1093.8387
Switzerland,CHE,2021-11-21,1118.829
Switzerland,CHE,2021-11-28,1153.2998
Switzerland,CHE,2021-12-05,1195.6174
Switzerland,CHE,2021-12-12,1248.4972
Switzerland,CHE,2021-12-19,1291.8503
Switzerland,CHE,2021-12-26,1316.0582
Switzerland,CHE,2022-01-02,1336.6099
Switzerland,CHE,2022-01-09,1343.28
Switzerland,CHE,2022-01-16,1345.5339
Switzerland,CHE,2022-01-23,1343.5317
Switzerland,CHE,2022-01-30,1343.4517
Switzerland,CHE,2022-02-06,1342.0901
Switzerland,CHE,2022-02-13,1335.9005
Switzerland,CHE,2022-02-20,1341.5638
Switzerland,CHE,2022-02-27,1331.9419
Switzerland,CHE,2022-03-06,1324.2421
Switzerland,CHE,2022-03-13,1326.8392
Switzerland,CHE,2022-03-20,1343.4402
Switzerland,CHE,2022-03-27,1366.7227
Switzerland,CHE,2022-04-03,1395.451
Switzerland,CHE,2022-04-10,1412.3495
Switzerland,CHE,2022-04-17,1422.7952
Switzerland,CHE,2022-04-24,1437.1537
Switzerland,CHE,2022-05-01,1445.6085
Switzerland,CHE,2022-05-08,1447.7023
Switzerland,CHE,2022-05-15,1450.2537
Switzerland,CHE,2022-05-22,1460.9968
Switzerland,CHE,2022-05-29,1459.2234
Switzerland,CHE,2022-06-05,1462.5299
Switzerland,CHE,2022-06-12,1466.111
Switzerland,CHE,2022-06-19,1488.7069
Switzerland,CHE,2022-06-26,1510.5936
Switzerland,CHE,2022-07-03,1526.142
Switzerland,CHE,2022-07-10,1541.1641
Switzerland,CHE,2022-07-17,1559.2523
Switzerland,CHE,2022-07-24,1587.4087
Switzerland,CHE,2022-07-31,1620.9196
Switzerland,CHE,2022-08-07,1640.7926
Switzerland,CHE,2022-08-14,1658.8123
Switzerland,CHE,2022-08-21,1674.3834
Switzerland,CHE,2022-08-28,1689.9318
Switzerland,CHE,2022-09-04,1695.2062
Switzerland,CHE,2022-09-11,1703.9814
Switzerland,CHE,2022-09-18,1714.3126
Switzerland,CHE,2022-09-25,1713.6147
Switzerland,CHE,2022-10-02,1740.4897
Switzerland,CHE,2022-10-09,1757.7085
Switzerland,CHE,2022-10-16,1779.2977
Switzerland,CHE,2022-10-23,1790.8646
Switzerland,CHE,2022-10-30,1812.2708
Switzerland,CHE,2022-11-06,1826.8352
Switzerland,CHE,2022-11-13,1841.3539
Switzerland,CHE,2022-11-20,1856.6277
Switzerland,CHE,2022-11-27,1878.8118
Switzerland,CHE,2022-12-04,1902.9639
Switzerland,CHE,2022-12-11,1936.1313
Switzerland,CHE,2022-12-18,1975.3855
Switzerland,CHE,2022-12-25,2020.4288
Switzerland,CHE,2023-01-01,2038.612
Switzerland,CHE,2023-01-08,2058.9265
Switzerland,CHE,2023-01-15,2062.803
Switzerland,CHE,2023-01-22,2063.2463
Switzerland,CHE,2023-01-29,2060.5977
Switzerland,CHE,2023-02-05,2046.7856
Switzerland,CHE,2023-02-12,2031.132
Switzerland,CHE,2023-02-19,2018.9569
Switzerland,CHE,2023-02-26,2001.2571
Switzerland,CHE,2023-03-05,1987.627
Switzerland,CHE,2023-03-12,1987.752
Switzerland,CHE,2023-03-19,1991.3329
Switzerland,CHE,2023-03-26,1997.4602
Switzerland,CHE,2023-04-02,2000.5863
Switzerland,CHE,2023-04-09,2001.0525
Switzerland,CHE,2023-04-16,2008.9758
Switzerland,CHE,2023-04-23,2016.0127
Switzerland,CHE,2023-04-30,2033.6671
Switzerland,CHE,2023-05-07,2042.4999
Switzerland,CHE,2023-05-14,2045.6488
Switzerland,CHE,2023-05-21,2047.5018
Switzerland,CHE,2023-05-28,2048.6272
Switzerland,CHE,2023-06-04,2052.1855
Switzerland,CHE,2023-06-11,2057.3806
Switzerland,CHE,2023-06-18,2060.666
Switzerland,CHE,2023-06-25,2061.0864
Switzerland,CHE,2023-07-02,2061.2344
Switzerland,CHE,2023-07-09,2056.9941
Switzerland,CHE,2023-07-16,2062.1665
Switzerland,CHE,2023-07-23,2064.1558
Switzerland,CHE,2023-07-30,2064.4172
Switzerland,CHE,2023-08-06,2069.0896
Switzerland,CHE,2023-08-13,2076.1262
Switzerland,CHE,2023-08-20,2097.2139
Switzerland,CHE,2023-08-27,2119.7563
Switzerland,CHE,2023-09-03,2126.7478
Switzerland,CHE,2023-09-10,2145.175
Switzerland,CHE,2023-09-17,2151.6208
Switzerland,CHE,2023-09-24,2149.836
Switzerland,CHE,2023-10-01,2150.325
Switzerland,CHE,2023-10-08,2153.61
Switzerland,CHE,2023-10-15,2159.0781
Switzerland,CHE,2023-10-22,2176.5278
Switzerland,CHE,2023-10-29,2198.866
Switzerland,CHE,2023-11-05,2216.7932
Switzerland,CHE,2023-11-12,2241.8367
Switzerland,CHE,2023-11-19,2272.1777
Switzerland,CHE,2023-11-26,2298.4717
Switzerland,CHE,2023-12-03,2328.7673
Switzerland,CHE,2023-12-10,2359.9497
Switzerland,CHE,2023-12-17,2385.4707
Switzerland,CHE,2023-12-24,2405.7168
Switzerland,CHE,2023-12-31,2417.983
Taiwan,TWN,2020-01-31,-38.72139
Taiwan,TWN,2020-02-29,25.296494
Taiwan,TWN,2020-03-31,-37.789494
Taiwan,TWN,2020-04-30,-51.709694
Taiwan,TWN,2020-05-31,-108.246925
Taiwan,TWN,2020-06-30,-122.0748
Taiwan,TWN,2020-07-31,-144.68465
Taiwan,TWN,2020-08-31,-204.78168
Taiwan,TWN,2020-09-30,-199.08095
Taiwan,TWN,2020-10-31,-257.00348
Taiwan,TWN,2020-11-30,-258.48114
Taiwan,TWN,2020-12-31,-240.8668
Taiwan,TWN,2021-01-31,-218.42505
Taiwan,TWN,2021-02-28,-220.11827
Taiwan,TWN,2021-03-31,-277.0422
Taiwan,TWN,2021-04-30,-305.9191
Taiwan,TWN,2021-05-31,-294.23422
Taiwan,TWN,2021-06-30,-201.76947
Taiwan,TWN,2021-07-31,-191.66884
Taiwan,TWN,2021-08-31,-191.29164
Taiwan,TWN,2021-09-30,-193.6638
Taiwan,TWN,2021-10-31,-223.72261
Taiwan,TWN,2021-11-30,-174.54385
Taiwan,TWN,2021-12-31,-143.52109
Taiwan,TWN,2022-01-31,-145.92732
Taiwan,TWN,2022-02-28,-155.13072
Taiwan,TWN,2022-03-31,-145.40833
Taiwan,TWN,2022-04-30,-167.1926
Taiwan,TWN,2022-05-31,-68.03131
Taiwan,TWN,2022-06-30,199.39406
Taiwan,TWN,2022-07-31,313.33768
Taiwan,TWN,2022-08-31,425.35608
Taiwan,TWN,2022-09-30,523.45435
Taiwan,TWN,2022-10-31,596.95996
Taiwan,TWN,2022-11-30,727.61957
Taiwan,TWN,2022-12-31,831.23395
Taiwan,TWN,2023-01-31,894.7063
Taiwan,TWN,2023-02-28,1027.9949
Taiwan,TWN,2023-03-31,1126.4304
Taiwan,TWN,2023-04-30,1134.2095
Taiwan,TWN,2023-05-31,1229.51
Taiwan,TWN,2023-06-30,1336.5731
Taiwan,TWN,2023-07-31,1432.2582
Taiwan,TWN,2023-08-31,1506.4579
Taiwan,TWN,2023-09-30,1516.4272
Taiwan,TWN,2023-10-31,1559.9371
Taiwan,TWN,2023-11-30,1608.321
Taiwan,TWN,2023-12-31,1620.1631
Tajikistan,TJK,2020-01-31,22.120447
Tajikistan,TJK,2020-02-29,48.683834
Tajikistan,TJK,2020-03-31,53.11631
Tajikistan,TJK,2020-04-30,78.65278
Tajikistan,TJK,2020-05-31,334.65677
Tajikistan,TJK,2020-06-30,403.6168
Tajikistan,TJK,2020-07-31,441.64383
Tajikistan,TJK,2020-08-31,530.86957
Tajikistan,TJK,2020-09-30,656.85443
Tajikistan,TJK,2020-10-31,889.30237
Tajikistan,TJK,2020-11-30,1033.9183
Tajikistan,TJK,2020-12-31,1035.2281
Tajikistan,TJK,2021-01-31,1027.4688
Tajikistan,TJK,2021-02-28,1008.07404
Tajikistan,TJK,2021-03-31,1012.556
Tajikistan,TJK,2021-04-30,1014.515
Tajikistan,TJK,2021-05-31,1021.2329
Tajikistan,TJK,2021-06-30,1069.7966
Tajikistan,TJK,2021-07-31,1430.3373
Tajikistan,TJK,2021-08-31,1641.8125
Tajikistan,TJK,2021-09-30,1673.9866
Tajikistan,TJK,2021-10-31,1698.7761
Tajikistan,TJK,2021-11-30,1730.417
Tajikistan,TJK,2021-12-31,1681.3815
Tajikistan,TJK,2022-01-31,1634.9689
Tajikistan,TJK,2022-02-28,1642.0322
Tajikistan,TJK,2022-03-31,1599.9435
Tajikistan,TJK,2022-04-30,1580.0999
Tajikistan,TJK,2022-05-31,1568.8367
Tajikistan,TJK,2022-06-30,1560.0853
Tajikistan,TJK,2022-07-31,1552.9215
Tajikistan,TJK,2022-08-31,1554.7601
Tajikistan,TJK,2022-09-30,1540.2014
Tajikistan,TJK,2022-10-31,1527.1499
Tajikistan,TJK,2022-11-30,1509.6572
Tajikistan,TJK,2022-12-31,1522.2467
Thailand,THA,2020-01-31,33.975178
Thailand,THA,2020-02-29,34.60755
Thailand,THA,2020-03-31,73.84326
Thailand,THA,2020-04-30,29.36101
Thailand,THA,2020-05-31,-1.9951065
Thailand,THA,2020-06-30,12.00966
Thailand,THA,2020-07-31,-0.7415111
Thailand,THA,2020-08-31,-9.480171
Thailand,THA,2020-09-30,-18.607733
Thailand,THA,2020-10-31,-41.97233
Thailand,THA,2020-11-30,-6.1643577
Thailand,THA,2020-12-31,47.23286
Thailand,THA,2021-01-31,68.11904
Thailand,THA,2021-02-28,40.58035
Thailand,THA,2021-03-31,107.0793
Thailand,THA,2021-04-30,89.08518
Thailand,THA,2021-05-31,130.7717
Thailand,THA,2021-06-30,194.41597
Thailand,THA,2021-07-31,302.35568
Thailand,THA,2021-08-31,512.0507
Thailand,THA,2021-09-30,618.5938
Thailand,THA,2021-10-31,655.6184
Thailand,THA,2021-11-30,759.2397
Thailand,THA,2021-12-31,881.55066
Thailand,THA,2022-01-31,918.1176
Thailand,THA,2022-02-28,939.152
Thailand,THA,2022-03-31,1089.539
Thailand,THA,2022-04-30,1245.5775
Thailand,THA,2022-05-31,1362.5099
Thailand,THA,2022-06-30,1468.5658
Thailand,THA,2022-07-31,1502.6608
Thailand,THA,2022-08-31,1665.461
Thailand,THA,2022-09-30,1759.8513
Thailand,THA,2022-10-31,1855.7534
Thailand,THA,2022-11-30,1961.5221
Thailand,THA,2022-12-31,2082.8452
Thailand,THA,2023-01-31,2188.347
Thailand,THA,2023-02-28,2232.1497
Thailand,THA,2023-03-31,2305.1052
Thailand,THA,2023-04-30,2338.315
Thailand,THA,2023-05-31,2472.8765
Thailand,THA,2023-06-30,2542.9436
Thailand,THA,2023-07-31,2534.5662
Thailand,THA,2023-08-31,2606.3938
Thailand,THA,2023-09-30,2626.108
Thailand,THA,2023-10-31,2674.8103
Thailand,THA,2023-11-30,2730.5098
Thailand,THA,2023-12-31,2781.7136
Tunisia,TUN,2020-01-31,-28.71306
Tunisia,TUN,2020-02-29,-33.005234
Tunisia,TUN,2020-03-31,-79.16646
Tunisia,TUN,2020-04-30,-132.25107
Tunisia,TUN,2020-05-31,-184.90808
Tunisia,TUN,2020-06-30,-221.39961
Tunisia,TUN,2020-07-31,-272.28055
Tunisia,TUN,2020-08-31,-266.80435
Tunisia,TUN,2020-09-30,-261.44324
Tunisia,TUN,2020-10-31,-86.846245
Tunisia,TUN,2020-11-30,53.00238
Tunisia,TUN,2020-12-31,192.94969
Tunisia,TUN,2021-01-31,363.2405
Tunisia,TUN,2021-02-28,338.02634
Tunisia,TUN,2021-03-31,338.89075
Tunisia,TUN,2021-04-30,571.9831
Tunisia,TUN,2021-05-31,771.9024
Tunisia,TUN,2021-06-30,1088.482
Tunisia,TUN,2021-07-31,1809.5321
Tunisia,TUN,2021-08-31,2310.1948
Tunisia,TUN,2021-09-30,2431.7969
Tunisia,TUN,2021-10-31,2422.37
Tunisia,TUN,2021-11-30,2398.053
Tunisia,TUN,2021-12-31,2436.4612
Tunisia,TUN,2022-01-31,2507.5923
Tunisia,TUN,2022-02-28,2654.313
Tunisia,TUN,2022-03-31,2645.791
Tunisia,TUN,2022-04-30,2585.0518
Tunisia,TUN,2022-05-31,2556.8635
Tunisia,TUN,2022-06-30,2541.3489
Tunisia,TUN,2022-07-31,2593.493
Tunisia,TUN,2022-08-31,2584.5662
Tunisia,TUN,2022-09-30,2543.3965
Tunisia,TUN,2022-10-31,2476.6682
Tunisia,TUN,2022-11-30,2419.118
Tunisia,TUN,2022-12-31,2412.1658
Tunisia,TUN,2023-01-31,2336.601
Tunisia,TUN,2023-02-28,2299.9907
Tunisia,TUN,2023-03-31,2203.2434
Tunisia,TUN,2023-04-30,2139.4702
Tunisia,TUN,2023-05-31,2082.9373
Tunisia,TUN,2023-06-30,2024.0444
Tunisia,TUN,2023-07-31,2184.5247
Tunisia,TUN,2023-08-31,2119.5637
Tunisia,TUN,2023-09-30,2049.7544
Tunisia,TUN,2023-10-31,1957.6465
Tunisia,TUN,2023-11-30,1841.7311
Turkey,TUR,2020-01-31,-20.021292
Turkey,TUR,2020-02-29,-44.411747
Turkey,TUR,2020-03-31,-50.5982
Turkey,TUR,2020-04-30,-20.716599
Turkey,TUR,2020-05-31,-28.826153
Turkey,TUR,2020-06-30,-40.682037
Turkey,TUR,2020-07-31,-15.362137
Turkey,TUR,2020-08-31,60.66883
Turkey,TUR,2020-09-30,181.19711
Turkey,TUR,2020-10-31,263.21368
Turkey,TUR,2020-11-30,515.9883
Turkey,TUR,2020-12-31,779.5978
Turkey,TUR,2021-01-31,805.6841
Turkey,TUR,2021-02-28,797.1769
Turkey,TUR,2021-03-31,848.3167
Turkey,TUR,2021-04-30,1022.0817
Turkey,TUR,2021-05-31,1138.2074
Turkey,TUR,2021-06-30,1171.5
Turkey,TUR,2021-07-31,1246.7601
Turkey,TUR,2021-08-31,1440.3162
Turkey,TUR,2021-09-30,1628.3495
Turkey,TUR,2021-10-31,1811.8744
Turkey,TUR,2021-11-30,1997.0366
Turkey,TUR,2021-12-31,2147.5496
Turkey,TUR,2022-01-31,2239.7808
Turkey,TUR,2022-02-28,2414.7104
Turkey,TUR,2022-03-31,2497.8154
Turkey,TUR,2022-04-30,2516.668
Turkey,TUR,2022-05-31,2531.4968
Turkey,TUR,2022-06-30,2527.821
Turkey,TUR,2022-07-31,2564.1704
Turkey,TUR,2022-08-31,2629.8442
Turkey,TUR,2022-09-30,2637.279
Turkey,TUR,2022-10-31,2641.9346
Turkey,TUR,2022-11-30,2662.6643
Turkey,TUR,2022-12-31,2701.751
Turkey,TUR,2023-01-31,2698.162
Turkey,TUR,2023-02-28,3243.241
Turkey,TUR,2023-03-31,3245.6672
Turkey,TUR,2023-04-30,3253.2742
Turkey,TUR,2023-05-31,3273.0886
Turkey,TUR,2023-06-30,3283.1006
Turkey,TUR,2023-07-31,3321.0889
Turkey,TUR,2023-08-31,3350.1929
Turkey,TUR,2023-09-30,3357.1194
Turkey,TUR,2023-10-31,3376.7217
Turkey,TUR,2023-11-30,3386.65
Turkey,TUR,2023-12-31,3414.577
Ukraine,UKR,2020-01-31,-67.20616
Ukraine,UKR,2020-02-29,-80.88428
Ukraine,UKR,2020-03-31,-153.22368
Ukraine,UKR,2020-04-30,-205.55386
Ukraine,UKR,2020-05-31,-338.3857
Ukraine,UKR,2020-06-30,-277.6155
Ukraine,UKR,2020-07-31,-233.07405
Ukraine,UKR,2020-08-31,-224.83893
Ukraine,UKR,2020-09-30,-76.24291
Ukraine,UKR,2020-10-31,146.6693
Ukraine,UKR,2020-11-30,498.4324
Ukraine,UKR,2020-12-31,901.1183
Ukraine,UKR,2021-01-31,940.0611
Ukraine,UKR,2021-02-28,1028.6592
Ukraine,UKR,2021-03-31,1341.7664
Ukraine,UKR,2021-04-30,1807.9722
Ukraine,UKR,2021-05-31,1968.1967
Ukraine,UKR,2021-06-30,2080.6855
Ukraine,UKR,2021-07-31,2119.8342
Ukraine,UKR,2021-08-31,2121.8098
Ukraine,UKR,2021-09-30,2277.3801
Ukraine,UKR,2021-10-31,2856.672
Ukraine,UKR,2021-11-30,3777.0232
Ukraine,UKR,2021-12-31,4109.5923
Ukraine,UKR,2022-01-31,4533.1055
United Arab Emirates,ARE,2020-01-31,-10.982757
United Arab Emirates,ARE,2020-02-29,-25.249573
United Arab Emirates,ARE,2020-03-31,-41.1315
United Arab Emirates,ARE,2020-04-30,-6.1374226
United Arab Emirates,ARE,2020-05-31,86.6238
United Arab Emirates,ARE,2020-06-30,120.54114
United Arab Emirates,ARE,2020-07-31,124.740425
United Arab Emirates,ARE,2020-08-31,126.19402
United Arab Emirates,ARE,2020-09-30,123.825195
United Arab Emirates,ARE,2020-10-31,121.24102
United Arab Emirates,ARE,2020-11-30,124.52508
United Arab Emirates,ARE,2020-12-31,122.64078
United Arab Emirates,ARE,2021-01-31,146.2123
United Arab Emirates,ARE,2021-02-28,198.72615
United Arab Emirates,ARE,2021-03-31,237.0384
United Arab Emirates,ARE,2021-04-30,255.11606
United Arab Emirates,ARE,2021-05-31,275.59625
United Arab Emirates,ARE,2021-06-30,318.23306
United Arab Emirates,ARE,2021-07-31,377.95447
United Arab Emirates,ARE,2021-08-31,403.45325
United Arab Emirates,ARE,2021-09-30,401.45648
United Arab Emirates,ARE,2021-10-31,400.20718
United Arab Emirates,ARE,2021-11-30,392.60452
United Arab Emirates,ARE,2021-12-31,386.49677
United Kingdom,GBR,2020-01-05,1.0721885
United Kingdom,GBR,2020-01-12,3.6266346
United Kingdom,GBR,2020-01-19,-1.2302513
United Kingdom,GBR,2020-01-26,-17.557556
United Kingdom,GBR,2020-02-02,-29.172625
United Kingdom,GBR,2020-02-09,-44.66485
United Kingdom,GBR,2020-02-16,-57.347622
United Kingdom,GBR,2020-02-23,-70.99074
United Kingdom,GBR,2020-03-01,-77.109184
United Kingdom,GBR,2020-03-08,-87.80566
United Kingdom,GBR,2020-03-15,-90.95659
United Kingdom,GBR,2020-03-22,-90.307915
United Kingdom,GBR,2020-03-29,-76.96602
United Kingdom,GBR,2020-04-05,24.73922
United Kingdom,GBR,2020-04-12,158.15364
United Kingdom,GBR,2020-04-19,348.69046
United Kingdom,GBR,2020-04-26,533.5219
United Kingdom,GBR,2020-05-03,662.9816
United Kingdom,GBR,2020-05-10,714.8416
United Kingdom,GBR,2020-05-17,786.0903
United Kingdom,GBR,2020-05-24,823.3244
United Kingdom,GBR,2020-05-31,849.5176
United Kingdom,GBR,2020-06-07,860.23193
United Kingdom,GBR,2020-06-14,868.2263
United Kingdom,GBR,2020-06-21,867.2138
United Kingdom,GBR,2020-06-28,861.46814
United Kingdom,GBR,2020-07-05,859.46844
United Kingdom,GBR,2020-07-12,850.0425
United Kingdom,GBR,2020-07-19,845.1796
United Kingdom,GBR,2020-07-26,841.97205
United Kingdom,GBR,2020-08-02,840.3511
United Kingdom,GBR,2020-08-09,837.52527
United Kingdom,GBR,2020-08-16,840.34515
United Kingdom,GBR,2020-08-23,847.6983
United Kingdom,GBR,2020-08-30,860.06793
United Kingdom,GBR,2020-09-06,838.1277
United Kingdom,GBR,2020-09-13,845.6121
United Kingdom,GBR,2020-09-20,848.3753
United Kingdom,GBR,2020-09-27,850.1335
United Kingdom,GBR,2020-10-04,857.8207
United Kingdom,GBR,2020-10-11,859.6683
United Kingdom,GBR,2020-10-18,869.4909
United Kingdom,GBR,2020-10-25,886.7756
United Kingdom,GBR,2020-11-01,904.68353
United Kingdom,GBR,2020-11-08,929.3915
United Kingdom,GBR,2020-11-15,961.1767
United Kingdom,GBR,2020-11-22,997.0896
United Kingdom,GBR,2020-11-29,1030.9237
United Kingdom,GBR,2020-12-06,1057.2511
United Kingdom,GBR,2020-12-13,1080.4022
United Kingdom,GBR,2020-12-20,1101.8265
United Kingdom,GBR,2020-12-27,1157.5934
United Kingdom,GBR,2021-01-03,1187.7388
United Kingdom,GBR,2021-01-10,1281.7014
United Kingdom,GBR,2021-01-17,1343.6252
United Kingdom,GBR,2021-01-24,1427.4275
United Kingdom,GBR,2021-01-31,1515.8044
United Kingdom,GBR,2021-02-07,1593.6288
United Kingdom,GBR,2021-02-14,1646.4684
United Kingdom,GBR,2021-02-21,1680.5715
United Kingdom,GBR,2021-02-28,1696.2386
United Kingdom,GBR,2021-03-07,1701.4363
United Kingdom,GBR,2021-03-14,1691.325
United Kingdom,GBR,2021-03-21,1675.0603
United Kingdom,GBR,2021-03-28,1665.5109
United Kingdom,GBR,2021-04-04,1633.1942
United Kingdom,GBR,2021-04-11,1612.8958
United Kingdom,GBR,2021-04-18,1590.1509
United Kingdom,GBR,2021-04-25,1581.5645
United Kingdom,GBR,2021-05-02,1568.0792
United Kingdom,GBR,2021-05-09,1535.5515
United Kingdom,GBR,2021-05-16,1544.3757
United Kingdom,GBR,2021-05-23,1538.2357
United Kingdom,GBR,2021-05-30,1532.6904
United Kingdom,GBR,2021-06-06,1526.4702
United Kingdom,GBR,2021-06-13,1529.584
United Kingdom,GBR,2021-06-20,1530.1503
United Kingdom,GBR,2021-06-27,1519.4504
United Kingdom,GBR,2021-07-04,1511.8063
United Kingdom,GBR,2021-07-11,1520.262
United Kingdom,GBR,2021-07-18,1527.0825
United Kingdom,GBR,2021-07-25,1537.9608
United Kingdom,GBR,2021-08-01,1555.5869
United Kingdom,GBR,2021-08-08,1573.5608
United Kingdom,GBR,2021-08-15,1593.6927
United Kingdom,GBR,2021-08-22,1609.9841
United Kingdom,GBR,2021-08-29,1627.4794
United Kingdom,GBR,2021-09-05,1638.7678
United Kingdom,GBR,2021-09-12,1668.8759
United Kingdom,GBR,2021-09-19,1697.7979
United Kingdom,GBR,2021-09-26,1722.029
United Kingdom,GBR,2021-10-03,1742.1075
United Kingdom,GBR,2021-10-10,1764.8405
United Kingdom,GBR,2021-10-17,1788.4266
United Kingdom,GBR,2021-10-24,1812.7233
United Kingdom,GBR,2021-10-31,1834.5585
United Kingdom,GBR,2021-11-07,1862.5144
United Kingdom,GBR,2021-11-14,1891.912
United Kingdom,GBR,2021-11-21,1919.6538
United Kingdom,GBR,2021-11-28,1938.4005
United Kingdom,GBR,2021-12-05,1960.4558
United Kingdom,GBR,2021-12-12,1980.989
United Kingdom,GBR,2021-12-19,2006.4122
United Kingdom,GBR,2021-12-26,2028.0187
United Kingdom,GBR,2022-01-02,2028.3967
United Kingdom,GBR,2022-01-09,2030.9149
United Kingdom,GBR,2022-01-16,2021.7665
United Kingdom,GBR,2022-01-23,2012.0996
United Kingdom,GBR,2022-01-30,2003.7037
United Kingdom,GBR,2022-02-06,1996.8779
United Kingdom,GBR,2022-02-13,1990.3041
United Kingdom,GBR,2022-02-20,1981.9733
United Kingdom,GBR,2022-02-27,1973.2218
United Kingdom,GBR,2022-03-06,1972.7449
United Kingdom,GBR,2022-03-13,1967.0242
United Kingdom,GBR,2022-03-20,1962.5922
United Kingdom,GBR,2022-03-27,1966.2153
United Kingdom,GBR,2022-04-03,1963.1461
United Kingdom,GBR,2022-04-10,1970.3955
United Kingdom,GBR,2022-04-17,1959.7125
United Kingdom,GBR,2022-04-24,1963.2439
United Kingdom,GBR,2022-05-01,1994.6738
United Kingdom,GBR,2022-05-08,1993.1125
United Kingdom,GBR,2022-05-15,2031.9192
United Kingdom,GBR,2022-05-22,2052.509
United Kingdom,GBR,2022-05-29,2065.885
United Kingdom,GBR,2022-06-05,2041.2603
United Kingdom,GBR,2022-06-12,2068.8062
United Kingdom,GBR,2022-06-19,2091.2952
United Kingdom,GBR,2022-06-26,2113.3396
United Kingdom,GBR,2022-07-03,2130.0752
United Kingdom,GBR,2022-07-10,2145.762
United Kingdom,GBR,2022-07-17,2165.4631
United Kingdom,GBR,2022-07-24,2194.9407
United Kingdom,GBR,2022-07-31,2226.4624
United Kingdom,GBR,2022-08-07,2252.302
United Kingdom,GBR,2022-08-14,2271.923
United Kingdom,GBR,2022-08-21,2301.9072
United Kingdom,GBR,2022-08-28,2328.603
United Kingdom,GBR,2022-09-04,2337.8254
United Kingdom,GBR,2022-09-11,2362.382
United Kingdom,GBR,2022-09-18,2383.461
United Kingdom,GBR,2022-09-25,2374.1792
United Kingdom,GBR,2022-10-02,2399.2573
United Kingdom,GBR,2022-10-09,2426.1663
United Kingdom,GBR,2022-10-16,2455.4514
United Kingdom,GBR,2022-10-23,2487.7551
United Kingdom,GBR,2022-10-30,2512.5251
United Kingdom,GBR,2022-11-06,2543.4248
United Kingdom,GBR,2022-11-13,2562.7705
United Kingdom,GBR,2022-11-20,2582.7026
United Kingdom,GBR,2022-11-27,2600.2913
United Kingdom,GBR,2022-12-04,2614.7488
United Kingdom,GBR,2022-12-11,2630.9036
United Kingdom,GBR,2022-12-18,2655.1462
United Kingdom,GBR,2022-12-25,2703.8333
United Kingdom,GBR,2023-01-01,2718.5623
United Kingdom,GBR,2023-01-08,2766.2778
United Kingdom,GBR,2023-01-15,2825.854
United Kingdom,GBR,2023-01-22,2867.6555
United Kingdom,GBR,2023-01-29,2888.0771
United Kingdom,GBR,2023-02-05,2905.251
United Kingdom,GBR,2023-02-12,2915.6042
United Kingdom,GBR,2023-02-19,2921.3574
United Kingdom,GBR,2023-02-26,2926.1895
United Kingdom,GBR,2023-03-05,2937.762
United Kingdom,GBR,2023-03-12,2935.5903
United Kingdom,GBR,2023-03-19,2948.3884
United Kingdom,GBR,2023-03-26,2972.876
United Kingdom,GBR,2023-04-02,2994.6353
United Kingdom,GBR,2023-04-09,2990.8484
United Kingdom,GBR,2023-04-16,2982.6091
United Kingdom,GBR,2023-04-23,3012.8513
United Kingdom,GBR,2023-04-30,3038.2717
United Kingdom,GBR,2023-05-07,3040.7031
United Kingdom,GBR,2023-05-14,3052.3645
United Kingdom,GBR,2023-05-21,3074.6877
United Kingdom,GBR,2023-05-28,3091.2827
United Kingdom,GBR,2023-06-04,3099.8853
United Kingdom,GBR,2023-06-11,3113.6252
United Kingdom,GBR,2023-06-18,3133.8696
United Kingdom,GBR,2023-06-25,3149.6707
United Kingdom,GBR,2023-07-02,3164.9045
United Kingdom,GBR,2023-07-09,3172.8042
United Kingdom,GBR,2023-07-16,3183.184
United Kingdom,GBR,2023-07-23,3191.0986
United Kingdom,GBR,2023-07-30,3201.0798
United Kingdom,GBR,2023-08-06,3215.8796
United Kingdom,GBR,2023-08-13,3229.2358
United Kingdom,GBR,2023-08-20,3243.9148
United Kingdom,GBR,2023-08-27,3258.136
United Kingdom,GBR,2023-09-03,3260.0212
United Kingdom,GBR,2023-09-10,3275.2256
United Kingdom,GBR,2023-09-17,3289.2668
United Kingdom,GBR,2023-09-24,3306.4731
United Kingdom,GBR,2023-10-01,3314.7861
United Kingdom,GBR,2023-10-08,3322.547
United Kingdom,GBR,2023-10-15,3332.602
United Kingdom,GBR,2023-10-22,3340.4988
United Kingdom,GBR,2023-10-29,3350.7637
United Kingdom,GBR,2023-11-05,3367.4622
United Kingdom,GBR,2023-11-12,3386.0796
United Kingdom,GBR,2023-11-19,3399.8196
United Kingdom,GBR,2023-11-26,3415.7415
United Kingdom,GBR,2023-12-03,3430.447
United Kingdom,GBR,2023-12-10,3439.6252
United Kingdom,GBR,2023-12-17,3456.9082
United Kingdom,GBR,2023-12-24,3482.373
United Kingdom,GBR,2023-12-31,3472.6426
United States,USA,2020-01-05,-5.700086
United States,USA,2020-01-12,-13.174288
United States,USA,2020-01-19,-21.369457
United States,USA,2020-01-26,-26.844511
United States,USA,2020-02-02,-31.324753
United States,USA,2020-02-09,-34.673847
United States,USA,2020-02-16,-38.435505
United States,USA,2020-02-23,-40.065845
United States,USA,2020-03-01,-39.479134
United States,USA,2020-03-08,-38.77633
United States,USA,2020-03-15,-38.300358
United States,USA,2020-03-22,-35.142376
United States,USA,2020-03-29,-18.09449
United States,USA,2020-04-05,26.729618
United States,USA,2020-04-12,93.216385
United States,USA,2020-04-19,155.50064
United States,USA,2020-04-26,211.61241
United States,USA,2020-05-03,254.17004
United States,USA,2020-05-10,291.1059
United States,USA,2020-05-17,322.61282
United States,USA,2020-05-24,346.95837
United States,USA,2020-05-31,366.1358
United States,USA,2020-06-07,382.349
United States,USA,2020-06-14,396.53687
United States,USA,2020-06-21,411.38797
United States,USA,2020-06-28,428.15485
United States,USA,2020-07-05,447.96808
United States,USA,2020-07-12,475.35703
United States,USA,2020-07-19,506.7925
United States,USA,2020-07-26,542.35016
United States,USA,2020-08-02,577.5018
United States,USA,2020-08-09,610.6738
United States,USA,2020-08-16,644.58356
United States,USA,2020-08-23,675.5011
United States,USA,2020-08-30,701.0385
United States,USA,2020-09-06,723.2974
United States,USA,2020-09-13,743.1279
United States,USA,2020-09-20,763.12573
United States,USA,2020-09-27,784.97626
United States,USA,2020-10-04,802.82904
United States,USA,2020-10-11,825.1284
United States,USA,2020-10-18,843.2223
United States,USA,2020-10-25,864.80194
United States,USA,2020-11-01,889.66724
United States,USA,2020-11-08,925.27844
United States,USA,2020-11-15,963.29895
United States,USA,2020-11-22,1008.9822
United States,USA,2020-11-29,1058.7583
United States,USA,2020-12-06,1117.7229
United States,USA,2020-12-13,1187.3656
United States,USA,2020-12-20,1259.1777
United States,USA,2020-12-27,1332.8585
United States,USA,2021-01-03,1409.9348
United States,USA,2021-01-10,1481.7635
United States,USA,2021-01-17,1551.2094
United States,USA,2021-01-24,1613.0344
United States,USA,2021-01-31,1664.844
United States,USA,2021-02-07,1710.5859
United States,USA,2021-02-14,1740.7758
United States,USA,2021-02-21,1766.5305
United States,USA,2021-02-28,1786.0211
United States,USA,2021-03-07,1797.4072
United States,USA,2021-03-14,1802.4194
United States,USA,2021-03-21,1805.7545
United States,USA,2021-03-28,1811.5376
United States,USA,2021-04-04,1813.5884
United States,USA,2021-04-11,1822.6814
United States,USA,2021-04-18,1827.6538
United States,USA,2021-04-25,1838.4518
United States,USA,2021-05-02,1850.4023
United States,USA,2021-05-09,1860.1172
United States,USA,2021-05-16,1869.9075
United States,USA,2021-05-23,1882.0366
United States,USA,2021-05-30,1891.3682
United States,USA,2021-06-06,1901.6427
United States,USA,2021-06-13,1910.2799
United States,USA,2021-06-20,1919.8209
United States,USA,2021-06-27,1929.0616
United States,USA,2021-07-04,1940.6512
United States,USA,2021-07-11,1950.3639
United States,USA,2021-07-18,1961.4414
United States,USA,2021-07-25,1976.7219
United States,USA,2021-08-01,1998.3135
United States,USA,2021-08-08,2029.6427
United States,USA,2021-08-15,2070.343
United States,USA,2021-08-22,2120.6482
United States,USA,2021-08-29,2177.6025
United States,USA,2021-09-05,2237.5913
United States,USA,2021-09-12,2297.5078
United States,USA,2021-09-19,2355.4456
United States,USA,2021-09-26,2410.01
United States,USA,2021-10-03,2461.3562
United States,USA,2021-10-10,2504.462
United States,USA,2021-10-17,2541.567
United States,USA,2021-10-24,2576.4736
United States,USA,2021-10-31,2608.3713
United States,USA,2021-11-07,2640.4053
United States,USA,2021-11-14,2673.2756
United States,USA,2021-11-21,2703.3345
United States,USA,2021-11-28,2735.6755
United States,USA,2021-12-05,2773.7585
United States,USA,2021-12-12,2814.6897
United States,USA,2021-12-19,2850.2327
United States,USA,2021-12-26,2888.0186
United States,USA,2022-01-02,2918.4998
United States,USA,2022-01-09,2966.592
United States,USA,2022-01-16,3026.881
United States,USA,2022-01-23,3092.2217
United States,USA,2022-01-30,3159.0837
United States,USA,2022-02-06,3216.842
United States,USA,2022-02-13,3261.759
United States,USA,2022-02-20,3289.7954
United States,USA,2022-02-27,3305.4163
United States,USA,2022-03-06,3317.0903
United States,USA,2022-03-13,3320.0793
United States,USA,2022-03-20,3322.0776
United States,USA,2022-03-27,3319.1807
United States,USA,2022-04-03,3317.3604
United States,USA,2022-04-10,3315.0854
United States,USA,2022-04-17,3314.198
United States,USA,2022-04-24,3312.4866
United States,USA,2022-05-01,3315.1067
United States,USA,2022-05-08,3318.3496
United States,USA,2022-05-15,3324.523
United States,USA,2022-05-22,3331.362
United States,USA,2022-05-29,3337.9446
United States,USA,2022-06-05,3346.5337
United States,USA,2022-06-12,3355.9392
United States,USA,2022-06-19,3365.054
United States,USA,2022-06-26,3376.4707
United States,USA,2022-07-03,3387.6587
United States,USA,2022-07-10,3398.316
United States,USA,2022-07-17,3411.1309
United States,USA,2022-07-24,3428.3457
United States,USA,2022-07-31,3443.4258
United States,USA,2022-08-07,3459.3323
United States,USA,2022-08-14,3473.128
United States,USA,2022-08-21,3487.3755
United States,USA,2022-08-28,3501.3772
United States,USA,2022-09-04,3513.74
United States,USA,2022-09-11,3527.1895
United States,USA,2022-09-18,3538.6382
United States,USA,2022-09-25,3551.4473
United States,USA,2022-10-02,3562.948
United States,USA,2022-10-09,3575.8677
United States,USA,2022-10-16,3587.897
United States,USA,2022-10-23,3600.2551
United States,USA,2022-10-30,3611.209
United States,USA,2022-11-06,3624.7283
United States,USA,2022-11-13,3636.731
United States,USA,2022-11-20,3649.1133
United States,USA,2022-11-27,3669.6577
United States,USA,2022-12-04,3692.7976
United States,USA,2022-12-11,3716.6523
United States,USA,2022-12-18,3735.7366
United States,USA,2022-12-25,3758.817
United States,USA,2023-01-01,3767.0854
United States,USA,2023-01-08,3781.2686
United States,USA,2023-01-15,3784.3486
United States,USA,2023-01-22,3784.3516
United States,USA,2023-01-29,3782.5627
United States,USA,2023-02-05,3783.5452
United States,USA,2023-02-12,3784.0657
United States,USA,2023-02-19,3782.8315
United States,USA,2023-02-26,3784.3623
United States,USA,2023-03-05,3784.695
United States,USA,2023-03-12,3782.278
United States,USA,2023-03-19,3783.4985
United States,USA,2023-03-26,3784.981
United States,USA,2023-04-02,3787.211
United States,USA,2023-04-09,3786.418
United States,USA,2023-04-16,3788.7793
United States,USA,2023-04-23,3790.041
United States,USA,2023-04-30,3791.8657
United States,USA,2023-05-07,3794.6099
United States,USA,2023-05-14,3798.4082
United States,USA,2023-05-21,3800.1953
United States,USA,2023-05-28,3800.7888
United States,USA,2023-06-04,3805.0554
United States,USA,2023-06-11,3807.1753
United States,USA,2023-06-18,3809.9678
United States,USA,2023-06-25,3811.986
United States,USA,2023-07-02,3814.2148
United States,USA,2023-07-09,3816.3596
United States,USA,2023-07-16,3818.7483
United States,USA,2023-07-23,3821.9678
United States,USA,2023-07-30,3825.8337
United States,USA,2023-08-06,3830.5044
United States,USA,2023-08-13,3836.4338
United States,USA,2023-08-20,3843.2188
United States,USA,2023-08-27,3849.6882
United States,USA,2023-09-03,3854.4124
United States,USA,2023-09-10,3861.4324
United States,USA,2023-09-17,3866.1235
United States,USA,2023-09-24,3871.4595
United States,USA,2023-10-01,3876.979
United States,USA,2023-10-08,3883.2925
United States,USA,2023-10-15,3889.241
United States,USA,2023-10-22,3894.7664
United States,USA,2023-10-29,3899.0386
United States,USA,2023-11-05,3904.3752
United States,USA,2023-11-12,3912.0176
United States,USA,2023-11-19,3916.776
United States,USA,2023-11-26,3919.667
United States,USA,2023-12-03,3929.517
United States,USA,2023-12-10,3940.3992
United States,USA,2023-12-17,3946.6785
United States,USA,2023-12-24,3957.122
United States,USA,2023-12-31,3967.7212
Uruguay,URY,2020-01-31,-35.694603
Uruguay,URY,2020-02-29,-20.70522
Uruguay,URY,2020-03-31,-35.40298
Uruguay,URY,2020-04-30,-56.458134
Uruguay,URY,2020-05-31,-133.50487
Uruguay,URY,2020-06-30,-311.39478
Uruguay,URY,2020-07-31,-431.66
Uruguay,URY,2020-08-31,-563.06525
Uruguay,URY,2020-09-30,-640.5786
Uruguay,URY,2020-10-31,-688.52136
Uruguay,URY,2020-11-30,-715.93396
Uruguay,URY,2020-12-31,-668.51605
Uruguay,URY,2021-01-31,-559.2678
Uruguay,URY,2021-02-28,-519.57446
Uruguay,URY,2021-03-31,-407.44067
Uruguay,URY,2021-04-30,126.49347
Uruguay,URY,2021-05-31,646.12634
Uruguay,URY,2021-06-30,967.64264
Uruguay,URY,2021-07-31,999.5141
Uruguay,URY,2021-08-31,984.04535
Uruguay,URY,2021-09-30,922.112
Uruguay,URY,2021-10-31,935.0123
Uruguay,URY,2021-11-30,962.33075
Uruguay,URY,2021-12-31,1048.4886
Uruguay,URY,2022-01-31,1353.8932
Uruguay,URY,2022-02-28,1710.1808
Uruguay,URY,2022-03-31,1804.1683
Uruguay,URY,2022-04-30,1878.0552
Uruguay,URY,2022-05-31,1955.7402
Uruguay,URY,2022-06-30,2129.3118
Uruguay,URY,2022-07-31,2177.7224
Uruguay,URY,2022-08-31,2165.3057
Uruguay,URY,2022-09-30,2110.4675
Uruguay,URY,2022-10-31,2120.3132
Uruguay,URY,2022-11-30,2101.9365
Uruguay,URY,2022-12-31,2126.0981
Uruguay,URY,2023-01-31,2158.1277
Uruguay,URY,2023-02-28,2147.6401
Uruguay,URY,2023-03-31,2130.492
Uruguay,URY,2023-04-30,2161.312
Uruguay,URY,2023-05-31,2139.8403
Uzbekistan,UZB,2020-01-31,24.678877
Uzbekistan,UZB,2020-02-29,30.548826
Uzbekistan,UZB,2020-03-31,1.9685825
Uzbekistan,UZB,2020-04-30,-43.809902
Uzbekistan,UZB,2020-05-31,-80.53292
Uzbekistan,UZB,2020-06-30,-35.935574
Uzbekistan,UZB,2020-07-31,67.96384
Uzbekistan,UZB,2020-08-31,316.22595
Uzbekistan,UZB,2020-09-30,381.0699
Uzbekistan,UZB,2020-10-31,487.89233
Uzbekistan,UZB,2020-11-30,524.99115
Uzbekistan,UZB,2020-12-31,556.9598
Uzbekistan,UZB,2021-01-31,593.93304
Uzbekistan,UZB,2021-02-28,628.04254
Uzbekistan,UZB,2021-03-31,627.1183
Uzbekistan,UZB,2021-04-30,604.84515
Uzbekistan,UZB,2021-05-31,586.46277
Uzbekistan,UZB,2021-06-30,653.76917
Uzbekistan,UZB,2021-07-31,764.24274
Uzbekistan,UZB,2021-08-31,1021.9225
Uzbekistan,UZB,2021-09-30,1093.0961
Uzbekistan,UZB,2021-10-31,1140.3387
Uzbekistan,UZB,2021-11-30,1139.6786
Uzbekistan,UZB,2021-12-31,1048.3533
Uzbekistan,UZB,2022-01-31,1073.775
Uzbekistan,UZB,2022-02-28,1103.4998
Uzbekistan,UZB,2022-03-31,1111.3923
Uzbekistan,UZB,2022-04-30,1097.7529
Uzbekistan,UZB,2022-05-31,1090.1665
Uzbekistan,UZB,2022-06-30,1160.5929
Uzbekistan,UZB,2022-07-31,1256.496
Uzbekistan,UZB,2022-08-31,1438.4865
Uzbekistan,UZB,2022-09-30,1504.2576
Uzbekistan,UZB,2022-10-31,1546.6486
Uzbekistan,UZB,2022-11-30,1540.9681
Uzbekistan,UZB,2022-12-31,1438.2266
Uzbekistan,UZB,2023-01-31,1432.1774
Uzbekistan,UZB,2023-02-28,1468.0664
Uzbekistan,UZB,2023-03-31,1450.8328
Uzbekistan,UZB,2023-04-30,1440.4073
Uzbekistan,UZB,2023-05-31,1440.2651
Uzbekistan,UZB,2023-06-30,1501.1627
Uzbekistan,UZB,2023-07-31,1600.2017
Uzbekistan,UZB,2023-08-31,1781.1996
Uzbekistan,UZB,2023-09-30,1854.4053
Uzbekistan,UZB,2023-10-31,1900.2363
Uzbekistan,UZB,2023-11-30,1909.8484
Uzbekistan,UZB,2023-12-31,1821.1212